id	utterance	targetValue	context	error
20	which album released by the band schnell fenster produced the most singles appearing on the australian peak chart?	The Sound Of Trees	csv/202-csv/184.csv	empty table
30	what was the average number of years served by a coach?	4	csv/203-csv/577.csv	No valid columns found in response: ['Coach Years']. Available: ['Tenure', 'Pct.', 'Record', 'Coach', 'Years']
37	what is the total amount of processors that have both an integrated color display and an enhanced keyboard?	4	csv/203-csv/136.csv	No valid columns found in response: ['Integrated color display', 'enhanced keyboard']. Available: ['Processor', 'Year', 'HD Interface', 'IBM Model Number', 'Notes', 'Name', 'Case', 'Bus']
44	what is the difference in league debut date between farrell and carne?	1	csv/204-csv/387.csv	No valid columns found in response: ['Farrell', 'Carne']. Available: ['Rugby Union Debut', 'Country', 'Top representation level', 'Rugby League Debut', 'Top union level', 'Top rugby league level', 'Name']
70	how long was joseph black a coach?	1 year	csv/203-csv/577.csv	No valid columns found in response: ['Coach Years']. Available: ['Tenure', 'Pct.', 'Record', 'Coach', 'Years']
80	has the dominican republic won more or less medals than china?	less	csv/203-csv/535.csv	No valid columns found in response: ['Dominican Republic', 'China']. Available: ['Gold', 'Silver', 'Total', 'Nation', 'Rank', 'Bronze']
91	how many songs charted above the 10th position on any chart?	3	csv/204-csv/654.csv	empty table
92	who was the first to take office?	Jaafar Mohamed	csv/204-csv/668.csv	No valid columns found in response: ['# Took office']. Available: ['Menteri Besar', '#', 'Party', 'Took office', 'Left office']
109	how many total points did russia win in this competition?	119	csv/204-csv/809.csv	empty table
105	what is the total of conservatives	94	csv/204-csv/223.csv	No valid columns found in response: ['Conservatives']. Available: ['Election result', 'Party', 'New council', 'Previous council', 'Seats up for election', 'Staying councillors']
111	how long after fairfield was no. 1 built?	33 years	csv/204-csv/476.csv	No valid columns found in response: ['Fairfield', 'No.1']. Available: ['Builder', 'Works No.', 'Notes', 'Wheels', 'Withdrawn', 'Date built', 'Name', 'Cylinders']
113	which university has the least in endowment?	Brown University	csv/203-csv/592.csv	No valid columns found in response: ['Endowment (and US rank)']. Available: ['Graduate enrollment', 'Total enrollment', '2013 Endowment (and US rank)', 'Academic staff', 'Undergraduate enrollment', 'Athletic nickname', 'Motto', 'Institution', 'Location']
122	the team's record in 2011 was the same was it's record in what year	2009	csv/204-csv/32.csv	No valid columns found in response: ['W–L Finish']. Available: ['Finish', 'Home', 'Road', 'Avg Attendance', 'Division', 'GA', 'GF', 'Coach', 'Season', 'W–L', 'Playoffs']
121	what property comes before tensile elongation?	Tensile Modulus	csv/204-csv/229.csv	No valid columns found in response: ['Tensile Modulus', 'Tensile Elongation']. Available: ['4301', 'units', 'Property', 'Test method', '4645', '4435', '4630', '4275']
152	what is the next highest hard drive available after the 30gb model?	64GB SSD	csv/204-csv/451.csv	No valid columns found in response: ['Hard Drive']. Available: ['Model 01+', 'Component', 'Model e2', 'Model 01', 'model 03 (China Copy)', 'Model 2+ (Pre-production)', 'Model 02']
172	"what was her peak ranking in the us for the single ""it wasn't god who made honky tonk angles""?"	27	csv/204-csv/500.csv	empty table
176	how long was the marathon for camilla benjaminsson?	1:20:00	csv/204-csv/31.csv	"No valid columns found in response: [""Women's winner Time (h:m:s).1""]. Available: ['Year', 'Time (h:m:s).1', ""Men's winner"", 'Edition', ""Women's winner"", 'Time (h:m:s)']"
186	what is the total number of fdrcs that the ppopp has been a part of?	3	csv/204-csv/916.csv	No valid columns found in response: ['PPoPP']. Available: ['2011', '-', '1996', '2015', '1999', 'CCC', 'IEEE Conference on Computational Complexity', '2007', '1993']
195	which three artists had a single at number 1 for at least 7 weeks on the australian singles charts in 1977?	Julie Covington|Pussyfoot|Andy Gibb	csv/203-csv/197.csv	empty table
194	in terms of gross what movie is above toy story 3?	Pirates of the Caribbean: At World's End	csv/203-csv/174.csv	"No valid columns found in response: ['Toy Story 3', ""Pirates of the Caribbean: At World's End""]. Available: ['Inflation-adjusted (2014 USD)', 'Opening Weekend (three day)', 'Year', 'Film', 'Rank']"
212	how many consecutive songs were by the album leaf?	6	csv/203-csv/357.csv	empty table
216	which track is at the top of the us chart?	You're Gettin' to Me Again	csv/203-csv/830.csv	empty table
243	what is the average score of all home team members for all dates?	1.75	csv/203-csv/24.csv	No valid columns found in response: ['Home team Score']. Available: ['Away team', 'Date', 'Notes', 'Score', 'Home team']
259	what was the first song that this producer helped write?	Cheat on you	csv/204-csv/927.csv	empty table
255	which year had the largest agricultural volume?	2010/11	csv/204-csv/666.csv	No valid columns found in response: ['Agricultural - Volume (thousand tons)']. Available: ['2009/10', 'IME Exchange (Including spot, credit and forward transactions)', '2010/11', '2007/08', '2011/12', '2008/09']
261	what episode had the most viewers?	Episode Ten	csv/204-csv/449.csv	empty table
262	does december or january have more snow days?	January	csv/201-csv/3.csv	No valid columns found in response: ['Avg. snowy days']. Available: ['Jun', 'Feb', 'Sep', 'Year', 'Nov', 'Dec', 'Mar', 'Aug', 'May', 'Jul', 'Jan', 'Apr', 'Month', 'Oct']
270	is the united stated or scotland better?	United States	csv/204-csv/396.csv	No valid columns found in response: ['United States', 'Scotland']. Available: ['PGA', 'Country', 'The Open', 'Total', 'U.S. Open', 'Masters']
282	the drawwith the larges total	6	csv/203-csv/430.csv	empty table
290	which hispanic population had the greatest growth from 2000 to 2005?	White	csv/204-csv/990.csv	No valid columns found in response: ['Growth 2000–05 (total population)', 'Growth 2000–05 (non-Hispanic only)', 'Growth 2000–05 (Hispanic only)']. Available: ['By race', 'White', 'Black', 'AIAN*', 'NHPI*', 'Asian']
306	did chicago win more or less than cal-berkeley?	More	csv/204-csv/879.csv	No valid columns found in response: ['Chicago', 'Cal-Berkeley']. Available: ['Year', 'Division I Undergraduate', 'Host / Location', 'Division II Community College', 'Division I Overall', 'Division II Overall']
338	what was the next number to be retired after february 6, 2000?	35	csv/203-csv/754.csv	No valid columns found in response: ['Date', 'No. Retired']. Available: ['Date No. Retired', 'Career', 'Player', 'No.', 'Position']
347	did he win more at the australian open or indian wells?	Australian Open	csv/203-csv/827.csv	No valid columns found in response: ['Australian Open', 'Indian Wells']. Available: ['1991', '2001', '2004', '2008', '1999', '1998', '2005', '1997', '1995', 'Career Win-Loss', '2006', '2003', 'Career SR', '2009', 'Name', '2002', '1990', '2000', '2010', '1992', '1993', '2007', '1996', '1989', '1994']
356	how many games attendance was under 1000?	6	csv/204-csv/146.csv	No valid columns found in response: ['Away Team Attendance']. Available: ['Score', 'Tie', 'Attendance', 'Away Team', 'Home Team']
351	compared to the oval, holm park holds more or less attendees at capacity?	less	csv/203-csv/420.csv	No valid columns found in response: ['Stadium Capacity', 'The Oval', 'Holm Park']. Available: ['City', 'Stadium', '#', 'Home team', 'Capacity']
370	"in what year did the track, ""wide open road"" come out?"	1986	csv/203-csv/426.csv	empty table
371	what is the date of the first episode?	22 October 1976	csv/204-csv/494.csv	empty table
374	how many times does bruce springsteen perform?	2	csv/204-csv/333.csv	empty table
375	what is the name of the last album released by natalia lesz?	That Girl	csv/204-csv/365.csv	empty table
387	what was the first number one song of 2014?	Timber	csv/204-csv/333.csv	empty table
397	how many provinces have the same number of districts as kabul?	4	csv/204-csv/704.csv	No valid columns found in response: ['Provinces', 'districts']. Available: ['Centers', 'U.N. Region', 'Area (km²)', 'Province', 'Notes', 'Map #', 'Population', 'Language', 'ISO 3166-2:AF']
419	"what is the title before the episode ""target""?"	Cat Amongst the Pigeons	csv/204-csv/494.csv	empty table
421	how many different men held the wsl title before horshu won his first wsl title?	6	csv/204-csv/684.csv	No valid columns found in response: ['Wrestler']. Available: ['Date:', 'Wrestler:', 'Location:', 'Times:', 'Notes:']
430	how many seasons did the team finish above .500 for winning percentage?	2	csv/204-csv/32.csv	No valid columns found in response: ['W–L Finish']. Available: ['Finish', 'Home', 'Road', 'Avg Attendance', 'Division', 'GA', 'GF', 'Coach', 'Season', 'W–L', 'Playoffs']
439	how many total events will occur in all?	46	csv/204-csv/206.csv	No valid columns found in response: ['Saros Member']. Available: ['Location Lat,Long', 'Duration (min:sec)', 'Ref', 'Date', 'Saros', 'Gamma', 'Width (km)', 'Mag.', 'Time (Greatest) UTC', 'Type', 'Member']
440	"how many zip codes start with ""80"" or ""81""?"	40	csv/204-csv/279.csv	No valid columns found in response: ['ZIP code']. Available: ['Name of place', 'ZIP code Lower', 'Number of counties', 'Principal county', 'ZIP code Upper']
452	how long is the song from the lion king?	3:40	csv/204-csv/573.csv	empty table
458	how many were played on a hard surface?	7	csv/204-csv/94.csv	No valid columns found in response: ['Tournament Surface']. Available: ['Tournament', 'Opponent in the final', 'Score in the final', 'Date', 'Partnering', 'Surface', 'Outcome']
480	which choke has the least constriction?	Cylinder	csv/203-csv/112.csv	No valid columns found in response: ['Choke Constriction (Inch)']. Available: ['Identification (Stars) (Spanish shotguns)', 'Constriction (Inch)', 'Percentage of lead shot in 30-inch circle at 40 yards', 'Identification (Notches)', 'Choke']
492	how many songs are at most 3 minutes long?	3	csv/203-csv/353.csv	empty table
495	what is the last track on the album?	Son Of Niah	csv/203-csv/701.csv	empty table
512	what is the average number of times johan museeuw starred?	5	csv/204-csv/156.csv	No valid columns found in response: ['Johan Museeuw']. Available: ['Year', 'Best Manager', 'Best Young Rider', 'Crystal Drop of Sweat (Best Helper)', 'Crystal Bicycle (Best Professional Cyclist)']
550	what is the previous performer before the cheetah girls?	Miley Cyrus	csv/204-csv/573.csv	empty table
555	how many episodes were directed by perry lang	2	csv/203-csv/306.csv	empty table
559	"what is the single/ep listed after ""bleach""?"	You & Me	csv/203-csv/545.csv	empty table
569	what is the number of tracks that have no songwriters?	3	csv/204-csv/906.csv	empty table
573	"which artist had the draw immediately before the song ""count on me""?"	Dreams	csv/203-csv/695.csv	empty table
597	what is the total number of weeks ed sheeran was number 1?	7	csv/204-csv/333.csv	empty table
602	"who was the only nominee for the episode ""the triangle""?"	Douglas Hines	csv/204-csv/787.csv	empty table
606	how many of the changes happened before june of 1986?	3 changes	csv/203-csv/400.csv	No valid columns found in response: ['Successor Date']. Available: ['District', 'Vacator', 'Reason for change', 'Successor', 'Date successor seated']
610	which album produced the most singles?	Country Hit Parade	csv/204-csv/500.csv	empty table
619	how many of these attacks lasted at least 2 days?	5	csv/204-csv/514.csv	No valid columns found in response: ['Duration']. Available: ['Description', 'Hurt', 'Dead', 'Sub', 'Date', 'Pax.', 'Type', 'Flight', 'Perpetrator']
622	how many gold and bronze medals were achieved overall?	30	csv/203-csv/496.csv	No valid columns found in response: ['Gold', 'Bronze']. Available: ['Silver:', 'Bronze:', 'Pos', 'Country:', 'Total:', 'Gold:']
652	who scored the most points?	Manuela Bravo	csv/203-csv/22.csv	empty table
656	how many tracks are listed in this table?	16	csv/204-csv/184.csv	empty table
657	how long was the teams longest losing streak?	5 games	csv/204-csv/151.csv	No valid columns found in response: ['Results', 'Record']. Available: ['Kickoff', 'Opponent', 'Results Score', 'Day', 'Results Record', 'Date', 'Attendance', 'Game', 'Location']
668	what is the total number dallara chassis listed in the table?	5	csv/203-csv/99.csv	No valid columns found in response: ['Team Chassis']. Available: ['Race Distance Miles (km)', 'Date', 'Average Speed (mph)', 'Report', 'Team', 'Race Distance Laps', 'Season', 'Chassis', 'Race Time', 'Engine', 'Driver']
689	how many more seats does at&t stadium have than ford field?	15,000	csv/204-csv/392.csv	No valid columns found in response: ['Stadium Capacity']. Available: ['Domed or Retractable roof', 'City', 'Stadium', 'Country', '#', 'Capacity']
683	what is the total of deaths in internment camps and during the wartime flight?	173,805	csv/203-csv/234.csv	No valid columns found in response: ['In Internment Camps', 'During the wartime Flight']. Available: ['Description', 'SE Europe (Hungary, Romania, Yugoslavia & Slovakia)', 'Baltic States(Resettled in Poland during war)', 'Sudetendeutsch', 'Resettled in Poland during war(from USSR and Romania)', 'Poland', 'Total']
680	what country had the most receipts per capita in 2005?	Dominican Republic	csv/203-csv/54.csv	No valid columns found in response: ['Receipts per capita', '2005']. Available: ['2011 TTCI Index', 'Tourism income  % GDP 2003', 'Revenues as % exports of goods and services 2003', 'World ranking Tourism Competitiv. TTCI 2011', 'Receipts per capita  2005 USD', '% Direct and indirect employment in tourism 2005', 'Average receipt per visitor 2009 (USD/turista)', 'Internl. tourism arrivals 2010 (x 1000)', 'Internl. tourism receipts. 2010 (USD (x1000)', 'Tourist arrivals per 1000 inhab (estimated)  2007', 'Selected Latin American countries']
691	"how many tracks have their producer as mike ""punch"" harper?"	2	csv/203-csv/353.csv	empty table
695	which album had the most chart-reaching singles?	Rubberneck	csv/203-csv/751.csv	empty table
701	what song made it to the highest rank on the us rap charts?	Mistadobalina	csv/204-csv/56.csv	empty table
714	what is the title of queen's song on the chart?	I say my body	csv/203-csv/430.csv	empty table
725	"how many tracks on trae's album ""life goes on""?"	20	csv/204-csv/74.csv	empty table
758	did tomber rank higher than l'etranger on the french charts?	Yes	csv/203-csv/696.csv	empty table
798	which track was composed by jacques brel and gaby wagenheim?	Le colonel	csv/202-csv/173.csv	empty table
794	what is the number of parties that had more than 3 candidates in their party?	3	csv/203-csv/354.csv	No valid columns found in response: ['Candidate(s) Votes']. Available: ['Candidate(s)', 'Percentage', 'Votes', 'Party']
800	when did the last episode air?	20 July 2011	csv/204-csv/449.csv	empty table
828	which electoral districts hold 15 or more seats?	Antwerp|East Flanders|Flemish Brabant|West Flanders|Hainaut|Liège	csv/202-csv/161.csv	No valid columns found in response: ['Seats']. Available: ['Dutch language group Seats', 'French language group Seats', 'French language group Electoral district (as of 2012)', 'Dutch language group Electoral district (as of 2012)']
835	how many tracks are in this album?	13	csv/202-csv/173.csv	empty table
848	which artist earned the least number of points?	Mystique	csv/204-csv/915.csv	empty table
864	how many chips have a flash size of at least 3k?	4	csv/204-csv/416.csv	No valid columns found in response: ['Chip Flash size']. Available: ['Chip', 'SRAM', 'Package', 'Frequency [MHz]', 'Flash size', 'EEPROM']
872	how many 2nd positions were there?	4	csv/204-csv/974.csv	No valid columns found in response: ['Administration Position']. Available: ['Movements', 'Division', 'Level', 'Season', 'Administration', 'Position', 'Section']
897	who is the first producer with the least amount of time?	Large Professor	csv/204-csv/238.csv	empty table
907	how many #1 hits did kitty well have?	1	csv/204-csv/500.csv	empty table
912	how many points does the artist rita have?	43	csv/203-csv/862.csv	empty table
915	did lord finesse or buckwild produce ga head?	Lord Finesse	csv/203-csv/228.csv	empty table
929	number of nobel laureates from penn in the 1970s.	5	csv/203-csv/437.csv	empty table
933	how many consecutive times did the atlanta hawks win?	1	csv/204-csv/941.csv	No valid columns found in response: ['Home Record']. Available: ['Home', 'Date', 'Record', 'Score', '#', 'Visitor']
934	how many total chairpersons have their been in this municipality?	21	csv/204-csv/593.csv	No valid columns found in response: ['chairperson']. Available: ['1918–1921', 'Year', '1915–1918', '1905–1911', '1912–1915']
939	which of the girls had the least amount in archery?	Bernie	csv/204-csv/345.csv	No valid columns found in response: ['Archery']. Available: ['Discipline', 'Javine H', 'Bernie', 'Michelle', 'Julia', 'Amanda']
943	what is the other single of the toadies which ranked 23rd in the us main chart in 1995?	Away	csv/203-csv/751.csv	empty table
946	what is the difference in gold between algeria and cameroon?	7	csv/204-csv/34.csv	No valid columns found in response: ['Algeria', 'Cameroon']. Available: ['Gold', 'Silver', 'Total', 'Nation', 'Rank', 'Bronze']
957	"how many weeks did julie covington's ""don't cry for me argentina"" spend at the top of australia's singles chart?"	7	csv/203-csv/197.csv	empty table
956	which year end ranking was higher, 2004 or 2011?	2011	csv/204-csv/153.csv	No valid columns found in response: ['Year End Ranking']. Available: ['Tournament', '2002', '2011', '2001', '2004', '2006', '2008', '2010', '2003', '2012', '2013', 'W–L', '2005', '2009', '2007', '2014']
952	is the best time for the 100 m more or less than the time for the 110 m hurdles?	less	csv/203-csv/102.csv	No valid columns found in response: ['Event Performance', '110 m hurdles']. Available: ['Athlete', 'Place', 'Event', 'Date', 'Nation', 'Performance']
968	which format was used the most according to this chart?	"2xCD, 7"""	csv/203-csv/545.csv	empty table
996	how many single-only releases did the triffids release?	3	csv/203-csv/426.csv	empty table
1003	how many songs have aggregate points of more than 150,000,000?	3	csv/204-csv/420.csv	empty table
1007	which contestant is the same age as chris hodgson?	Andres Guillama	csv/203-csv/711.csv	empty table
1006	which electoral district in the dutch language group has the most seats allotted to it?	Antwerp	csv/202-csv/161.csv	No valid columns found in response: ['Dutch language group', 'Seats']. Available: ['Dutch language group Seats', 'French language group Seats', 'French language group Electoral district (as of 2012)', 'Dutch language group Electoral district (as of 2012)']
1011	name one song that did not earn 60 points.	If It Means Losing You	csv/203-csv/695.csv	empty table
1018	"who produced the track ""no main topic""?"	DJ Ogee/O.Gee	csv/203-csv/228.csv	empty table
1027	how many times was fabio fabiani jay-ten winner?	4	csv/204-csv/137.csv	No valid columns found in response: ['Jay-Ten Winner Report']. Available: ['Pole Position', 'Winning team', 'Fastest lap', 'Race', 'Race Name', 'Winning driver', 'Report', 'Jay-Ten Winner', 'Yokohama winner']
1036	what is the total number of times johan bryneel's name appears on all of these lists?	6	csv/204-csv/156.csv	No valid columns found in response: ['Johan Bryneel']. Available: ['Year', 'Best Manager', 'Best Young Rider', 'Crystal Drop of Sweat (Best Helper)', 'Crystal Bicycle (Best Professional Cyclist)']
1046	which years saw the release of three singles?	1969|1983|1984	csv/203-csv/830.csv	empty table
1053	who was the last draw?	Manuela Bravo	csv/203-csv/22.csv	empty table
1051	how many episodes had a rank of more than 3?	4	csv/204-csv/958.csv	No valid columns found in response: ['Average Rank']. Available: ['Average', 'Original Broadcast Date', 'Remarks', 'Rank', 'Episode']
1063	"the verb ""liekta"" comes after the verb ______ in the list."	està	csv/203-csv/807.csv	"No valid columns found in response: ['be', 'remain', 'give', 'save']. Available: ['Unnamed: 0', ""'save'"", ""'remain'"", ""'give'"", ""'be'""]"
1073	what are the number of times jive records is listed as the label?	6	csv/203-csv/545.csv	empty table
1076	what was the length of the shortest track?	0:19	csv/203-csv/37.csv	empty table
1078	which company had the least revenue?	Orange Polska	csv/203-csv/320.csv	No valid columns found in response: ['Revenue (Thou. PLN)']. Available: ['Location of headquarters', 'Profit (Thou.  PLN)', 'Name of concern', 'Employees', 'Revenue (Thou.  PLN)', 'Rank in 2011']
1120	the last episode of season one	Perestroika	csv/203-csv/685.csv	empty table
1124	what food has the highest amount of magnesium?	Maize / Corn	csv/203-csv/97.csv	No valid columns found in response: ['STAPLE', 'Magnesium']. Available: ['Wheat', 'Yam', 'Rice', 'Plantain', 'Sorghum', 'Soybean (Green)', 'STAPLE:', 'Maize / Corn', 'Potato', 'Sweet potato', 'Cassava']
1128	how many months saw record lows below freezing?	7	csv/202-csv/99.csv	No valid columns found in response: ['Record low °F (°C)']. Available: ['Jun', 'Feb', 'Sep', 'Year', 'Nov', 'Dec', 'Mar', 'Aug', 'May', 'Jul', 'Jan', 'Apr', 'Month', 'Oct']
1131	what are the number of titles written by patrick massett and john zinman?	4	csv/203-csv/306.csv	empty table
1150	in the irish national final for the eurovision song contest in 1990, how many artists received less than 90 points?	6	csv/203-csv/695.csv	empty table
1154	name a game that was won by at least 3 goals.	27 August 1921	csv/204-csv/467.csv	No valid columns found in response: ['Result']. Available: ['Result F–A', 'Scorers', 'Date', 'H/A', 'Attendance', 'Opponents']
1167	in which city did the most operettas premiere?	Vienna	csv/203-csv/501.csv	No valid columns found in response: ['Place', 'theatre']. Available: ['Title', 'Sub\xaddivisions', 'Libretto', 'Genre', 'Première date', 'Place, theatre']
1176	how many people didn't name their native language?	27	csv/204-csv/61.csv	"No valid columns found in response: [""Persons that didn't name their native language""]. Available: ['Number', 'females', 'percentage (%)', 'Language', 'males']"
1193	what was the opening song on his album?	Shalom a Leck	csv/204-csv/906.csv	empty table
1191	"in what year previous to 2003 was the ""symposium on computational gemoetry"" held?"	1996	csv/204-csv/916.csv	No valid columns found in response: ['SoCG']. Available: ['2011', '-', '1996', '2015', '1999', 'CCC', 'IEEE Conference on Computational Complexity', '2007', '1993']
1212	how many more medals did egypt win than ivory coast?	5	csv/203-csv/70.csv	No valid columns found in response: ['Egypt', 'Ivory Coast']. Available: ['Gold', 'Silver', 'Total', 'Nation', 'Rank', 'Bronze']
1222	which was a higher scoring game, game #1 or #7?	1	csv/204-csv/557.csv	No valid columns found in response: ['Visitor Score', 'Home Record']. Available: ['Home', 'Date', 'Record', 'Score', '#', 'Pts', 'Visitor']
1266	what was the last single released?	Perpetual Motion Machine	csv/203-csv/123.csv	empty table
1264	tourism income in latin american countries in 2003 was at most what percentage of gdp?	18,8	csv/203-csv/54.csv	No valid columns found in response: ['Tourism income', '% GDP']. Available: ['2011 TTCI Index', 'Tourism income  % GDP 2003', 'Revenues as % exports of goods and services 2003', 'World ranking Tourism Competitiv. TTCI 2011', 'Receipts per capita  2005 USD', '% Direct and indirect employment in tourism 2005', 'Average receipt per visitor 2009 (USD/turista)', 'Internl. tourism arrivals 2010 (x 1000)', 'Internl. tourism receipts. 2010 (USD (x1000)', 'Tourist arrivals per 1000 inhab (estimated)  2007', 'Selected Latin American countries']
1275	"what was the difference in r&b ranking between ""come go with me"" and ""dance 4 me.""?"	49	csv/204-csv/438.csv	empty table
1286	tell me the number of artists who ended up in 6th place.	2	csv/204-csv/915.csv	empty table
1305	which solid base single peaked highest on the finnish singles chart?	Come'n Get Me	csv/202-csv/24.csv	empty table
1318	how many singles did celine dion sing?	4	csv/203-csv/7.csv	empty table
1344	"how many times did the single ""butterfly"" rank as 1 in the chart?"	5	csv/201-csv/48.csv	empty table
1349	which parameter has the most number of doors per car per side?	EW58	csv/202-csv/287.csv	No valid columns found in response: ['Number of doors per car per side']. Available: ['EN57', 'EN71', 'Parameter', 'EW58']
1372	what is the total number of singles released?	13	csv/203-csv/877.csv	empty table
1403	what is the number of songs produced by k-def on the album?	9	csv/204-csv/906.csv	empty table
1407	how many more silvers did italy win compared to the united states?	3	csv/203-csv/496.csv	No valid columns found in response: ['Country', 'Silver']. Available: ['Silver:', 'Bronze:', 'Pos', 'Country:', 'Total:', 'Gold:']
1419	what is the total number of multi-platinum songs?	8	csv/203-csv/799.csv	No valid columns found in response: ['Award']. Available: ['Title', 'Year', 'Result(s)', 'Award Description(s)', 'Date', 'Format(s)']
1425	how many episodes had less than .9 viewers?	2	csv/204-csv/449.csv	empty table
1441	which single(s) had the highest uk singles chart position?	"Melting Pot|""The Banner Man"""	csv/204-csv/672.csv	empty table
1442	list the number of items written by brad falchuk	1	csv/203-csv/306.csv	empty table
1471	how many golfers shot at least 2 under par at the 2010 us open?	2	csv/203-csv/134.csv	No valid columns found in response: ['Score To par']. Available: ['Player', 'Place', 'To par', 'Country', 'Score']
1519	which country took first place?	Netherlands	csv/203-csv/252.csv	empty table
1528	which artist had almost no points?	Boaz Sharabi	csv/203-csv/862.csv	empty table
1525	what was the last year for ppopp?	2003	csv/204-csv/916.csv	No valid columns found in response: ['PPoPP']. Available: ['2011', '-', '1996', '2015', '1999', 'CCC', 'IEEE Conference on Computational Complexity', '2007', '1993']
1527	is the vista more than the aspect?	Yes	csv/203-csv/42.csv	No valid columns found in response: ['Vista', 'Aspect']. Available: ['Starting Price', 'Fuel', 'Model', 'Class', 'Length']
1521	what is the difference between vladimir gadzhev and yordan miliev's scores?	3	csv/204-csv/784.csv	No valid columns found in response: ['Vladimir Gadzhev', 'Yordan Miliev']. Available: ['Cup', 'Player', 'League', 'Total', 'Europa League']
1536	which title was the last title?	Police Woman 2002 (with Groove Quantize)	csv/203-csv/629.csv	empty table
1532	the choke with at least 0.005 inches of constriction	Skeet 1	csv/203-csv/112.csv	No valid columns found in response: ['Choke Constriction (Inch)']. Available: ['Identification (Stars) (Spanish shotguns)', 'Constriction (Inch)', 'Percentage of lead shot in 30-inch circle at 40 yards', 'Identification (Notches)', 'Choke']
1541	"who produced ""listen!!!"" but not ""hip hop hooray""?"	Kwamé	csv/203-csv/810.csv	empty table
1565	what year did firehouse release their last single?	1995	csv/203-csv/723.csv	empty table
1564	who is listed before keith walker?	Ricky Landell	csv/204-csv/684.csv	No valid columns found in response: ['Wrestler']. Available: ['Date:', 'Wrestler:', 'Location:', 'Times:', 'Notes:']
1589	"drop dead and ""loose ends"" were aired on what date?"	September 20, 2007	csv/203-csv/349.csv	empty table
1607	what's the total of grass and hard surfaces listed?	3	csv/203-csv/848.csv	No valid columns found in response: ['Tournament Surface']. Available: ['Tournament', 'Partner', 'Score in the final', 'Opponents in the final', 'Date', 'Surface', 'No.', 'Outcome']
1630	in which years did he release more than 2 albums?	2010|2012	csv/204-csv/243.csv	empty table
1637	how many points did blackpool score?	2	csv/203-csv/620.csv	No valid columns found in response: ['Home team Score', 'Away team Attendance']. Available: ['Tie no', 'Away team', 'Score', 'Attendance', 'Home team']
1650	"what single release came before ""junkies""?"	You & Me	csv/203-csv/545.csv	empty table
1659	how many songs are less than 4 minutes in length?	7	csv/203-csv/353.csv	empty table
1661	how long was otto fritz meyerhof a research professor?	11 years	csv/203-csv/437.csv	empty table
1670	what was the only year where the singer had a chart topping single?	2007	csv/204-csv/574.csv	empty table
1676	which songs does not have a producer listed.	"Shock Therapy (interlude)|""Horsemen"""	csv/203-csv/353.csv	empty table
1674	which city has the most density?	Braşov	csv/203-csv/465.csv	No valid columns found in response: ['Area', 'Density']. Available: ['Population (2002 census)', 'Area (km²)', 'Population (2007 estimation)', 'Density (pop/km²)', 'Name', 'Population (2011 census)']
1693	at most, how many of these teams have never scored a goal?	5	csv/204-csv/146.csv	No valid columns found in response: ['Home Team Score', 'Away Team Score']. Available: ['Score', 'Tie', 'Attendance', 'Away Team', 'Home Team']
1713	how many singles reached the us mainstream rock chart?	5	csv/203-csv/491.csv	empty table
1769	how many people voted for the top 4 parties?	29734	csv/203-csv/354.csv	No valid columns found in response: ['Candidate(s) Votes']. Available: ['Candidate(s)', 'Percentage', 'Votes', 'Party']
1782	compare draws, which had the least amount of points?	Boaz Sharabi	csv/203-csv/862.csv	empty table
1805	how long have they been active?	22 years	csv/203-csv/751.csv	empty table
1828	how many tracks in word...life were produced by buckwild?	8	csv/203-csv/228.csv	empty table
1855	which school won class a in the season previous to 1999-2000?	Graford	csv/204-csv/133.csv	No valid columns found in response: ['School', 'Year']. Available: ['Class AAA', 'Class A', 'Class AAAAA', 'School Year', 'Class AA', 'Class AAAA']
1878	how many of the singles are under the chart of pop singles?	3	csv/202-csv/257.csv	empty table
1880	what is the total amount of guests in episode 1-01?	7	csv/204-csv/494.csv	empty table
1884	"who sang ""eu só quero"" as their song in the eurovision song contest of 1979?"	Gabriela Schaaf	csv/203-csv/22.csv	empty table
1890	what's the best type of four of a kind to win?	Four of a kind, 2-4	csv/203-csv/564.csv	No valid columns found in response: ['Four of a kind', '2-4']. Available: ['2 credits', '3 credits', '4 credits', 'Hand', '5 credits', '1 credit']
1905	how many votes were counted as invalid or blank votes?	0	csv/202-csv/191.csv	No valid columns found in response: ['Invalid/blank votes']. Available: ['Seats', '+/–', '%', 'Party', 'Votes']
1909	number of lines opened with no extensions listed	7	csv/203-csv/712.csv	No valid columns found in response: ['Last ex-extension']. Available: ['Last ex- tension', 'Stations', 'First section opened', 'Name.1', 'Color & Icon', 'Name', 'Mark', 'Length']
1961	"in the uk, how many spots difference were between ""strollin' on"" and ""in the springtime?"""	22	csv/204-csv/654.csv	empty table
1960	how many more locks does caledonian canal have compared to aberdeenshire canal?	11	csv/203-csv/594.csv	No valid columns found in response: ['Caledonian Canal', 'Aberdeenshire Canal']. Available: ['Canal', 'Max length (ft)', 'Year opened', 'Length (miles)', 'Year abandoned', 'Width (ft)', 'Year restored', 'Locks']
2018	how many games has chorrillo f.c. won?	3	csv/203-csv/171.csv	No valid columns found in response: ['Won']. Available: ['+/- (Dif.)', 'Place (Posición)', 'Draw (PE)', 'Won (PG)', 'Goals Scored (GF)', 'Team (Equipo)', 'Played (PJ)', 'Goals Conceded (GC)', 'Points (Pts.)', 'Lost (PP)']
2015	how many of the subspecies of p. ponderosa have a foliate length on branch in excess of 25.0?	3	csv/202-csv/215.csv	No valid columns found in response: ['Foliage length on branch', 'cm']. Available: ['Rocky Mountains (scopulorum)', 'Pacific (critchfieldiana)', 'Common names Subspecies', 'Columbia (ponderosa)', 'Southwestern (brachyptera)', 'Central High Plains (readiana)']
2040	"which author wrote ""two loves i have, of comfort and despair"", and ""on a day (alack the day)""?"	William Shakespeare	csv/201-csv/31.csv	empty table
2042	who is the first away team on the list?	Windsor & Eton	csv/204-csv/146.csv	No valid columns found in response: ['Away Team Attendance']. Available: ['Score', 'Tie', 'Attendance', 'Away Team', 'Home Team']
2052	how many episodes were unaired in u.s?	9	csv/203-csv/306.csv	empty table
2061	what track was drumma boy's last on the album?	Trap Niggas	csv/204-csv/184.csv	empty table
2106	how many kg at most were listed in the asian record category?	407 kg	csv/204-csv/518.csv	No valid columns found in response: ['Asian Record', 'Total']. Available: ['Snatch', '27 November 1999', 'Athens, Greece', 'Akakios Kakiasvilis (GRE)', 'World Record', '188 kg']
2125	how many recordings of nabucco have been made?	9	csv/202-csv/32.csv	No valid columns found in response: ['Cast (Nabucco', 'Abigaille', 'Zaccaria', 'Ismaele', 'Fenena)']. Available: ['Cast (Nabucco, Abigaille, Zaccaria, Ismaele, Fenena)', 'Conductor, Opera House and Orchestra', 'Year', 'Label']
2138	"eiffel 65 had a top 100 hit of the 1990s, ""blue (da ba dee)"", as well as one other 1990s top 100 hit single. what was that other hit single?"	Move Your Body	csv/203-csv/7.csv	empty table
2177	which album contained the most successful song in the charts?	The Man in the Mirror	csv/203-csv/830.csv	empty table
2183	"did will.i.am or talib kweli produce ""a dream""?"	will.i.am	csv/203-csv/810.csv	empty table
2192	"how many singles from ""dosage"" appeared on the modern rock tracks charts?"	3	csv/202-csv/240.csv	empty table
2202	compare the chart positions between the us and the uk for the science of selling yourself short, where did it do better?	US	csv/203-csv/661.csv	empty table
2200	did the team larissa or the team panathinaikos score more total points?	Panathinaikos	csv/203-csv/350.csv	No valid columns found in response: ['Team #1 Agg.', 'Team #2 Agg.']. Available: ['Agg.', 'Team #1', 'Team #2', '1st leg', '2nd leg']
2214	which year is the year with the most titles?	1974	csv/201-csv/39.csv	empty table
2218	how many causes were responsible for more than 50,000 confirmed deaths?	5	csv/203-csv/234.csv	No valid columns found in response: ['Total Confirmed Deaths']. Available: ['Description', 'SE Europe (Hungary, Romania, Yugoslavia & Slovakia)', 'Baltic States(Resettled in Poland during war)', 'Sudetendeutsch', 'Resettled in Poland during war(from USSR and Romania)', 'Poland', 'Total']
2212	what country had the least arrivals per 1000 inhabitants in 2007(estimated)?	Brazil	csv/203-csv/54.csv	No valid columns found in response: ['Tourist arrivals per 1000 inhab (estimated)']. Available: ['2011 TTCI Index', 'Tourism income  % GDP 2003', 'Revenues as % exports of goods and services 2003', 'World ranking Tourism Competitiv. TTCI 2011', 'Receipts per capita  2005 USD', '% Direct and indirect employment in tourism 2005', 'Average receipt per visitor 2009 (USD/turista)', 'Internl. tourism arrivals 2010 (x 1000)', 'Internl. tourism receipts. 2010 (USD (x1000)', 'Tourist arrivals per 1000 inhab (estimated)  2007', 'Selected Latin American countries']
2240	how many times did a can-i-bus album reach the top 10 on the us charts?	1	csv/203-csv/137.csv	No valid columns found in response: ['US Peak chart positions']. Available: ['Title', 'Peak chart positions US', 'Peak chart positions US R&B', 'Certifications', 'Album details']
2258	how many more medals did italy win than the soviet union?	2	csv/203-csv/496.csv	No valid columns found in response: ['Gold', 'Silver', 'Bronze']. Available: ['Silver:', 'Bronze:', 'Pos', 'Country:', 'Total:', 'Gold:']
2263	what was the average chart position of their singles in the uk?	60.5	csv/203-csv/661.csv	empty table
2267	which conference had their last year as 2011?	ACM Symposium on Principles of Distributed Computing	csv/204-csv/916.csv	No valid columns found in response: ['PODC']. Available: ['2011', '-', '1996', '2015', '1999', 'CCC', 'IEEE Conference on Computational Complexity', '2007', '1993']
2273	total number of performers other than o.credle:	6	csv/203-csv/228.csv	empty table
2289	what was the date of the only match to occur in sapporo, japan?	September 5, 2001	csv/203-csv/565.csv	No valid columns found in response: ['Date', 'Location']. Available: ['Date:', 'Location:', 'Times:', 'Notes:', 'Wrestlers:']
2291	what was the least number of points scored in a win?	22	csv/203-csv/383.csv	No valid columns found in response: ['TV Result/Score']. Available: ['Week', 'Result/Score', 'Opponent', 'Game Site', 'Date', 'Record', 'Time', 'TV']
2298	all of these landmarks have at least how many stories?	3	csv/204-csv/829.csv	No valid columns found in response: ['Stories']. Available: ['Description', 'Landmark name', 'Style', 'Unnamed: 0', 'Location', 'Date Built']
2312	what was the number of singles from the hold your fire album?	3	csv/203-csv/723.csv	empty table
2319	"the single ""birds vs.worms"" or ""broke"" was released first?"	Broke	csv/203-csv/123.csv	empty table
2362	who was the first player to play for the st louis cardinals?	Rogers Hornsby	csv/203-csv/697.csv	empty table
2384	name firehouse's first single to get reach the top 10 of the us top 100?	Love of a Lifetime	csv/203-csv/723.csv	empty table
2396	which tracks feature the same producer(s) in consecutive order on this album?	"I'm Good|""The Truth"""	csv/204-csv/74.csv	empty table
2390	how many clubs at most don't have leagues?	11	csv/204-csv/923.csv	No valid columns found in response: ['League(s) Deduction(s)']. Available: ['League(s)', 'Entered administration', 'Club', 'Deduction(s)', 'Exited administration']
2408	how many players are qbs?	11	csv/204-csv/389.csv	No valid columns found in response: ['Player Pos.']. Available: ['NFL team', 'Player', 'Conf.', 'Notes', 'College', 'Pos.', 'Pick #', 'Rnd.']
2419	which single ranks 1 in us and 1 in us alt?	Butterfly	csv/201-csv/48.csv	empty table
2421	which artist was first in point after nunzio gallo?	Patricia Bredin	csv/203-csv/252.csv	empty table
2445	which producers produced the majority of songs on this record?	I.N.F.O. & NOVA	csv/204-csv/74.csv	empty table
2494	what is the total number of boxing metals earned by the top 4 countries at the 1960 olympics?	23	csv/203-csv/496.csv	No valid columns found in response: ['Gold', 'Silver', 'Bronze']. Available: ['Silver:', 'Bronze:', 'Pos', 'Country:', 'Total:', 'Gold:']
2499	how many sites have both a biological and geological interest?	17 sites	csv/203-csv/207.csv	No valid columns found in response: ['Biological interest', 'Geological interest']. Available: ['Area Acres', 'Map & Citation', 'Other designations', 'Coordinates & Grid ref', 'Reason for designation Geological interest', 'Year in which notified', 'Site name', 'Area Hectares', 'Reason for designation Biological interest']
2503	croatia and thailand each won how many medals?	3	csv/203-csv/739.csv	No valid columns found in response: ['Croatia', 'Thailand']. Available: ['Gold', 'Silver', 'Total', 'Nation', 'Rank', 'Bronze']
2511	what were the total number of songs released in january?	5	csv/204-csv/333.csv	empty table
2539	what song received the most points?	Somewhere In Europe	csv/203-csv/695.csv	empty table
2558	"was the song ""healing"" or the song ""boys and girls"" with trax?"	Healing	csv/204-csv/243.csv	empty table
2563	which model weighs the most, according to the table?	model 03 (China Copy)	csv/204-csv/451.csv	No valid columns found in response: ['Weight']. Available: ['Model 01+', 'Component', 'Model e2', 'Model 01', 'model 03 (China Copy)', 'Model 2+ (Pre-production)', 'Model 02']
2574	how long is the longest dong on prophets vs. profits?	I Remember	csv/203-csv/37.csv	empty table
2573	how long was thomas stouch coach?	5 years	csv/203-csv/577.csv	No valid columns found in response: ['Coach Years']. Available: ['Tenure', 'Pct.', 'Record', 'Coach', 'Years']
2582	what was the last title that sid marcus directed?	Mesa Trouble	csv/201-csv/39.csv	empty table
2586	how many times was ed sheeran listed as the performer?	7	csv/204-csv/333.csv	empty table
2588	how many artists scored more than 30 points?	4	csv/204-csv/915.csv	empty table
2589	how many total years did sun hao reign?	16	csv/203-csv/347.csv	No valid columns found in response: ['Reign Era names and their year ranges']. Available: ['Reign', 'Family name (in bold) and personal name', 'Era names and their year ranges', 'Posthumous name', 'Temple name', 'Notes']
2607	how many songs from this album were produced by rick long?	2	csv/203-csv/37.csv	empty table
2613	"which single was released after ""song i hate""?"	Summer of the Strange	csv/203-csv/751.csv	empty table
2618	"how many did ""wrong place"" have in us rap?"	48	csv/204-csv/56.csv	empty table
2635	which was the only team with less than 20 wins?	Penn State	csv/203-csv/412.csv	No valid columns found in response: ['Conference Record (conference)']. Available: ['CWS record', 'CWS best finish', 'Conference', 'CWS appearances', 'Head coach', 'Record (conference)', 'School']
2663	how many states were represented in the seats?	6	csv/204-csv/659.csv	No valid columns found in response: ['Seat State']. Available: ['Seat', 'State', 'Majority', 'Party', 'Member']
2686	the number of singles by del the funky homosapien released before the year 2000	6	csv/204-csv/56.csv	empty table
2687	how many seats in the belgian parliament are reserved for the electoral district of luxembourg?	4	csv/202-csv/161.csv	No valid columns found in response: ['Luxembourg']. Available: ['Dutch language group Seats', 'French language group Seats', 'French language group Electoral district (as of 2012)', 'Dutch language group Electoral district (as of 2012)']
2705	in what year did vinnie dombroski win his outstanding rock/pop vocalist award?	2009	csv/203-csv/623.csv	No valid columns found in response: ['Outstanding Rock/Pop Vocalist']. Available: ['2011', '2004', '2006', '2010', 'Rock/Pop/Alternative', '2005', '2009']
2727	how many countries have more than 5 medals in total?	2	csv/203-csv/496.csv	No valid columns found in response: ['Country', 'Total']. Available: ['Silver:', 'Bronze:', 'Pos', 'Country:', 'Total:', 'Gold:']
2746	what was the top uk single on the firehouse album?	Love of a Lifetime	csv/203-csv/723.csv	empty table
2754	how many featured guests are there in total?	5	csv/204-csv/184.csv	empty table
2767	which person has directed most of the titles?	Gerry Chiniquy	csv/201-csv/39.csv	empty table
2779	crinan canal is only half of what other canal	Aberdeenshire Canal	csv/203-csv/594.csv	No valid columns found in response: ['Crinan Canal', 'Aberdeenshire Canal']. Available: ['Canal', 'Max length (ft)', 'Year opened', 'Length (miles)', 'Year abandoned', 'Width (ft)', 'Year restored', 'Locks']
2785	"what is the least amount of ways you can conjugate the verb ""be""?"	8	csv/203-csv/807.csv	"No valid columns found in response: ['be']. Available: ['Unnamed: 0', ""'save'"", ""'remain'"", ""'give'"", ""'be'""]"
2812	what were the total number of songs that peaked at number one according to this chart?	61	csv/203-csv/7.csv	empty table
2843	who had the nickname robbie?	Roberto Alomar	csv/203-csv/697.csv	empty table
2872	which director has the most titles accredited to them?	Patrick Norris	csv/202-csv/127.csv	empty table
2877	what was the first song to be in the top ten of the us hot 100 list?	Love of a Lifetime	csv/203-csv/723.csv	empty table
2870	how many tournaments were played indoor?	1	csv/203-csv/60.csv	No valid columns found in response: ['Championship Surface']. Available: ['Opponent in the final', 'Championship', 'Score in the final', 'Date', 'Surface', 'No.', 'Outcome']
2878	"what is the different in area between the 1/10"" and the 1/8""?"	.69	csv/203-csv/356.csv	No valid columns found in response: ['1/10', '1/8']. Available: ['Crop factor', 'Height (mm)', 'Diagonal (mm)', 'Stops (area)', 'Type', 'Area (mm2)', 'Width (mm)']
2896	which month had the average highest in temperature?	August	csv/200-csv/48.csv	No valid columns found in response: ['Average high °F (°C)']. Available: ['Jun', 'Feb', 'Sep', 'Year', 'Nov', 'Dec', 'Mar', 'Aug', 'May', 'Jul', 'Jan', 'Apr', 'Month', 'Oct']
2921	what title is listed next in the table after autumn beds?	Perpetual Motion Machine	csv/203-csv/123.csv	empty table
2931	what is the difference in altitude between thunakkadavu and peechi?	492	csv/204-csv/851.csv	No valid columns found in response: ['Thunakkadavu', 'Peechi']. Available: ['District', 'Area (km²)', 'Serial number', 'River', 'Altitude (m)', 'Co-ordinate', 'Name']
2955	what is the total amount of ties in this competition?	2	csv/203-csv/862.csv	empty table
2951	which year was their highest ranking?	1976	csv/204-csv/374.csv	No valid columns found in response: ['Total Ranking']. Available: ['Event', 'Silver', 'Total', 'Gold', 'Bronze', 'Ranking']
2958	how many goals did the flyers allow in the 1973-74 season, the least in the league?	164	csv/203-csv/859.csv	No valid columns found in response: ['Visitor Score', 'Home Decision']. Available: ['Home', 'Date', 'Record', 'Points', 'Score', 'Decision', 'Attendance', 'Game', 'Visitor']
2976	"what track came after ""our time""?"	Terra Firma Anthum (Skit)	csv/203-csv/701.csv	empty table
2979	how many medalist had at least 35.00 time in silver?	9	csv/204-csv/950.csv	No valid columns found in response: ['Silver Time.1']. Available: ['Time.1', 'Silver', 'Date', 'Report', 'Bronze', 'Time', 'Time.2', 'Gold', 'Location', 'Occasion #']
3001	what was the only location to have less than 17,000 people attend?	Power Balance Pavilion 15,871	csv/204-csv/833.csv	No valid columns found in response: ['Location', 'Attendance']. Available: ['High points', 'Date', 'Location Attendance', 'Record', 'Score', 'Team', 'High rebounds', 'Game', 'High assists']
3022	what is the total of guest for the month of january	19	csv/204-csv/494.csv	empty table
3027	which track was recorded before all the others?	Dites, si c'était vrai (poème)	csv/202-csv/173.csv	empty table
3057	"which has the earlier release date, ""till the day"" or ""2nd amendment""?"	2nd Amendment	csv/203-csv/545.csv	empty table
3060	how many years was the band around?	8	csv/204-csv/574.csv	empty table
3071	who sings the last song on this album?	K-Ci & JoJo	csv/204-csv/573.csv	empty table
3087	what is the first song on the album produced by havoc?	We Live This	csv/203-csv/38.csv	empty table
3093	how many albums had a higher position on either chart than 50?	3	csv/203-csv/137.csv	No valid columns found in response: ['US Peak chart positions US', 'US Peak chart positions US']. Available: ['Title', 'Peak chart positions US', 'Peak chart positions US R&B', 'Certifications', 'Album details']
3103	who served after maturi ramaro?	L. Suryalingam	csv/204-csv/593.csv	No valid columns found in response: ['chairperson']. Available: ['1918–1921', 'Year', '1915–1918', '1905–1911', '1912–1915']
3122	"what is the name of the song listed before the song ""yesh""?"	Gitara	csv/203-csv/862.csv	empty table
3144	what is the number of games in which one team was left with a score of 0?	3	csv/203-csv/522.csv	No valid columns found in response: ['Final score']. Available: ['Week', 'Opponent', 'Results Team record', 'Date', 'Venue', 'Results Final score', 'Attendance']
3141	how many times did yusuf win?	2	csv/204-csv/766.csv	No valid columns found in response: ['Maryam Yusuf Jamal']. Available: ['ISTAF Berlin', 'Event', 'Golden Gala Rome', 'Memorial van Damme Brussels', 'Weltklasse Zürich', 'Meeting Gaz de France Paris', 'Bislett Games Oslo']
3152	"how many weeks was ""i see fire"" at number one?"	7	csv/204-csv/333.csv	empty table
3166	what album was published next after mama?	Only One	csv/204-csv/243.csv	empty table
3178	"what album was ""hard woman"" from?"	She's the Boss	csv/200-csv/22.csv	empty table
3193	in the irish national final for the eurovision song contest in 1990, which artists did not receive at least 75 points?	The Memories|Fran Meen|Dreams|Maggie Toal	csv/203-csv/695.csv	empty table
3191	how many more kw of power does the en71 use than the en57?	740	csv/202-csv/287.csv	No valid columns found in response: ['Power (at h)']. Available: ['EN57', 'EN71', 'Parameter', 'EW58']
3214	were more episodes written by michael piller & bill dial or by bob shane & ron friedman?	Michael Piller & Bill Dial	csv/204-csv/981.csv	empty table
3247	other then edi ann who else sang a song who's title had love in it?	Izabela Kopeć	csv/203-csv/430.csv	empty table
3273	calculate the number of songs listed between 1994 and 2005.	12	csv/203-csv/491.csv	empty table
3282	how many total operas were performed at the dresden?	9	csv/204-csv/354.csv	No valid columns found in response: ['Place', 'Theatre']. Available: ['Title', 'Sub\xaddivisions', 'Libretto', 'Composition', 'Genre', 'Opus', 'Place, Theatre', 'Première date']
3284	how long does a chromic catgut maintain it's strength for	10-14 days	csv/204-csv/537.csv	No valid columns found in response: ['Tensile strength']. Available: ['Chromic catgut', 'Plain catgut', 'Polydioxanone (PDS)', 'Unnamed: 0', 'Polyglycolide (P.G.A.)']
3309	which party is last on the chart	Socialist	csv/204-csv/982.csv	No valid columns found in response: ['Party']. Available: ['Seats', '%', 'Party/Electoral Alliance', 'Change', 'Votes']
3308	in masters 1000 tournament did the table show more losses than wins?	no	csv/203-csv/728.csv	No valid columns found in response: ['Masters W-L']. Available: ['2001', '2004', '2008', '1999', '1998', '2005', '1997', 'Tournament', '1995', '2006', '2003', 'Career SR', 'Career W-L', '2009', '2002', '2000', '2010', '1992', '1993', '1996', '2007', '1994']
3341	what director is listed with the same original air date as jeremiah chechik?	Stephen Surjik	csv/203-csv/349.csv	empty table
3347	how long is the shortest song on the album?	2:03	csv/203-csv/38.csv	empty table
3354	how many teams started before 1940?	17	csv/203-csv/168.csv	No valid columns found in response: ['Base Year started']. Available: ['Year started', 'Leagues', 'Year ended', 'Base', 'Notable riders', 'Team name']
3351	what is the newest presentation or updated?	DNA Baser	csv/203-csv/702.csv	No valid columns found in response: ['Author Presented / Last updated']. Available: ['Technologies', 'Homepage', 'Author', 'Presented / Last updated', 'Licence*', 'Type', 'Name']
3356	which stadium can seat the most people?	Nokia Arena	csv/204-csv/195.csv	No valid columns found in response: ['Stadium Capacity']. Available: ['Home city', 'Stadium', 'Team', 'Capacity', 'Last Season']
3366	what was hari's last name?	Kondabolu	csv/203-csv/784.csv	"No valid columns found in response: ['Peretti', 'Kosta', 'Wang', ""D'Elia"", 'Bargatze', 'Kondabolu', 'Whitehall', 'Jackson', 'Kinane', 'Fulchiron', 'Vecchione', 'Klein', 'Katz', 'Larson', 'Leggero']. Available: ['Performer', 'Appearance', 'Air Date', 'No. in Season', 'No. in Series']"
3386	what was the first single to earn a chart position?	History of a Boring Town	csv/203-csv/661.csv	empty table
3387	what is the last date listed?	November 10, 2013	csv/203-csv/565.csv	No valid columns found in response: ['Date']. Available: ['Date:', 'Location:', 'Times:', 'Notes:', 'Wrestlers:']
3391	who were the first champions?	Koji Nakagawa and Gedo	csv/203-csv/565.csv	No valid columns found in response: ['Wrestlers']. Available: ['Date:', 'Location:', 'Times:', 'Notes:', 'Wrestlers:']
3432	"which author had a poem on this list with the first line ""as it fell upon day"" and also a poem that starts with ""if music and sweet poetry agree""."	Richard Barnfield	csv/201-csv/31.csv	empty table
3431	what was the only coach to serve for only six years?	Joe Sewell	csv/203-csv/577.csv	No valid columns found in response: ['Coach Years']. Available: ['Tenure', 'Pct.', 'Record', 'Coach', 'Years']
3449	which song is at the top for downloads?	Lovey-Dovey	csv/204-csv/420.csv	empty table
3454	"how many modest mouse singles start with the letter ""b""?"	2	csv/203-csv/123.csv	empty table
3467	when was a title aired previous to july 5, 2007?	June 28, 2007	csv/203-csv/349.csv	empty table
3489	what is the name of the title after number 9?	Reality Check	csv/204-csv/238.csv	empty table
3481	was joe watson or keith allen the general manager of the team?	Keith Allen	csv/203-csv/859.csv	No valid columns found in response: ['Home Decision']. Available: ['Home', 'Date', 'Record', 'Points', 'Score', 'Decision', 'Attendance', 'Game', 'Visitor']
3491	what is the first song on this album?	A Dream Is a Wish Your Heart Makes	csv/204-csv/573.csv	empty table
3496	what song reached the highest position on the french charts?	J'en rêve encore	csv/203-csv/696.csv	empty table
3498	how many singles had a peak chart position of less than 60?	2	csv/203-csv/426.csv	empty table
3501	what are the number of matches that happened in japan?	5	csv/204-csv/684.csv	No valid columns found in response: ['Location']. Available: ['Date:', 'Wrestler:', 'Location:', 'Times:', 'Notes:']
3530	who directed the most cartoons?	Gerry Chiniquy	csv/201-csv/39.csv	empty table
3557	what is the name of the last album title on this chart?	Together We Stand Alone	csv/204-csv/333.csv	empty table
3558	who was the first contestant to be eliminated on season 9 of food network star?	Daniela Perez-Reyes	csv/203-csv/711.csv	empty table
3556	which has the largest volume number?	Wolverine	csv/204-csv/696.csv	No valid columns found in response: ['Issue Volume']. Available: ['Title', 'First/Early Appearance Story/Stories', 'Main Feature Story', 'Release Date', 'Volume', 'Issue']
3597	what is the number of tracks under one minute in length?	2	csv/203-csv/37.csv	empty table
3590	what is the combined weight of the big boy and the m1?	976 t	csv/204-csv/850.csv	No valid columns found in response: ['Big Boy', 'm1']. Available: ['series', 'name', 'power', 'dates', 'railway', 'notes', 'drive', 'maker', 'wheel arrangement', 'weight']
3603	which was released earlier, atomic or last dayz?	Last Dayz	csv/204-csv/484.csv	empty table
3608	how long was the timespan in which growth was measured?	10 years	csv/203-csv/90.csv	No valid columns found in response: ['Growth']. Available: ['Sex ratio (rural)', 'Literacy (%)', 'Religious group', 'Sex ratio (total)', 'Sex ratio (child)', 'Population %', 'Growth (1991–2001)', 'Work participation (%)', 'Sex ratio (urban)']
3616	"what was the highest ranking in the singles chart ""holding out for a hero"" achieved outside of europe."	19	csv/202-csv/219.csv	empty table
3634	what numbers were retired before 1989?	7	csv/203-csv/754.csv	No valid columns found in response: ['No. Retired']. Available: ['Date No. Retired', 'Career', 'Player', 'No.', 'Position']
3667	how many positions above did moltiva place in swe vs swi?	10	csv/204-csv/574.csv	empty table
3678	which song came before grand groove on the album?	Funk Mode	csv/204-csv/906.csv	empty table
3689	who directed the first episode of psi factor: chronicles of the paranormal?	Allan Kroeker	csv/203-csv/685.csv	empty table
3691	"what single previous to ""workin' it"" did not chart at all?"	Catch a Bad One	csv/204-csv/56.csv	empty table
3696	how many matches ended in an aggregate tie record?	2	csv/203-csv/350.csv	No valid columns found in response: ['Team #1 Agg.', 'Team #2 1st leg', 'Team #2 2nd leg']. Available: ['Agg.', 'Team #1', 'Team #2', '1st leg', '2nd leg']
3709	"which years did the album ""changes"" not make it on the us dance list?"	1993	csv/204-csv/438.csv	empty table
3702	during what month are the highest temperature records at bari karol wojtyla airport?	August	csv/201-csv/49.csv	No valid columns found in response: ['Record high °C (°F)']. Available: ['Jun', 'Feb', 'Sep', 'Year', 'Nov', 'Dec', 'Mar', 'Aug', 'May', 'Jul', 'Jan', 'Apr', 'Month', 'Oct']
3725	what's the difference between horne's votes in marin and his votes in santa cruz?	921	csv/203-csv/616.csv	"No valid columns found in response: ['Horne Votes.2', 'Horne Votes.2']. Available: ['Meeu.', 'Votes.3', 'Feinstein', 'W/I', 'County', 'Votes.1', 'Seymour', 'Horne', 'Boddie', 'Votes.4', 'Votes.2', ""V's"", 'Votes']"
3737	what is the total of points on the chart	360	csv/204-csv/915.csv	empty table
3753	which artist got the same number of jury votes as kasia nova?	Queens	csv/203-csv/430.csv	empty table
3760	how long is the song look through my eyes by everlife?	3:11	csv/204-csv/573.csv	empty table
3772	which is the shortest song?	Same Old Drama	csv/204-csv/238.csv	empty table
3774	which month had the most snowfall?	Feb	csv/201-csv/45.csv	No valid columns found in response: ['Snowfall inches (cm)']. Available: ['Jun', 'Feb', 'Sep', 'Year', 'Nov', 'Dec', 'Mar', 'Aug', 'May', 'Jul', 'Jan', 'Apr', 'Month', 'Oct']
3788	when was the velvet last updated?	2009	csv/203-csv/702.csv	No valid columns found in response: ['Author Presented / Last updated']. Available: ['Technologies', 'Homepage', 'Author', 'Presented / Last updated', 'Licence*', 'Type', 'Name']
3801	which singles each appear at position 22?	Dreams|Love Walks In	csv/202-csv/72.csv	empty table
3812	how many consecutive year did the grand total value grow in iran?	4	csv/204-csv/666.csv	No valid columns found in response: ['Grand Total - Value (billion rials)']. Available: ['2009/10', 'IME Exchange (Including spot, credit and forward transactions)', '2010/11', '2007/08', '2011/12', '2008/09']
3824	what year built is at the top?	-2005	csv/204-csv/338.csv	No valid columns found in response: ['Type Built']. Available: ['Coordinates', 'Details', 'Type', 'Built', 'Location']
3865	how many singles were released in total?	16	csv/203-csv/491.csv	empty table
3876	what was the biggest difference in years between album release dates?	6	csv/203-csv/830.csv	empty table
3878	what is the total number of suture materials that have a mono-filament structure?	3	csv/204-csv/537.csv	No valid columns found in response: ['Structure']. Available: ['Chromic catgut', 'Plain catgut', 'Polydioxanone (PDS)', 'Unnamed: 0', 'Polyglycolide (P.G.A.)']
3883	what is eightysix's latest song?	Move (OVER XPSR official remix)	csv/204-csv/927.csv	empty table
3889	how long is the intro?	1:41	csv/204-csv/184.csv	empty table
3916	what is the first game listed on the schedule?	Missouri State	csv/204-csv/994.csv	No valid columns found in response: ['Opponent']. Available: ['Result', 'Date', 'Rank#', 'Attendance', 'Site', 'Time', 'Opponent#', 'TV']
3960	who performed with o.c.?	Prince Po|Pharoahe Monch	csv/203-csv/228.csv	empty table
3989	the last row on the list all has verbs ending in:	i	csv/203-csv/807.csv	"No valid columns found in response: ['be', 'remain', 'give', 'save']. Available: ['Unnamed: 0', ""'save'"", ""'remain'"", ""'give'"", ""'be'""]"
3991	what album did the band release previous to 101?	Bez ljubavi	csv/204-csv/574.csv	empty table
4024	name a cathedral that had almost the same diameter as leopardus.	Stephanus	csv/203-csv/283.csv	No valid columns found in response: ['Leopardus', 'Stephanus']. Available: ['Diameter (mm)', 'Weight (kg)', 'Inscription', '#', 'Strike tone (ST-1/16)', 'Name']
4039	how many of the episodes did not air in the u.s.?	9	csv/203-csv/306.csv	empty table
4047	how many counties gave bush at least 60 percent of the vote?	7	csv/204-csv/606.csv	No valid columns found in response: ['Bush Votes.1']. Available: ['Bush', 'County', 'Votes.1', 'Others', 'Kerry', 'Votes.2', 'Votes']
4050	which home team scored the most points?	Harlequins RL	csv/203-csv/256.csv	No valid columns found in response: ['Home Team Score']. Available: ['Rd', 'Result (W/D/L)', 'Score', 'Attendance', 'Away Team', 'Home Team']
4062	how many singles did kitty wells release before 1952?	2	csv/204-csv/500.csv	empty table
4065	how many times was the round result higher than 11th?	6	csv/204-csv/115.csv	No valid columns found in response: ['Round', 'Result']. Available: ['Year', 'Track', 'Number', 'Team', 'Round Result', 'Car']
4086	how long is die slow in terms of time?	4:00	csv/203-csv/353.csv	empty table
4101	who has more number one singles, ed sheeran or ace wilder?	Ed Sheeran	csv/204-csv/333.csv	empty table
4105	how many episodes aired in february?	4	csv/201-csv/24.csv	empty table
4111	tell me a game that had a total score above 4.	Burscough	csv/204-csv/146.csv	No valid columns found in response: ['Home Team Score', 'Away Team Score']. Available: ['Score', 'Tie', 'Attendance', 'Away Team', 'Home Team']
4122	what comes after susie	Mark 1	csv/204-csv/309.csv	No valid columns found in response: ['SUSIE', 'Mark 1']. Available: ['Released', 'Storage', 'Model', 'Features', 'Usage']
4144	are the years in a consecutive order?	No	csv/204-csv/141.csv	No valid columns found in response: ['Year', 'Unamed: 0']. Available: ['Crude death rate (per 1000)', 'Live births', 'Natural change (per 1000)', 'Natural change', 'Deaths', 'Unnamed: 0', 'Average population (x 1000)', 'Crude birth rate (per 1000)']
4167	who produced the last track of the album?	Al West	csv/203-csv/38.csv	empty table
4172	on what date was the first episode broadcast?	8 April 2012	csv/204-csv/958.csv	No valid columns found in response: ['Episode Original Broadcast Date']. Available: ['Average', 'Original Broadcast Date', 'Remarks', 'Rank', 'Episode']
4200	"by how many chart positions higher did ""revolving door"" peak in the uk compared to the peak position of ""drowning"" in the uk?"	27	csv/201-csv/48.csv	empty table
4201	which county has the largest population?	Kilifi	csv/204-csv/778.csv	No valid columns found in response: ['Population']. Available: ['Former Province', 'County', 'Code', 'Capital', 'Population Census 2009', 'Area (km2)']
4227	how many songs are longer than 3:00?	10	csv/203-csv/701.csv	empty table
4228	how many groups of wrestlers are listed?	34	csv/203-csv/565.csv	No valid columns found in response: ['Wrestlers']. Available: ['Date:', 'Location:', 'Times:', 'Notes:', 'Wrestlers:']
4234	from where did 'stayin' alive' receive the most accolades?	Rolling Stone	csv/202-csv/43.csv	empty table
4239	what were the total number of times the championship was held in italy?	2	csv/203-csv/60.csv	No valid columns found in response: ['Championship Surface']. Available: ['Opponent in the final', 'Championship', 'Score in the final', 'Date', 'Surface', 'No.', 'Outcome']
4254	which model provides a larger hard drive: model 01 or model 02?	Model 02	csv/204-csv/451.csv	No valid columns found in response: ['Hard Drive']. Available: ['Model 01+', 'Component', 'Model e2', 'Model 01', 'model 03 (China Copy)', 'Model 2+ (Pre-production)', 'Model 02']
4261	which month(s) aired at least four titles or more?	October|November|February	csv/203-csv/685.csv	empty table
4278	what song earned the most points?	Yavo Yom	csv/203-csv/862.csv	empty table
4287	between january, october and december which month had the most rainfall?	October	csv/201-csv/37.csv	No valid columns found in response: ['Rainfall mm (inches)']. Available: ['Jun', 'Feb', 'Sep', 'Year', 'Nov', 'Dec', 'Mar', 'Aug', 'May', 'Jul', 'Jan', 'Apr', 'Month', 'Oct']
4294	"how many songs were a ""single-only release""?"	3	csv/203-csv/426.csv	empty table
4302	how many months had a record high of 111 degrees?	3	csv/201-csv/22.csv	No valid columns found in response: ['Record high °F (°C)']. Available: ['Jun', 'Feb', 'Sep', 'Year', 'Nov', 'Dec', 'Mar', 'Aug', 'May', 'Jul', 'Jan', 'Apr', 'Month', 'Oct']
4307	when will the next solar saros be after the may 24, 2199 solar saros occurs?	June 5, 2217	csv/204-csv/206.csv	No valid columns found in response: ['Date Time (Greatest) UTC']. Available: ['Location Lat,Long', 'Duration (min:sec)', 'Ref', 'Date', 'Saros', 'Gamma', 'Width (km)', 'Mag.', 'Time (Greatest) UTC', 'Type', 'Member']
4313	the artist with the first letter k	Kasia Nova	csv/203-csv/430.csv	empty table
4317	how much higher, in feet, is marmolada than vernel?	649	csv/202-csv/80.csv	No valid columns found in response: ['Marmolada', 'Vernel']. Available: ['Name.1', 'feet', 'Name', 'metres.1', 'metres', 'feet.1']
4328	what is the name of the last song on the album?	Teenage Thug (Bonus Track)	csv/203-csv/38.csv	empty table
4326	which year did western division had the larger win	2010	csv/204-csv/32.csv	No valid columns found in response: ['W–L Finish']. Available: ['Finish', 'Home', 'Road', 'Avg Attendance', 'Division', 'GA', 'GF', 'Coach', 'Season', 'W–L', 'Playoffs']
4334	what model was in service the least?	GKN Aquatrack	csv/204-csv/295.csv	No valid columns found in response: ['Version In Service']. Available: ['In Service', 'Version', 'Notes', 'Model', 'Origin', 'Type']
4340	what is the difference of weight between the maria bell and the carolus bell?	3145	csv/203-csv/283.csv	No valid columns found in response: ['Maria', 'Carolus', 'Weight']. Available: ['Diameter (mm)', 'Weight (kg)', 'Inscription', '#', 'Strike tone (ST-1/16)', 'Name']
4361	"what was the title of the episode shown before ""unpaid debts""?"	Family Business	csv/203-csv/349.csv	empty table
4375	which game had the least number of people in attendance?	Burscough	csv/204-csv/146.csv	No valid columns found in response: ['Away Team Attendance']. Available: ['Score', 'Tie', 'Attendance', 'Away Team', 'Home Team']
4388	how many viewers watched episode 6?	0.982	csv/204-csv/449.csv	empty table
4397	what is the difference in medals for fiji and tonga?	110	csv/203-csv/612.csv	No valid columns found in response: ['Fiji', 'Tonga']. Available: ['Gold', 'Silver', 'Total', 'Nation', 'Rank', 'Bronze']
4401	how many buildings do not have an image listed?	11	csv/204-csv/872.csv	No valid columns found in response: ['Image listed']. Available: ['Year of listing & ref(s)', 'Architect', 'Completed', 'Name', 'Location']
4418	what was david d'or's first album?	David D'Or	csv/203-csv/325.csv	No valid columns found in response: ['Title (English)']. Available: ['Title', 'IFPI Israel Certification', 'Year', 'Label', '(English)']
4423	how many artists had sales above 900,000?	18	csv/203-csv/7.csv	empty table
4438	what is on the obverse side of each coin?	State arms	csv/202-csv/68.csv	No valid columns found in response: ['Obverse']. Available: ['1979–1989 Obverse', 'Composition', '1979–1989 Reverse', 'Value', 'Diameter']
4445	what is the difference in the year published between iso/iec 15288 and iso/ice 20000-1?	3	csv/204-csv/200.csv	No valid columns found in response: ['Published (2008)', 'Published (2011)']. Available: ['Title', 'Description', 'Status', 'WG', 'ISO/IEC Standard']
4464	after liam reilly which artist had the next highest point total?	Linda Martin and Friends	csv/203-csv/695.csv	empty table
4461	how many more votes did the liberal democratic league win over the free-thinking democratic league?	112,781	csv/202-csv/191.csv	No valid columns found in response: ['Liberal Democratic League', 'Free-thinking Democratic League']. Available: ['Seats', '+/–', '%', 'Party', 'Votes']
4484	"is ""dem boyz"" or ""felonies"" have the featured guest p. diddy?"	Dem Boyz	csv/204-csv/184.csv	empty table
4488	how many episodes are below 2.00?	27	csv/203-csv/357.csv	empty table
4487	riaa: gold is only one of the certifications, but what is the other?	Platinum	csv/204-csv/244.csv	No valid columns found in response: ['RIAA', 'Certifications']. Available: ['Year', 'Certifications (sales threshold)', 'Peak US', 'Peak US Holiday', 'Album']
4490	when was the next episodes broadcast date after the may 27th, 2012 episode?	3 June 2012	csv/204-csv/958.csv	No valid columns found in response: ['Episode Original Broadcast Date']. Available: ['Average', 'Original Broadcast Date', 'Remarks', 'Rank', 'Episode']
4503	hank aaron played at least what number of years	22	csv/203-csv/697.csv	empty table
4517	what was the last single to be on the nz charts?	Bury Me Deep in Love	csv/203-csv/426.csv	empty table
4523	how many consecutive years did the singer not have a single on a chart?	4	csv/204-csv/574.csv	empty table
4530	the artist ash only had one song that appeared in the o.c. what is the name of that song?	Burn Baby Burn	csv/203-csv/357.csv	empty table
4561	which performer was listed at least 3 times in both the producer column and the performer column?	will.i.am	csv/203-csv/810.csv	empty table
4564	what is the number of tracks featuring 2pac?	1	csv/204-csv/74.csv	empty table
4565	number of songs that earned at least 140 million aggregate points	4	csv/204-csv/420.csv	empty table
4569	how many episodes only had one performer?	16	csv/203-csv/784.csv	No valid columns found in response: ['Performer Appearance']. Available: ['Performer', 'Appearance', 'Air Date', 'No. in Season', 'No. in Series']
4579	where was the first preseason game held?	Rose Garden	csv/204-csv/586.csv	No valid columns found in response: ['Location']. Available: ['High points', 'Date', 'Location Attendance', 'Record', 'Score', 'Team', 'High rebounds', 'Game', 'High assists']
4581	"which single was released before ""tomber""?"	Une seule vie (marcher dans le sable)	csv/203-csv/696.csv	empty table
4585	how many mills were built or first mentioned after 1800?	8	csv/204-csv/929.csv	No valid columns found in response: ['Maps First mention or built']. Available: ['First mention or built', 'Last mention or demise', 'Type', 'Maps', 'Name of mill and grid reference', 'Location']
4594	who has won more championships, serena williams or lisa raymond?	Serena Williams	csv/203-csv/719.csv	No valid columns found in response: ['Serena Williams', 'Lisa Raymond']. Available: ['Wimbledon', 'Year', 'Australian Open', 'French Open', 'US Open']
4603	what song got the same points as straatdeuntje?	L'enfant que j'étais	csv/203-csv/252.csv	empty table
4614	the first round not to have a draft pick.	2	csv/203-csv/305.csv	No valid columns found in response: ['Round #']. Available: ['Player', 'Round', 'Nationality', 'College/Junior/Club Team (League)', '#']
4629	which month averages the least precipitation in kindersley?	Feb	csv/201-csv/33.csv	No valid columns found in response: ['Precipitation mm (inches)']. Available: ['Jun', 'Feb', 'Sep', 'Year', 'Nov', 'Dec', 'Mar', 'Aug', 'May', 'Jul', 'Jan', 'Apr', 'Month', 'Oct']
4636	how many times did liz larin win a category?	7	csv/203-csv/623.csv	No valid columns found in response: ['Outstanding Rock/Pop Artist/Group', 'Outstanding Rock/Pop Songwriter', 'Outstanding Rock/Pop Vocalist']. Available: ['2011', '2004', '2006', '2010', 'Rock/Pop/Alternative', '2005', '2009']
4647	what artist is previous to music hall on the 10th draw	Deuce	csv/204-csv/915.csv	empty table
4654	what is the maximum number of people that can attend an event at windsor park?	24,734	csv/203-csv/420.csv	No valid columns found in response: ['Stadium Capacity']. Available: ['City', 'Stadium', '#', 'Home team', 'Capacity']
4657	who is the only wsl title holder from texas?	Horshu	csv/204-csv/684.csv	No valid columns found in response: ['Wrestler', 'Location']. Available: ['Date:', 'Wrestler:', 'Location:', 'Times:', 'Notes:']
4667	what track/title had the most songwriters?	Hip Hop Hooray	csv/203-csv/810.csv	empty table
4700	which dutch language electoral district of belgium has the most seats in parliament?	Antwerp	csv/202-csv/161.csv	No valid columns found in response: ['Dutch language group', 'Seats']. Available: ['Dutch language group Seats', 'French language group Seats', 'French language group Electoral district (as of 2012)', 'Dutch language group Electoral district (as of 2012)']
4711	"which single was released before ""dopeman""?"	Automatic	csv/203-csv/661.csv	empty table
4715	state a song that received no televotes.	It's not a game	csv/203-csv/430.csv	empty table
4716	after the first episode, when was will dixon's next written episode?	3	csv/203-csv/685.csv	empty table
4741	"which was from the lion king, ""can you feel the love tonight"" or ""candle on the water""?"	Can You Feel the Love Tonight	csv/204-csv/573.csv	empty table
4756	what has the least percentage in india?	Jain	csv/203-csv/90.csv	No valid columns found in response: ['% of popular votes']. Available: ['Sex ratio (rural)', 'Literacy (%)', 'Religious group', 'Sex ratio (total)', 'Sex ratio (child)', 'Population %', 'Growth (1991–2001)', 'Work participation (%)', 'Sex ratio (urban)']
4791	what was natalia's top single on the polish charts?	Coś za coś	csv/204-csv/365.csv	empty table
4804	how many encodings have a decimal above 200 for the capital letter em?	6	csv/202-csv/159.csv	No valid columns found in response: ['Encodings', 'decimal']. Available: ['Character', 'М.1', 'М', 'м', 'м.1']
4807	which opponent comes before usc?	Wake Forest	csv/204-csv/294.csv	No valid columns found in response: ['Opponent']. Available: ['Result', 'Date', 'Rank#', 'Attendance', 'Site', 'Time', 'Opponent#', 'TV']
4854	what is the total number of years ele opeloge was the samoa flag bearer at the olympics?	2	csv/204-csv/986.csv	No valid columns found in response: ['Event', 'Year']. Available: ['Event Year', 'Flag bearer', '#', 'Season']
4863	how many episodes were there?	13	csv/204-csv/494.csv	empty table
4868	how many times has natalia lesz made the usa billboard hot dance club play list?	2	csv/204-csv/365.csv	empty table
4928	how many years passed between the historic listing of public libraries in quincy and bronson?	12	csv/204-csv/423.csv	No valid columns found in response: ['Quincy', 'Bronson']. Available: ['City', 'Name', 'Location', 'Listing date']
4933	what staple has the least amount of fat?	Sweet potato	csv/203-csv/97.csv	No valid columns found in response: ['STAPLE', 'Fat']. Available: ['Wheat', 'Yam', 'Rice', 'Plantain', 'Sorghum', 'Soybean (Green)', 'STAPLE:', 'Maize / Corn', 'Potato', 'Sweet potato', 'Cassava']
4944	which year has the most singles?	1997	csv/203-csv/661.csv	empty table
4946	did paule desjardins speak german or french?	French	csv/203-csv/252.csv	empty table
4972	which single rated highest on the us mainstream rock chart?	Molly (16 Candles Down the Drain)	csv/203-csv/491.csv	empty table
4975	what song is listed in the table right before layla layla?	Kafe o te	csv/203-csv/862.csv	empty table
4988	how many people does the holon city arena in holon seat?	2,850	csv/204-csv/195.csv	No valid columns found in response: ['Stadium Capacity']. Available: ['Home city', 'Stadium', 'Team', 'Capacity', 'Last Season']
4993	what are the number of times an artist earned first place?	1	csv/203-csv/862.csv	empty table
5011	how many nominations were received in all?	10	csv/203-csv/482.csv	No valid columns found in response: ['Nominated']. Available: ['Year', 'Award', 'Result', 'Series', 'Category']
5013	which of the major staple foods contains the highest number of grams of carbohydrates in a 100 gram portion?	Rice	csv/203-csv/97.csv	No valid columns found in response: ['STAPLE', 'Carbohydrates (g)']. Available: ['Wheat', 'Yam', 'Rice', 'Plantain', 'Sorghum', 'Soybean (Green)', 'STAPLE:', 'Maize / Corn', 'Potato', 'Sweet potato', 'Cassava']
5025	how many episodes were written by matt nix?	5	csv/203-csv/349.csv	empty table
5039	what was the total penalty minutes that dave brown had on the 1993-1994 flyers?	137	csv/203-csv/31.csv	No valid columns found in response: ['penalty minutes']. Available: ['Opponent', 'Record', 'Points', 'Score', 'Game', 'November']
5033	how many places have an upper zip code listed?	0	csv/204-csv/356.csv	No valid columns found in response: ['Upper zip code']. Available: ['Number of counties', 'Lower zip code', 'Principal county', 'Name of place']
5046	which television station broadcast the most of the games?	NBC	csv/203-csv/280.csv	No valid columns found in response: ['TV']. Available: ['Week', 'Opponent', 'Game Site', 'Result', 'TV Time', 'Record', 'Date', 'Attendance']
5050	how many consecutive ranks at number 11 did the titles get?	2	csv/204-csv/449.csv	empty table
5085	what is the difference in height between key tower and 55 public square	647 feet	csv/204-csv/649.csv	No valid columns found in response: ['Key Tower', '55 Public Square', 'Height']. Available: ['Year', 'Height ft (m)', 'Floors', 'Rank', 'Notes', 'Image', 'Name']
5097	name the top single on the us billboard hot 100 chart.	Our World	csv/204-csv/672.csv	empty table
5093	was the test method for tensile strength the same as the test method tensile elongation?	yes	csv/204-csv/229.csv	No valid columns found in response: ['Tensile Strength', 'Tensile Elongation']. Available: ['4301', 'units', 'Property', 'Test method', '4645', '4435', '4630', '4275']
5108	how many locations have no photograph?	14	csv/204-csv/929.csv	No valid columns found in response: ['Photograph']. Available: ['First mention or built', 'Last mention or demise', 'Type', 'Maps', 'Name of mill and grid reference', 'Location']
5104	what other airline commenced operations the same year as eagle air?	Uganda Air Cargo	csv/204-csv/163.csv	No valid columns found in response: ['Eagle Air (Uganda)', 'Uganda Air Cargo']. Available: ['ICAO', 'AIRLINE', 'IATA', 'COMMENCED OPERATIONS', 'CALLSIGN']
5127	is episode 6 nightly rank above or below 11?	below	csv/204-csv/449.csv	empty table
5140	what was the number of clubs that entered administration in 1992?	4	csv/204-csv/923.csv	No valid columns found in response: ['Club Entered administration']. Available: ['League(s)', 'Entered administration', 'Club', 'Deduction(s)', 'Exited administration']
5149	how many albums did not have a time length?	6	csv/204-csv/631.csv	No valid columns found in response: ['Original Album Length']. Available: ['Title', 'Original Album', '#', 'English Translation', 'Length']
5172	"what was the next album released after ""the man in the mirror""?"	Past the Point of No Return	csv/203-csv/830.csv	empty table
5182	which episode had at least 1.0 viewers?	Episode Ten	csv/204-csv/449.csv	empty table
5204	what song hit the highest spot on the uk chart?	Wild World	csv/204-csv/654.csv	empty table
5215	how many singles were released in 2010?	3	csv/204-csv/365.csv	empty table
5223	what is the combined area size of the yamato flat inland plain and the yamato highland?	1344.16	csv/200-csv/33.csv	No valid columns found in response: ['Yamato flat inland plain', 'Yamato highland']. Available: ['District', 'Density per km²', 'Population', 'Area Size (km²)']
5235	total number of wins	7	csv/204-csv/386.csv	No valid columns found in response: ['Res. Record']. Available: ['Opponent', 'Event', 'Record', 'Res.', 'Date', 'Round', 'Notes', 'Time', 'Method', 'Location']
5276	what is the average percent of vitors of farmers of all years listed?	48	csv/204-csv/581.csv	No valid columns found in response: ['Farmer']. Available: ['1960', '1952', '1948', '1964', 'Unnamed: 0', '1956']
5322	which album had the single automatic?	Losing Streak	csv/203-csv/661.csv	empty table
5323	which month had 15.6 inches in rainfall and also 9.5 inches in snowfall?	Apr	csv/201-csv/33.csv	No valid columns found in response: ['Rainfall mm (inches)', 'Snowfall cm (inches)']. Available: ['Jun', 'Feb', 'Sep', 'Year', 'Nov', 'Dec', 'Mar', 'Aug', 'May', 'Jul', 'Jan', 'Apr', 'Month', 'Oct']
5332	were there more cause undetermined or miscellaneous deaths in the baltic states?	Cause undetermined	csv/203-csv/234.csv	No valid columns found in response: ['Cause undetermined', 'Miscellaneous']. Available: ['Description', 'SE Europe (Hungary, Romania, Yugoslavia & Slovakia)', 'Baltic States(Resettled in Poland during war)', 'Sudetendeutsch', 'Resettled in Poland during war(from USSR and Romania)', 'Poland', 'Total']
5340	what year had the most singles?	1991	csv/204-csv/56.csv	empty table
5348	how many viewers watched the episode together we are one?	0.953	csv/204-csv/449.csv	empty table
5351	which track had the highest peak position?	Wide Open Road	csv/203-csv/426.csv	empty table
5352	how many eastern wu rules were there?	7	csv/203-csv/347.csv	No valid columns found in response: ['Reign Era names and their year ranges']. Available: ['Reign', 'Family name (in bold) and personal name', 'Era names and their year ranges', 'Posthumous name', 'Temple name', 'Notes']
5389	how many episodes had a nightly rank of 11?	3	csv/204-csv/449.csv	empty table
5381	other than in gloucester city, name a game that was attended by more than 1,000 people.	Yeovil Town	csv/204-csv/146.csv	No valid columns found in response: ['Away Team Attendance', 'Home Team Score']. Available: ['Score', 'Tie', 'Attendance', 'Away Team', 'Home Team']
5397	what is the total number of albums listed?	8	csv/204-csv/243.csv	empty table
5427	which is the only track under two minutes?	Intro	csv/204-csv/184.csv	empty table
5423	which group of voters is listed below high school educated?	Grade School educated	csv/204-csv/581.csv	No valid columns found in response: ['Grade School educated']. Available: ['1960', '1952', '1948', '1964', 'Unnamed: 0', '1956']
5436	what episode had the highest amount of u.s viewers?	"Dead Drop|""Loose Ends"""	csv/203-csv/349.csv	empty table
5447	what were the total number of years wallace wade was a coach?	4	csv/203-csv/577.csv	No valid columns found in response: ['Coach Years']. Available: ['Tenure', 'Pct.', 'Record', 'Coach', 'Years']
5466	how long after mlk was a graduate student did he receive a laureate?	13 years	csv/203-csv/437.csv	empty table
5487	"bernadette's ""soms"" and which other song earned the same number of points?"	Computer Games	csv/204-csv/915.csv	empty table
5488	how many singles were released as part of an album?	10	csv/203-csv/751.csv	empty table
5492	what song did this producer help produce the same year he produced broken?	LoveLife (Kate Ryan song)	csv/204-csv/927.csv	empty table
5500	what single ranked top on the us cashbox?	Smokin' in the Boys Room	csv/203-csv/877.csv	empty table
5531	at most, what could a person earn for having a full house?	40	csv/203-csv/564.csv	No valid columns found in response: ['Full house']. Available: ['2 credits', '3 credits', '4 credits', 'Hand', '5 credits', '1 credit']
5546	is wembley stadium or att stadium larger?	Wembley Stadium	csv/204-csv/392.csv	No valid columns found in response: ['Stadium Capacity']. Available: ['Domed or Retractable roof', 'City', 'Stadium', 'Country', '#', 'Capacity']
5570	how many f/c's (forward/center) are on the list?	6	csv/204-csv/93.csv	No valid columns found in response: ['Player Position']. Available: ['Pick', 'Player', 'Round', 'Nationality', 'Team', 'College', 'Position']
5588	"how many songs had the word ""love"" in the title?"	2	csv/203-csv/695.csv	empty table
5638	what is the longest time on the table?	3:34:14	csv/203-csv/102.csv	No valid columns found in response: ['Time']. Available: ['Athlete', 'Place', 'Event', 'Date', 'Nation', 'Performance']
5658	how many titles did bob balsar direct?	3	csv/201-csv/39.csv	empty table
5666	what was the top attendance for this season?	17,712	csv/203-csv/290.csv	No valid columns found in response: ['OT Attendance']. Available: ['Opponent', 'Date', 'Record', 'Score', 'OT', 'Attendance', 'Game', 'Location']
5661	how many times was the score 1-0 in the 1st leg?	4	csv/203-csv/350.csv	No valid columns found in response: ['Team #2 1st leg']. Available: ['Agg.', 'Team #1', 'Team #2', '1st leg', '2nd leg']
5689	in what month was the last episode broadcast?	July	csv/204-csv/958.csv	No valid columns found in response: ['Episode Original Broadcast Date']. Available: ['Average', 'Original Broadcast Date', 'Remarks', 'Rank', 'Episode']
5699	how many cars in a unit will the en71 accommodate?	4	csv/202-csv/287.csv	No valid columns found in response: ['Number of cars in unit']. Available: ['EN57', 'EN71', 'Parameter', 'EW58']
5716	all of firehouse's singles made it onto the uk singles list, except for?	Here For You	csv/203-csv/723.csv	empty table
5727	how many months in the year had their average high f(c) degrees in the range of 80s?	3	csv/201-csv/45.csv	No valid columns found in response: ['Average high °F (°C)']. Available: ['Jun', 'Feb', 'Sep', 'Year', 'Nov', 'Dec', 'Mar', 'Aug', 'May', 'Jul', 'Jan', 'Apr', 'Month', 'Oct']
5732	how many teams won by a margin of two or more points?	5	csv/204-csv/487.csv	No valid columns found in response: ['Home team Score', 'Visiting team Score']. Available: ['Door', 'Visiting team', 'Score', 'Venue', 'Home team', 'Surface', 'Location']
5748	what other country besides the united states had players picked?	Philippines	csv/204-csv/263.csv	No valid columns found in response: ['Player Country of origin*']. Available: ['Pick', 'Player', 'Country of origin*', 'College', 'PBA team']
5793	who drank more beer, quebec or northwest territories?	Quebec	csv/204-csv/533.csv	No valid columns found in response: ['Beers', 'Quebec']. Available: ['Wine', 'Rank.2', 'Rank.1', 'Rank↓', 'Total', 'Beer', 'Spirits', 'Unnamed: 0', 'Rank']
5814	tell me the total number of chairpersons.	21	csv/204-csv/593.csv	No valid columns found in response: ['chairperson']. Available: ['1918–1921', 'Year', '1915–1918', '1905–1911', '1912–1915']
5821	how many times did their opponent score 6 goals?	2	csv/204-csv/221.csv	No valid columns found in response: ['Opponent Score']. Available: ['Opponent', 'Unnamed: 2', 'Date', 'Score', 'Venue']
5838	how many of the versions are over 6 minutes?	4	csv/203-csv/289.csv	No valid columns found in response: ['Version Length']. Available: ['Comment', 'Remixed by', 'Version', 'Year', 'Album', 'Length']
5840	what single was released after 2011?	Beat of My Heart	csv/204-csv/365.csv	empty table
5842	what was the last award to be won by this show?	Outstanding Individual Achievement in Editing for a Series (Multi-Camera Production)	csv/204-csv/787.csv	empty table
5843	which single had the largest amount of sales in germany?	Mambo No. 5	csv/203-csv/7.csv	empty table
5889	who was eliminated first, nikki dinki or viet pham?	Viet Pham	csv/203-csv/711.csv	empty table
5900	who was the first laureate in physiology or medicine?	Otto Fritz Meyerhof	csv/203-csv/437.csv	empty table
5922	what were the number of episodes in the second season?	13	csv/204-csv/449.csv	empty table
5953	who is after robert hofstadter on the list?	Martin Luther King, Jr.	csv/203-csv/437.csv	empty table
5955	is the order of bardney abbey the same as abingdon abbey?	Yes	csv/203-csv/550.csv	No valid columns found in response: ['Order Year dissolved']. Available: ['County', 'Order', 'Year dissolved', 'Name', 'Location']
5981	"which song came first: ""workin' it"" or ""catch a bad one""?"	Catch a Bad One	csv/204-csv/56.csv	empty table
5987	which artist came in last place?	Teresa Silva Carvalho	csv/203-csv/22.csv	empty table
6000	in puerto villarroel, which language is spoken more, quechua or spanish?	Quechua	csv/204-csv/359.csv	No valid columns found in response: ['Quechua', 'Spanish']. Available: ['Puerto Villarroel Municipality', 'Pojo Municipality', 'Chimoré Municipality', 'Entre Ríos Municipality', 'Language', 'Totora Municipality', 'Pocona Municipality']
6007	how many teams scored more than 5 goals in either leg of the second round?	1	csv/203-csv/350.csv	No valid columns found in response: ['Team #1 Agg.', 'Team #2 1st leg', 'Team #2 2nd leg']. Available: ['Agg.', 'Team #1', 'Team #2', '1st leg', '2nd leg']
6025	how many years before 1996 did they have at least 2 hits?	4	csv/204-csv/654.csv	empty table
6062	"other than ""dem boyz"", name a track produced by nitti."	Still Slizzard	csv/204-csv/184.csv	empty table
6064	which year saw the largest population of tower division during this time?	1881	csv/204-csv/938.csv	No valid columns found in response: ['Tower Division']. Available: ['Gore Hundred', 'Ossulstone Hundred Finsbury Division', 'Edmonton Hundred', 'Isleworth Hundred', 'Spelthorne Hundred', 'Year', 'Ossulstone Hundred Holborn Division', 'Westminster City and Liberty', 'London City Within the Walls', 'Inns of Court and Chancery', 'Elthorne Hundred', 'Ossulstone Hundred Tower Division', 'Ossulstone Hundred Kensington Division', 'Total', 'London City Without the Walls']
6101	what was there top ranked position of the season?	#14	csv/204-csv/219.csv	No valid columns found in response: ['# Rank']. Available: ['Result', 'Date', 'Rank#', 'Attendance', 'Site', 'Time', 'Opponent#', 'TV']
6119	who is the last wrestler to hold the title?	The Honky Tonk Man	csv/204-csv/684.csv	No valid columns found in response: ['Wrestler', 'Date']. Available: ['Date:', 'Wrestler:', 'Location:', 'Times:', 'Notes:']
6113	what is the difference of stations available between the higashiyama line and the kamiida line?	20	csv/203-csv/712.csv	No valid columns found in response: ['Higashiyama Line', 'Kamiiida Line']. Available: ['Last ex- tension', 'Stations', 'First section opened', 'Name.1', 'Color & Icon', 'Name', 'Mark', 'Length']
6127	what performers were in the last track?	Millennium Thug, Nas	csv/203-csv/38.csv	empty table
6128	how many medals total did poland win?	7	csv/203-csv/496.csv	No valid columns found in response: ['Gold', 'Silver', 'Bronze', 'Total']. Available: ['Silver:', 'Bronze:', 'Pos', 'Country:', 'Total:', 'Gold:']
6138	how many consecutive games were there no wins?	6	csv/204-csv/658.csv	No valid columns found in response: ['Results']. Available: ['Week', 'Kickoff', 'Opponent', 'Date', 'Results Team record', 'Game site', 'Results Final score', 'Attendance']
6156	"what song was a hit in 1995 after ""i live my life for you""?"	Here For You	csv/203-csv/723.csv	empty table
6160	how many singles were released before 2001 but after 1997?	1	csv/203-csv/696.csv	empty table
6163	what's the total combined years for thomas stouch and schwartz?	6	csv/203-csv/577.csv	No valid columns found in response: ['Coach Years']. Available: ['Tenure', 'Pct.', 'Record', 'Coach', 'Years']
6177	who was the top goal scorer?	Bobby Clarke	csv/203-csv/859.csv	No valid columns found in response: ['Visitor Score', 'Home Score']. Available: ['Home', 'Date', 'Record', 'Points', 'Score', 'Decision', 'Attendance', 'Game', 'Visitor']
6172	gshp, ground at 10degrees is next to low output temp or high output temp?	Low output temperature	csv/203-csv/195.csv	No valid columns found in response: ['Ground at 10degrees', 'Low output temperature']. Available: ['55 °C (e.g. heated timber floor)', '35 °C (e.g. heated screed floor)', '85 °C (e.g. radiator and DHW)', '45 °C (e.g. heated screed floor)', 'Pump type and source', '65 °C (e.g. radiator or DHW)', 'Typical use', '75 °C (e.g. radiator and DHW)']
6180	how many tracks are in the album?	16	csv/204-csv/184.csv	empty table
6186	how many songs were juried about eight?	1	csv/203-csv/430.csv	empty table
6195	how many counties have a population greater than 500,000?	3	csv/204-csv/778.csv	No valid columns found in response: ['Population']. Available: ['Former Province', 'County', 'Code', 'Capital', 'Population Census 2009', 'Area (km2)']
6254	which album achieved the highest peak chart position?	Finally	csv/202-csv/24.csv	empty table
6264	in what year was the best year end ranking achieved?	2011	csv/204-csv/153.csv	No valid columns found in response: ['Year End Ranking', 'Year']. Available: ['Tournament', '2002', '2011', '2001', '2004', '2006', '2008', '2010', '2003', '2012', '2013', 'W–L', '2005', '2009', '2007', '2014']
6271	who is the only writer to write an episode by themselves?	Will Dixon	csv/203-csv/685.csv	empty table
6278	"what title comes after ""keep ya head up""?"	Code of the Streets	csv/203-csv/810.csv	empty table
6285	how many times was skrein listed as an artist on a song?	5	csv/204-csv/484.csv	empty table
6291	what country is in draw 17?	Portugal	csv/204-csv/809.csv	empty table
6299	which surface was used the least?	Indoor	csv/203-csv/60.csv	No valid columns found in response: ['Championship Surface']. Available: ['Opponent in the final', 'Championship', 'Score in the final', 'Date', 'Surface', 'No.', 'Outcome']
6294	what is the total number of awards won by crud?	3	csv/203-csv/623.csv	No valid columns found in response: ['Outstanding Industrial Artist/Group', 'Outstanding Rock/Pop Artist/Group', 'Outstanding Rock/Pop Recording', 'Outstanding Rock/Pop Songwriter', 'Outstanding Rock/Pop Vocalist']. Available: ['2011', '2004', '2006', '2010', 'Rock/Pop/Alternative', '2005', '2009']
6305	how many total wolverine volumes are there?	55	csv/204-csv/696.csv	No valid columns found in response: ['Issue Volume']. Available: ['Title', 'First/Early Appearance Story/Stories', 'Main Feature Story', 'Release Date', 'Volume', 'Issue']
6311	"which year was ""try not to think"" and ""bleach"" released?"	2002	csv/203-csv/545.csv	empty table
6314	how many players are norwegian?	3	csv/204-csv/327.csv	No valid columns found in response: ['Player Nationality']. Available: ['Year', 'Player', 'Round', 'Nationality', 'Drafted by', 'Overall', 'Unnamed: 0']
6313	find a driver from finland or brazil.	Jaime Melo	csv/204-csv/210.csv	No valid columns found in response: ['LMP1 Winning Drivers', 'GT1 Winning Drivers']. Available: ['Rnd', 'LMP1 Winning Team LMP1 Winning Drivers', 'GT1 Winning Team GT1 Winning Drivers', 'LMP2 Winning Team LMP2 Winning Drivers', 'Results', 'GT2 Winning Team GT2 Winning Drivers', 'Circuit']
6327	which country had the least amount of tourism income in 2003?	Brazil	csv/203-csv/54.csv	No valid columns found in response: ['Tourism income']. Available: ['2011 TTCI Index', 'Tourism income  % GDP 2003', 'Revenues as % exports of goods and services 2003', 'World ranking Tourism Competitiv. TTCI 2011', 'Receipts per capita  2005 USD', '% Direct and indirect employment in tourism 2005', 'Average receipt per visitor 2009 (USD/turista)', 'Internl. tourism arrivals 2010 (x 1000)', 'Internl. tourism receipts. 2010 (USD (x1000)', 'Tourist arrivals per 1000 inhab (estimated)  2007', 'Selected Latin American countries']
6323	what is the combined population of makeleketla and theunissen?	8296	csv/204-csv/64.csv	No valid columns found in response: ['Makeleketla', 'Theunissen']. Available: ['Place', 'Most spoken language', 'Code', 'Population', 'Area (km2)']
6335	list three american racers consecutivly in the order they won	Clint Field|Liz Halliday|Jon Field	csv/204-csv/210.csv	No valid columns found in response: ['LMP1 Winning Drivers']. Available: ['Rnd', 'LMP1 Winning Team LMP1 Winning Drivers', 'GT1 Winning Team GT1 Winning Drivers', 'LMP2 Winning Team LMP2 Winning Drivers', 'Results', 'GT2 Winning Team GT2 Winning Drivers', 'Circuit']
6352	what is the total number of titles in 2011?	8	csv/204-csv/927.csv	empty table
6374	the patriot (danny dominion) won the title from what previous holder through an impromptu match?	Dale Gagne	csv/204-csv/684.csv	No valid columns found in response: ['Wrestler', 'Notes']. Available: ['Date:', 'Wrestler:', 'Location:', 'Times:', 'Notes:']
6405	what is the top placed country?	Sweden	csv/204-csv/809.csv	empty table
6429	who had the most weeks at number one, according to the table?	Wings	csv/203-csv/197.csv	empty table
6453	how may of the teams shut out their opponent in this round?	5	csv/204-csv/146.csv	No valid columns found in response: ['Home Team Score', 'Away Team Attendance']. Available: ['Score', 'Tie', 'Attendance', 'Away Team', 'Home Team']
6460	which player got the most yards?	Charles Frederick	csv/203-csv/8.csv	"No valid columns found in response: ['Rec. Yards']. Available: ['Avg.', 'Player', 'Long', ""TD's"", 'Yards', 'Rec.']"
6462	who shot the most at 91 m	York	csv/204-csv/234.csv	No valid columns found in response: ['York', 'Round 100 yd (91 m)']. Available: ['80 yd (73 m)', '40 yd (37 m)', '60 yd (55 m)', 'Round', '50 yd (46 m)', '100 yd (91 m)']
6485	what year saw the greatest value for manufacturing and metal in iran?	2011/12	csv/204-csv/666.csv	No valid columns found in response: ['Manufacturing and Metal - Value (billion rials)', 'IME Exchange (Including spot', 'credit and forward transactions)']. Available: ['2009/10', 'IME Exchange (Including spot, credit and forward transactions)', '2010/11', '2007/08', '2011/12', '2008/09']
6514	which competitor only lasted two weeks?	Andres Guillama	csv/203-csv/711.csv	empty table
6523	what is the most recent song on which they collaborated?	Delicious	csv/204-csv/243.csv	empty table
6545	what was the title of the only episode written by nick thiel?	Unpaid Debts	csv/203-csv/349.csv	empty table
6568	who is below richard kuhn on the list?	Vincent du Vigneaud	csv/203-csv/437.csv	empty table
6569	how many songs charted on both the us cashbox and us hot 100 but not the uk singles?	5	csv/203-csv/877.csv	empty table
6561	which model has the higher capacity, skater or surf's up?	Skater	csv/203-csv/873.csv	No valid columns found in response: ['Riders Capacity']. Available: ['Riders', 'Description', 'Width', 'Notes', 'Height', 'Capacity', 'Portable', 'Model name', 'Length']
6599	how many consecutive singles were released under the epic label?	7	csv/203-csv/123.csv	empty table
6610	what amount of time to the years span?	5 years	csv/204-csv/737.csv	No valid columns found in response: ['Year Order']. Available: ['Quantity', 'GER Nos.', 'Year', 'Order']
6631	how many times were michelin tyres used?	7	csv/204-csv/162.csv	No valid columns found in response: ['Motorcycle Tyres']. Available: ['Tyres', 'Rider', 'Motorcycle', 'Constructor', 'Team', 'Rounds', 'No']
6630	which years was a ranking below 200 achieved?	2005|2006|2009|2010|2011|2012|2013	csv/204-csv/153.csv	No valid columns found in response: ['Year End Ranking', 'Year']. Available: ['Tournament', '2002', '2011', '2001', '2004', '2006', '2008', '2010', '2003', '2012', '2013', 'W–L', '2005', '2009', '2007', '2014']
6687	how many episodes are in series 7 (1983)?	6	csv/201-csv/24.csv	empty table
6684	which season held the most wins?	2010	csv/204-csv/32.csv	No valid columns found in response: ['W–L Finish']. Available: ['Finish', 'Home', 'Road', 'Avg Attendance', 'Division', 'GA', 'GF', 'Coach', 'Season', 'W–L', 'Playoffs']
6692	what was the release date of the first single?	19 February 2001	csv/203-csv/545.csv	empty table
6699	which suture can remain to at most 42 days	Polydioxanone (PDS)	csv/204-csv/537.csv	No valid columns found in response: ['Type of absorption']. Available: ['Chromic catgut', 'Plain catgut', 'Polydioxanone (PDS)', 'Unnamed: 0', 'Polyglycolide (P.G.A.)']
6725	what is the least number of votes ever had by a loser of an election?	151	csv/204-csv/252.csv	No valid columns found in response: ['Loser Number of Votes.1']. Available: ['Party Affiliation', 'Year', 'Number of Votes', 'Percentage of Votes', 'Loser', 'Party Affiliation.1', 'Winner', 'Number of Votes.1']
6734	plain catgut and chromic catgut both have what type of structure?	Monofilament	csv/204-csv/537.csv	No valid columns found in response: ['Structure']. Available: ['Chromic catgut', 'Plain catgut', 'Polydioxanone (PDS)', 'Unnamed: 0', 'Polyglycolide (P.G.A.)']
6736	how many models use a usb docking cable?	2	csv/204-csv/451.csv	No valid columns found in response: ['Docking Cable']. Available: ['Model 01+', 'Component', 'Model e2', 'Model 01', 'model 03 (China Copy)', 'Model 2+ (Pre-production)', 'Model 02']
6746	how many songs did they have the previous year of 1987?	3	csv/204-csv/654.csv	empty table
6749	what is the only single from 2009?	Come in From the Rain	csv/203-csv/491.csv	empty table
6756	how many tracks were single-only releases?	3	csv/203-csv/426.csv	empty table
6766	how many games did the harrisburg heat win in which they scored eight or more goals?	4	csv/204-csv/151.csv	No valid columns found in response: ['Score', 'Results']. Available: ['Kickoff', 'Opponent', 'Results Score', 'Day', 'Results Record', 'Date', 'Attendance', 'Game', 'Location']
6771	how long is the horsemen track?	1:22	csv/203-csv/353.csv	empty table
6807	what is the average number of models that have usb 2.0?	5	csv/204-csv/451.csv	No valid columns found in response: ['USB']. Available: ['Model 01+', 'Component', 'Model e2', 'Model 01', 'model 03 (China Copy)', 'Model 2+ (Pre-production)', 'Model 02']
6817	the position in the 2000-01 league year was not 6th but what position?	8th	csv/204-csv/962.csv	No valid columns found in response: ['League.1 Position']. Available: ['League.1', 'Win', 'Matches', 'Lose', 'Teams', 'Position', 'League']
6845	"did the song ""gitara"" or ""yesh"" earn more points?"	Yesh	csv/203-csv/862.csv	empty table
6847	"what year was the single, ""superwoman"", released"	1991	csv/200-csv/17.csv	empty table
6864	how long did they produce singles?	17 years	csv/203-csv/629.csv	empty table
6861	how many awards did liz larin win?	7	csv/203-csv/623.csv	No valid columns found in response: ['Outstanding Rock/Pop Artist/Group', 'Outstanding Rock/Pop Songwriter', 'Outstanding Rock/Pop Vocalist']. Available: ['2011', '2004', '2006', '2010', 'Rock/Pop/Alternative', '2005', '2009']
6874	what is the total number of people holm park can hold?	3000	csv/203-csv/420.csv	No valid columns found in response: ['Stadium Capacity']. Available: ['City', 'Stadium', '#', 'Home team', 'Capacity']
6875	how many players received a score below 283?	5	csv/203-csv/499.csv	No valid columns found in response: ['Score To par']. Available: ['Player', 'Place', 'To par', 'Country', 'Score', 'Money ($)']
6884	does olivier jacque have the same time as tetsuya harada?	No	csv/203-csv/35.csv	No valid columns found in response: ['Olivier Jacque', 'Tetsuya Harada']. Available: ['Manufacturer', 'Pos', 'Points', 'Time/Retired', 'Rider']
6890	how many years were between the albums only one and toheart?	2	csv/204-csv/243.csv	empty table
6897	what is the number of french speaking artist in the draw?	3	csv/203-csv/252.csv	empty table
6891	what is the total weight for the world record in clean and jerk?	232 kg	csv/204-csv/518.csv	No valid columns found in response: ['World Record Clean & Jerk']. Available: ['Snatch', '27 November 1999', 'Athens, Greece', 'Akakios Kakiasvilis (GRE)', 'World Record', '188 kg']
6893	what is the earliest year that a film was released?	1870	csv/204-csv/18.csv	No valid columns found in response: ['1870s']. Available: ['2011', '2010s', '2016', '2018', '2010', '2012', 'Unnamed: 10', '2015', '2013', '2017', '2014']
6903	what amount of people, at most, can begin arena hold?	1,100	csv/204-csv/195.csv	No valid columns found in response: ['Stadium Capacity']. Available: ['Home city', 'Stadium', 'Team', 'Capacity', 'Last Season']
6917	what is the last year listed?	1995	csv/204-csv/438.csv	empty table
6910	tell me the number of hard surface courts.	5	csv/204-csv/127.csv	No valid columns found in response: ['Tournament Surface']. Available: ['Tournament', 'Opponent', 'Date', 'Score', 'Surface', 'No.', 'Outcome']
6918	which american country placed first?	United States (USA)	csv/203-csv/496.csv	No valid columns found in response: ['Country']. Available: ['Silver:', 'Bronze:', 'Pos', 'Country:', 'Total:', 'Gold:']
6937	which song has the most time?	You'll Be in My Heart	csv/204-csv/573.csv	empty table
6946	"how many other episodes were written by john zinman other than ""reunion""?"	3	csv/203-csv/306.csv	empty table
6951	how many christopher williams' songs made it into at least 2 of the 3 charts?	3	csv/204-csv/438.csv	empty table
6953	how many losing candidates get at least 98,000 votes?	5	csv/204-csv/252.csv	No valid columns found in response: ['Loser Number of Votes.1']. Available: ['Party Affiliation', 'Year', 'Number of Votes', 'Percentage of Votes', 'Loser', 'Party Affiliation.1', 'Winner', 'Number of Votes.1']
6962	which country took last place?	Austria	csv/203-csv/252.csv	empty table
6968	how many replays were there?	12	csv/204-csv/802.csv	No valid columns found in response: ['Replay']. Available: ['Tie no', 'Away team', 'Date', 'Score', 'Home team']
6993	how many singles did she release in all?	13	csv/204-csv/574.csv	empty table
6995	what are the number of times broadzilla won the outstanding hard rock/metal artist/group award?	2	csv/203-csv/623.csv	No valid columns found in response: ['Outstanding Hard Rock/Metal Artist/Group']. Available: ['2011', '2004', '2006', '2010', 'Rock/Pop/Alternative', '2005', '2009']
7008	name of the first nobel laureates from penn.	Otto Fritz Meyerhof	csv/203-csv/437.csv	empty table
7017	who has more households between fallon and phillips?	Phillips	csv/204-csv/572.csv	No valid columns found in response: ['Fallon', 'Phillips']. Available: ['Number of households', 'Median household income', 'Per capita income', 'County', 'Population', 'Rank', 'Median family income']
7035	who was the last opponent?	BYU	csv/203-csv/126.csv	No valid columns found in response: ['Opponent']. Available: ['Result', 'Date', 'Rank#', 'Attendance', 'Site', 'Opponent#']
7065	how many countries had at least a gdp (usd bin) of eight or greater in 2012?	39	csv/203-csv/530.csv	No valid columns found in response: ['GDP (USD bln', '2012)']. Available: ['GDP (USD PPP bln, 2012)', 'Per capita (USD, 2012)', 'GDP (USD PPP bln, 2017)', 'GDP (USD bln, 2017)', 'Per capita (USD PPP, 2017)', 'Country', 'Per capita (USD PPP, 2012)', 'Per capita (USD, 2017)', 'GDP (USD bln, 2012)']
7075	which song on the list of top 100 of the 1990s is the only one from brazil?	Tic, Tic Tac	csv/203-csv/7.csv	empty table
7100	how many songs in the table only reached position number 2?	6	csv/203-csv/197.csv	empty table
7115	which songs charted in the united states, but not the uk?	Set the Night to Music (with Roberta Flack)	csv/204-csv/654.csv	empty table
7117	candle in the wind had how many more sales than freed from desire?	1016000	csv/203-csv/7.csv	empty table
7136	what is the difference in senate opposed between john quincy adams and james garfield?	1.5	csv/203-csv/800.csv	"No valid columns found in response: ['Senate with Senate opposed', 'House with House opposed']. Available: ['House opposed', 'Years served', 'President', ""President's Party"", 'Senate with', '#', 'House with', 'Elections won', 'Senate opposed']"
7143	what country ranks the best in most categories?	Dominican Republic	csv/203-csv/54.csv	No valid columns found in response: ['World ranking', 'Dominican Republic']. Available: ['2011 TTCI Index', 'Tourism income  % GDP 2003', 'Revenues as % exports of goods and services 2003', 'World ranking Tourism Competitiv. TTCI 2011', 'Receipts per capita  2005 USD', '% Direct and indirect employment in tourism 2005', 'Average receipt per visitor 2009 (USD/turista)', 'Internl. tourism arrivals 2010 (x 1000)', 'Internl. tourism receipts. 2010 (USD (x1000)', 'Tourist arrivals per 1000 inhab (estimated)  2007', 'Selected Latin American countries']
7156	based on sales figures, what auryn album is the most popular?	Endless Road 7058	csv/201-csv/15.csv	empty table
7154	what type of suture is not to be used in conjunction with prosthetic devices?	Polydioxanone (PDS)	csv/204-csv/537.csv	No valid columns found in response: ['Contraindications']. Available: ['Chromic catgut', 'Plain catgut', 'Polydioxanone (PDS)', 'Unnamed: 0', 'Polyglycolide (P.G.A.)']
7178	title of the episode that came before the one directed by bob balaban	Bone of Contention	csv/204-csv/981.csv	empty table
7183	when did steve corino win his first wsl title?	June 11, 2005	csv/204-csv/684.csv	No valid columns found in response: ['Wrestler', 'Date']. Available: ['Date:', 'Wrestler:', 'Location:', 'Times:', 'Notes:']
7191	what is the total number of titles listed?	16	csv/204-csv/906.csv	empty table
7204	who was their last opponent of the season?	Oregon State	csv/204-csv/38.csv	No valid columns found in response: ['Opponent']. Available: ['Result', 'Date', 'Rank#', 'Site', 'Opponent#']
7219	"how many different charts did ""run"" make?"	3	csv/202-csv/240.csv	empty table
7210	which month had the record high in temperature?	July	csv/200-csv/48.csv	No valid columns found in response: ['Record high °F (°C)']. Available: ['Jun', 'Feb', 'Sep', 'Year', 'Nov', 'Dec', 'Mar', 'Aug', 'May', 'Jul', 'Jan', 'Apr', 'Month', 'Oct']
7220	what was the first single released for the epic label?	Float On	csv/203-csv/123.csv	empty table
7225	what is the structure other than monofilament	Braided	csv/204-csv/537.csv	No valid columns found in response: ['Structure']. Available: ['Chromic catgut', 'Plain catgut', 'Polydioxanone (PDS)', 'Unnamed: 0', 'Polyglycolide (P.G.A.)']
7228	how many models have a capacity other than 600?	3	csv/203-csv/873.csv	No valid columns found in response: ['Riders Capacity']. Available: ['Riders', 'Description', 'Width', 'Notes', 'Height', 'Capacity', 'Portable', 'Model name', 'Length']
7232	which month had a record high temperature of 100 degrees fahrenheit and also a record low temperature of 19 degrees fahrenheit?	January	csv/201-csv/3.csv	No valid columns found in response: ['Record high °C (°F)', 'Record low °C (°F)']. Available: ['Jun', 'Feb', 'Sep', 'Year', 'Nov', 'Dec', 'Mar', 'Aug', 'May', 'Jul', 'Jan', 'Apr', 'Month', 'Oct']
7242	what was the name of the only episode directed by bob balaban?	Revenge of the Herd	csv/204-csv/981.csv	empty table
7252	which area covers the most land in square kilometers?	Wood Buffalo	csv/203-csv/834.csv	No valid columns found in response: ['Land area (km2', '2011)']. Available: ['Land area (km2, 2011)', 'Population 2006', 'Population 1996', 'Census subdivision', 'Change in % 1996–2011', 'Population 2011', 'Province', 'Change in % 2006–2011', 'Type', 'Population 2001', 'Rank']
7276	what was the only song that got over 20 points?	Net als toen	csv/203-csv/252.csv	empty table
7281	tell me the number of times he finished above 10th place.	3	csv/204-csv/609.csv	No valid columns found in response: ['Rank Finish']. Available: ['Start', 'Finish', 'Year', 'Laps', 'Led', 'Retired', 'Rank', 'Qual', 'Car']
7303	"how many times has 'stayin' alive' been recognized as one of the rolling stone's ""500 greatest songs of all time""?"	2	csv/202-csv/43.csv	empty table
7311	which was the last album to be produced?	Lyrical Law	csv/203-csv/137.csv	No valid columns found in response: ['Released']. Available: ['Title', 'Peak chart positions US', 'Peak chart positions US R&B', 'Certifications', 'Album details']
7321	what is the only episode that aired in august 1995?	skeletons in the closet	csv/204-csv/981.csv	empty table
7343	how many songs are on prophets vs. profits?	13	csv/203-csv/37.csv	empty table
7359	which materials have a refractive index above 2.6?	Rutile|Moissanite	csv/203-csv/385.csv	"No valid columns found in response: ['Refractive index(es)']. Available: ['Material', 'Dispersion 431 – 687 nm', 'Refractive index(es) 589.3 nm', 'Thermal Cond.', ""Hardness (Mohs' scale)"", 'State of the art', 'Formula', 'Density (g/cm3)']"
7358	combined land area (in acres) of millbrook 27 and sheet harbour 36	827	csv/204-csv/251.csv	No valid columns found in response: ['Millbrook 27', 'Sheet Harbour 36']. Available: ['Date established', 'Community', 'Area', 'Population', 'Location']
7366	"which album was the next one to end up on the us dance list after ""new jack city?"""	Changes	csv/204-csv/438.csv	empty table
7377	how many times is jan scott listed under celebrity/ies taking part?	3	csv/204-csv/628.csv	No valid columns found in response: ['Name of Trial Celebrity/ies Taking Part']. Available: ['Name of Trial', 'Celebrity/ies Taking Part', 'Winner/Number of Stars', 'Date', 'Notes', 'Trial Number']
7421	what is the first title listed on the chart?	Znaj da znam	csv/204-csv/574.csv	empty table
7439	what were the total number of goals scored by the 1973-74 nhl west champion philadelphia flyers?	273	csv/203-csv/859.csv	No valid columns found in response: ['Visitor Score', 'Home Score']. Available: ['Home', 'Date', 'Record', 'Points', 'Score', 'Decision', 'Attendance', 'Game', 'Visitor']
7485	which producer had the most titles?	Andras Vleminckx	csv/204-csv/927.csv	empty table
7499	what is the number of singles that went gold?	3	csv/203-csv/799.csv	No valid columns found in response: ['Award']. Available: ['Title', 'Year', 'Result(s)', 'Award Description(s)', 'Date', 'Format(s)']
7517	how many days during the week does the show fbn live air?	5	csv/204-csv/839.csv	No valid columns found in response: ['ET Days available']. Available: ['Description', 'Program', 'Host(s)', 'ET', 'Days available']
7558	which songwriter is credited with the largest number of songs?	O. Credle	csv/203-csv/228.csv	empty table
7569	is german above or below russia in the number of people who speak that language?	below	csv/203-csv/88.csv	No valid columns found in response: ['German', 'Russian', 'Number percentage (%)']. Available: ['Number', 'females', 'percentage (%)', 'Language', 'males']
7570	what is the difference in medal count between the us and france?	4	csv/204-csv/231.csv	No valid columns found in response: ['US', 'France']. Available: ['Gold', 'Silver', 'Total', 'Nation', 'Rank', 'Bronze']
7571	what era came after jiahe?	Chiwu	csv/203-csv/347.csv	No valid columns found in response: ['Reign Era names and their year ranges']. Available: ['Reign', 'Family name (in bold) and personal name', 'Era names and their year ranges', 'Posthumous name', 'Temple name', 'Notes']
7595	what was the average attendance in 2008?	10,031	csv/204-csv/237.csv	No valid columns found in response: ['Season Average']. Available: ['Average', 'High', 'Season', 'Low', 'Season tickets']
7611	who played the most consecutive home games	San Antonio Spurs	csv/204-csv/941.csv	No valid columns found in response: ['Home Record']. Available: ['Home', 'Date', 'Record', 'Score', '#', 'Visitor']
7626	what is the longest song?	Felonies	csv/204-csv/184.csv	empty table
7628	who has more number ones in 2014, ed sheeran or pitbull?	Ed Sheeran	csv/204-csv/333.csv	empty table
7659	which position had the least number of players in round nine?	End|Tackle	csv/203-csv/815.csv	No valid columns found in response: ['Player Position']. Available: ['Player', 'College', 'Position', 'NFL Team', 'Pick #']
7674	which driver is from england allan mcnish or clint field	Allan McNish	csv/204-csv/210.csv	No valid columns found in response: ['LMP1 Winning Drivers', 'LMP2 Winning Drivers']. Available: ['Rnd', 'LMP1 Winning Team LMP1 Winning Drivers', 'GT1 Winning Team GT1 Winning Drivers', 'LMP2 Winning Team LMP2 Winning Drivers', 'Results', 'GT2 Winning Team GT2 Winning Drivers', 'Circuit']
7704	what was the only year that cybertribe won an award?	2010	csv/203-csv/623.csv	No valid columns found in response: ['Outstanding Industrial Artist/Group']. Available: ['2011', '2004', '2006', '2010', 'Rock/Pop/Alternative', '2005', '2009']
7720	"when was the single, ""am i too late"", released?"	1979	csv/200-csv/17.csv	empty table
7727	how many wins were after 1987?	3	csv/204-csv/787.csv	empty table
7736	what was the last single kitty wells released?	Amigo's Guitar	csv/204-csv/500.csv	empty table
7743	what is the total number of delegates?	7	csv/204-csv/20.csv	No valid columns found in response: ['Delegates']. Available: ['Represent', 'Hometown', 'Contestant', 'Height', 'Age']
7745	what was the difference in score between the two teams for the last game?	2	csv/204-csv/516.csv	No valid columns found in response: ['Result']. Available: ['H / A', 'Scorers', 'Date', 'Attendance', 'Result F – A', 'Opponents']
7777	"in how many films is the role listed as ""herself""?"	10	csv/202-csv/87.csv	No valid columns found in response: ['Role']. Available: ['The Trial/le Proces', 'Hilda', '1962', 'Notes']
7798	what number of years did d.v. graves serve?	4	csv/203-csv/577.csv	No valid columns found in response: ['Coach Years']. Available: ['Tenure', 'Pct.', 'Record', 'Coach', 'Years']
7806	which religion has the highest percentage represented in india?	Hindu	csv/203-csv/90.csv	No valid columns found in response: ['%']. Available: ['Sex ratio (rural)', 'Literacy (%)', 'Religious group', 'Sex ratio (total)', 'Sex ratio (child)', 'Population %', 'Growth (1991–2001)', 'Work participation (%)', 'Sex ratio (urban)']
7844	how many songs were not listed on the swiss charts?	6	csv/203-csv/696.csv	empty table
7859	who had the most televotes on the eurovision song contest 2008?	Isis Gee	csv/203-csv/430.csv	empty table
7853	did iiya illyin life more or less than 180 kg?	more	csv/204-csv/518.csv	No valid columns found in response: ['Ilya Ilyin', 'Asian Record', 'Clean & Jerk']. Available: ['Snatch', '27 November 1999', 'Athens, Greece', 'Akakios Kakiasvilis (GRE)', 'World Record', '188 kg']
7861	how many songs are at least 4 minutes long?	9	csv/203-csv/38.csv	empty table
7864	how many home games did toronto play?	5	csv/204-csv/557.csv	No valid columns found in response: ['Home Record']. Available: ['Home', 'Date', 'Record', 'Score', '#', 'Pts', 'Visitor']
7873	"how long was the song ""i see fire"" on the charts (in weeks)?"	7 weeks	csv/204-csv/333.csv	empty table
7876	what is the total number of singles released since 1994?	16	csv/203-csv/491.csv	empty table
7870	which location was used the most often?	Tokyo, Japan	csv/203-csv/565.csv	No valid columns found in response: ['Location']. Available: ['Date:', 'Location:', 'Times:', 'Notes:', 'Wrestlers:']
7885	"which came first: ""that girl"" or ""miss you""?"	Miss You	csv/204-csv/365.csv	empty table
7895	"which year was he nominated for ""cheers: the motion picture."""	1987	csv/204-csv/787.csv	empty table
7897	doron mazar, which artist(s) had the most points?	Moti Giladi and Sarai Tzuriel	csv/203-csv/862.csv	empty table
7890	which color of crayon in crayola's crayons with glitter set also includes ruby red glitter?	Royal Purple	csv/202-csv/207.csv	No valid columns found in response: ['Royal Purple With Ruby Red Glitter']. Available: ['Primary', 'Other', 'Primary.1', 'Other.1']
7909	what was natalia lesz's most popular song, according to the polish charts?	Coś za coś	csv/204-csv/365.csv	empty table
7903	which country is haifa in?	Israel	csv/200-csv/42.csv	"No valid columns found in response: ['None of the columns in the table provide information about the country where Haifa is located. The table contains climate data (average temperatures', 'precipitation) for a specific location', 'but no geographical or country-related information is present. Therefore', ""the question cannot be answered from the given table.\n\nSince no column contains information about Haifa's country"", 'and the answer ""Israel"" is not derivable from any column', 'the correct response is that **no column** is sufficient to derive the answer.\n\nHowever', 'per the instruction to return column names that are strictly necessary', 'and since the question cannot be answered at all from the table', 'we must conclude that **no column** is useful.\n\nBut the rules state: ""return a list of key name of columns without which the correct answer CANNOT be derived.""\n\nSince the answer cannot be derived from any column', 'and no column contains country information', 'the correct output is:\n\nnone']. Available: ['Jun', 'Feb', 'Sep', 'Year', 'Nov', 'Dec', 'Mar', 'Aug', 'May', 'Jul', 'Jan', 'Apr', 'Month', 'Oct']"
7932	john considine and michael vejar worked on what episode together?	The Gospel According to Legend	csv/204-csv/981.csv	empty table
7938	which team gave up the most goals?	Atlético Veragüense	csv/203-csv/171.csv	No valid columns found in response: ['Goals Conceded']. Available: ['+/- (Dif.)', 'Place (Posición)', 'Draw (PE)', 'Won (PG)', 'Goals Scored (GF)', 'Team (Equipo)', 'Played (PJ)', 'Goals Conceded (GC)', 'Points (Pts.)', 'Lost (PP)']
7996	which month had an average high of 89.0 degrees and an average low of 56.0 degrees?	July	csv/201-csv/22.csv	No valid columns found in response: ['Average high °F (°C)', 'Average low °F (°C)']. Available: ['Jun', 'Feb', 'Sep', 'Year', 'Nov', 'Dec', 'Mar', 'Aug', 'May', 'Jul', 'Jan', 'Apr', 'Month', 'Oct']
8003	what is the total number of albums that were released?	5	csv/203-csv/751.csv	empty table
8012	what is the least number of guest casts on an episode?	4	csv/204-csv/494.csv	empty table
8019	which month is the most humid?	December	csv/202-csv/57.csv	No valid columns found in response: ['% humidity']. Available: ['Jun', 'Feb', 'Sep', 'Year', 'Nov', 'Dec', 'Mar', 'Aug', 'May', 'Jul', 'Jan', 'Apr', 'Month', 'Oct']
8028	is nashot junction closer to shipon junction or avital junction?	Shipon Junction	csv/203-csv/333.csv	No valid columns found in response: ['Nashot Junction', 'Shipon Junction', 'Avital Junction']. Available: ['Kilometers', 'Name', 'Location', 'Intersecting routes']
8032	how many stadiums hold ore than 2000 people?	8	csv/204-csv/195.csv	No valid columns found in response: ['Stadium Capacity']. Available: ['Home city', 'Stadium', 'Team', 'Capacity', 'Last Season']
8057	"what was the number of weeks that julie covington's single "" don't cry for me argentinia,"" was at number 1 in 1977?"	7	csv/203-csv/197.csv	empty table
8062	what was the last single released by the triffids?	Save What You Can	csv/203-csv/426.csv	empty table
8066	how many seasons had average attendance of at least 15,000 at the stadio ennio tardini?	5	csv/204-csv/237.csv	No valid columns found in response: ['Season Average']. Available: ['Average', 'High', 'Season', 'Low', 'Season tickets']
8076	which toadies' song ranked highest in the us main chart in 1995?	Possum Kingdom	csv/203-csv/751.csv	empty table
8096	what is the total number of interludes on the list?	3	csv/204-csv/906.csv	empty table
8112	how much higher is the takapu road station than the wellington station?	38.6m	csv/202-csv/115.csv	No valid columns found in response: ['Takapu Road', 'Wellington']. Available: ['Height above sea level (m)', 'Opened', 'Closed', 'Notes', 'Distance from Wellington', 'Station']
8136	what is the number of top ten hits kitty wells had in 1953 alone?	3	csv/204-csv/500.csv	empty table
8186	who is the only person that received a nobel peace prize?	Martin Luther King, Jr.	csv/203-csv/437.csv	empty table
8190	what artist previous to july made blue?	Big Bang	csv/204-csv/420.csv	empty table
8193	how many wins does gina carano have in mma	7	csv/204-csv/386.csv	No valid columns found in response: ['Res. Record']. Available: ['Opponent', 'Event', 'Record', 'Res.', 'Date', 'Round', 'Notes', 'Time', 'Method', 'Location']
8203	what is the number of capacity that mega disk'o is able to hold?	1000	csv/203-csv/873.csv	No valid columns found in response: ['Riders Capacity']. Available: ['Riders', 'Description', 'Width', 'Notes', 'Height', 'Capacity', 'Portable', 'Model name', 'Length']
8244	"which track plays before ""felonies""?"	Dem Boyz	csv/204-csv/184.csv	empty table
8245	what is the population of the yamato flat inland plain	1,282	csv/200-csv/33.csv	No valid columns found in response: ['Population Density per km²']. Available: ['District', 'Density per km²', 'Population', 'Area Size (km²)']
8259	which country earned at least 2 gold medals and 2 silver medals in boxing at the 1960 olympics?	Italy	csv/203-csv/496.csv	No valid columns found in response: ['Country', 'Gold', 'Silver']. Available: ['Silver:', 'Bronze:', 'Pos', 'Country:', 'Total:', 'Gold:']
8289	"when did ""drowning"" peak at 24 in the us alternate group?"	2002	csv/201-csv/48.csv	empty table
8304	who wrote with o.c. the most?	A. Best	csv/203-csv/228.csv	empty table
8309	"what is the difference in chart position between ""bleach"" and ""you & me""?"	10	csv/203-csv/545.csv	empty table
8317	how many songs were not on albums, being only released as a single?	12	csv/203-csv/830.csv	empty table
8330	how many viewers watched the season finale?	0.997	csv/204-csv/449.csv	empty table
8339	is the total score for december 26 the same score as january 2?	No	csv/203-csv/517.csv	No valid columns found in response: ['Visitor Score', 'Home Record']. Available: ['Home', 'Date', 'Record', 'Score', '#', 'Pts', 'Visitor']
8349	which song stayed at no.1 for the most amount of weeks.	Mull of Kintyre	csv/203-csv/197.csv	empty table
8357	"what single did the band released after ""all she wrote""?"	Reach for the Sky	csv/203-csv/723.csv	empty table
8360	what is the first single listed?	Neenah Menasha	csv/203-csv/491.csv	empty table
8364	how many drivers finished with a time less than 4:00:00?	2	csv/203-csv/399.csv	No valid columns found in response: ['Time Difference']. Available: ['Driver', 'Difference', 'Points', 'Time', 'Pos.', 'Co-driver', 'Car']
8367	what year was the highest population recorded in northern dobruja?	1992	csv/202-csv/196.csv	No valid columns found in response: ['Population', 'Year']. Available: ['Ethnicity', '1966', '2002', '1992', '1880', '1977', '1913', '1899', '19301', '1956']
8379	what was the first air date of season 1?	September 28, 1996	csv/203-csv/685.csv	empty table
8397	how many nominees were there in 1985?	4	csv/204-csv/787.csv	empty table
8398	what is the only movie to win best scary scene before kuntilanak did?	Hantu Tinta	csv/203-csv/818.csv	No valid columns found in response: ['Best Scary Scene']. Available: ['1995', '2004', '2006', 'Kategori', '2005', '2007']
8401	what year was the best year end ranking in?	2002	csv/203-csv/464.csv	No valid columns found in response: ['Year End Ranking', 'Year']. Available: ['Tournament', '2002', '2011', '2001', '2004', '2000', '2006', '2008', '2010', '2003', '2012', 'SR', 'W–L', '2005', '2009', '2007']
8411	how many episodes aired in may 1995?	4	csv/204-csv/981.csv	empty table
8430	what album was previous to one dream?	History of Salary Man OST	csv/204-csv/243.csv	empty table
8433	tell me the number of matches played on clay.	5	csv/204-csv/868.csv	No valid columns found in response: ['Tournament Surface']. Available: ['Tournament', 'Opponent', 'Date', 'Score', 'Surface', 'No.', 'Outcome']
8442	how many tracks were at least 3 minutes or more in length?	10	csv/203-csv/701.csv	empty table
8490	which artist came in last place in the national final?	The Memories	csv/203-csv/695.csv	empty table
8492	when was the last premier date of academy fantasia?	June 23, 2013	csv/203-csv/288.csv	No valid columns found in response: ['Season Premiere date']. Available: ['Premiere date', 'Contestants in order of elimination', 'Number of Concerts', 'Finalists', 'The Winner', 'Runner-up', 'Number of Contestants', 'Season']
8504	"which collaboration featuring plan b is ranked alphabetically above ""broken wings"" (2005)?"	Bring it back	csv/204-csv/484.csv	empty table
8505	how many tracks in word...life have at most two songwriters?	11	csv/203-csv/228.csv	empty table
8507	what is the total number of years for singles by philips label?	3	csv/204-csv/672.csv	empty table
8515	who was earlier, t.v. sivaraopantulu or gynatevenkatarao?	T.V. SivaraoPantulu	csv/204-csv/593.csv	No valid columns found in response: ['chairperson']. Available: ['1918–1921', 'Year', '1915–1918', '1905–1911', '1912–1915']
8520	which song of his reached number 1 in the us charts?	You're Gettin' to Me Again	csv/203-csv/830.csv	empty table
8532	what was the surface at most of the games?	Clay	csv/204-csv/487.csv	No valid columns found in response: ['Door Surface']. Available: ['Door', 'Visiting team', 'Score', 'Venue', 'Home team', 'Surface', 'Location']
8533	how many locations were used at least twice?	2	csv/203-csv/565.csv	No valid columns found in response: ['Times', 'Location']. Available: ['Date:', 'Location:', 'Times:', 'Notes:', 'Wrestlers:']
8543	which character is mentioned the most in the episode summaries?	Clegg	csv/201-csv/24.csv	empty table
8552	which single did she first release?	Znaj da znam	csv/204-csv/574.csv	empty table
8582	"which song comes directly before ""down the charts""?"	I Remember	csv/203-csv/37.csv	empty table
8607	which artist scored the most points?	Liam Reilly	csv/203-csv/695.csv	empty table
8613	the sagas of... contains this number of songs?	10	csv/203-csv/701.csv	empty table
8625	"what is the highest position a song from ""bonafide"" reached on any chart?"	1	csv/204-csv/654.csv	empty table
8645	how many years after the george gordon meade memorial was built was the victims of communism memorial built?	80	csv/204-csv/191.csv	No valid columns found in response: ['George Gordon Meade Memorial', 'Victims of Communism Memorial']. Available: ['Title', 'Material', 'Location/GPS Coordinates', 'Year', 'Owner', 'Dimensions', 'Artist']
8641	which countries have same gdp growth as mauritius	Mali	csv/203-csv/296.csv	No valid columns found in response: ['GDP Growth', '2007-2011 (in %)']. Available: ['GDP Growth, 2007-2011 (in %)', 'Total GDP (nominal) (billion US$)', 'GDP per capita (US$, PPP)', 'Country', 'HDI']
8650	what is the shortest song from the album?	My People	csv/203-csv/37.csv	empty table
8661	"how many people wrote ""hip hop hooray""?"	8	csv/203-csv/810.csv	empty table
8675	how many times were the san antonio spurs at home in december of 1976?	6	csv/204-csv/941.csv	No valid columns found in response: ['Home Record']. Available: ['Home', 'Date', 'Record', 'Score', '#', 'Visitor']
8696	what are the total number of singles in 1974?	3	csv/203-csv/877.csv	empty table
8711	"how many sales did the single ""tic tic tac"" have?"	980,000	csv/203-csv/7.csv	empty table
8724	which month had the most rainfall?	June	csv/201-csv/33.csv	No valid columns found in response: ['Rainfall mm (inches)']. Available: ['Jun', 'Feb', 'Sep', 'Year', 'Nov', 'Dec', 'Mar', 'Aug', 'May', 'Jul', 'Jan', 'Apr', 'Month', 'Oct']
8735	what is the name of the first song title on this chart?	Timber	csv/204-csv/333.csv	empty table
8741	when did the album hallelujah - live volume 2 come out?	2009	csv/201-csv/5.csv	empty table
8747	what is the total number of episodes that were written by craig o'neill?	3	csv/203-csv/349.csv	empty table
8749	which single by schnell fenster reached the band's highest position on the new zealand peak chart?	Whisper	csv/202-csv/184.csv	empty table
8748	what cities are served by the nîmes-alès-camargue-cévennes airport?	Nîmes / Garons	csv/200-csv/26.csv	No valid columns found in response: ['City served']. Available: ['ICAO', 'IATA', 'Airport name', 'Usage', 'City served / Location']
8752	what is the only modest mouse single released under the hit or miss label?	Birds vs. Worms	csv/203-csv/123.csv	empty table
8764	"what single was released next after ""tomber""?"	Elle s'ennuie	csv/203-csv/696.csv	empty table
8787	what is the name of the last title listed in this chart?	Helmholtz Resonance	csv/203-csv/306.csv	empty table
8809	"name one other single that was on the losing streak album besides ""dopeman""."	Automatic	csv/203-csv/661.csv	empty table
8811	which has a higher population density, greater glasgow or falkirk?	Greater Glasgow	csv/203-csv/74.csv	No valid columns found in response: ['Greater Glasgow', 'Falkirk', 'Density']. Available: ['Density (People/km²)', 'Area (km²)', 'Major subdivisions', 'Population (2001 Census)', 'Metropolitan Area', 'Urban Area', 'Rank']
8820	has eightysix been credited for a song with no other writers?	no	csv/204-csv/927.csv	empty table
8830	how many assemblies have their been?	12	csv/204-csv/54.csv	No valid columns found in response: ['Pondicherry Assembly Duration']. Available: ['Party Affiliation', 'Duration', 'Pondicherry Assembly', 'Name of M.L.A.', 'Election Year']
8878	name a girl that had the same score in cycling and archery.	Amanda	csv/204-csv/345.csv	No valid columns found in response: ['Cycling', 'Archery']. Available: ['Discipline', 'Javine H', 'Bernie', 'Michelle', 'Julia', 'Amanda']
8896	what was the rank of the last episode broadcasted?	3	csv/204-csv/958.csv	No valid columns found in response: ['Episode Original Broadcast Date', 'Average Rank']. Available: ['Average', 'Original Broadcast Date', 'Remarks', 'Rank', 'Episode']
8905	what division comes after jaffna	Mannar Town	csv/204-csv/217.csv	No valid columns found in response: ['Division', 'Admin']. Available: ['25 Feb', '2 Mar', '31 Mar', 'Admin District', '16 Feb', '13 Mar', '30 Mar', '6 Mar', '11 Feb', '11 Mar', '9 Feb', '4 Mar', '27 Feb', '24 Mar', 'Camp', 'Div Sec Division']
8918	what was the only single to break the top 10 in us rap?	Mistadobalina	csv/204-csv/56.csv	empty table
8941	"what track was next after ""all i got""?"	Black Rose	csv/203-csv/701.csv	empty table
8942	after street glory, what song is listed?	We Break Bread	csv/203-csv/38.csv	empty table
8969	what was the title of the only single to not receive top 20 on the uk singles chart?	By the Devil (I Was Tempted)	csv/204-csv/672.csv	empty table
8961	is capella's current magnitude more than vega's current magnitude?	Yes	csv/203-csv/56.csv	No valid columns found in response: ['Capella', 'Vega']. Available: ['End year', 'Maximum magnitude', 'Current distance', 'Star', 'Distance at maximum (LY)', 'Maximum year', 'Current magnitude', 'Start year']
8970	which team scored the most goals in the apertura 2008 standings?	Alianza	csv/203-csv/171.csv	No valid columns found in response: ['Goals Scored']. Available: ['+/- (Dif.)', 'Place (Posición)', 'Draw (PE)', 'Won (PG)', 'Goals Scored (GF)', 'Team (Equipo)', 'Played (PJ)', 'Goals Conceded (GC)', 'Points (Pts.)', 'Lost (PP)']
9009	amount of seasons with a winning record	2	csv/204-csv/32.csv	No valid columns found in response: ['W–L Finish']. Available: ['Finish', 'Home', 'Road', 'Avg Attendance', 'Division', 'GA', 'GF', 'Coach', 'Season', 'W–L', 'Playoffs']
9021	on how many songs is m. isham listed as a songwriter?	3	csv/203-csv/810.csv	empty table
9048	how many total points did the winning teams score in the round of 16?	22	csv/204-csv/510.csv	No valid columns found in response: ['Team 1 Agg.', 'Team 2 1st leg', 'Team 2 2nd leg']. Available: ['Agg.', 'Team 2', 'Team 1', '1st leg', '2nd leg']
9069	what was the name of the title previous to david & shlomo?	Begovah Mishtaneh	csv/203-csv/325.csv	No valid columns found in response: ['Title (English)']. Available: ['Title', 'IFPI Israel Certification', 'Year', 'Label', '(English)']
9085	how many more sales did elton john have than lou bega?	497000	csv/203-csv/7.csv	empty table
9088	what is the average score on 100m sprint?	2.8	csv/204-csv/345.csv	No valid columns found in response: ['100m sprint']. Available: ['Discipline', 'Javine H', 'Bernie', 'Michelle', 'Julia', 'Amanda']
9099	what is the longest track on the album?	Screwed Up	csv/204-csv/74.csv	empty table
9091	the difference between the number of medals of italy and the number of medals of poland	1	csv/204-csv/231.csv	No valid columns found in response: ['Italy', 'Poland']. Available: ['Gold', 'Silver', 'Total', 'Nation', 'Rank', 'Bronze']
9121	which title has the longest name?	Mad Brothas Know His Name	csv/204-csv/906.csv	empty table
9139	what home team has the most points scored?	Aberdeen	csv/204-csv/475.csv	No valid columns found in response: ['Home Team Score']. Available: ['Agg', 'Date', 'Score', 'Away Team', 'Home Team']
9163	what is the least amount of laps completed?	75	csv/203-csv/99.csv	No valid columns found in response: ['Laps']. Available: ['Race Distance Miles (km)', 'Date', 'Average Speed (mph)', 'Report', 'Team', 'Race Distance Laps', 'Season', 'Chassis', 'Race Time', 'Engine', 'Driver']
9192	in the irish national final for the eurovision song contest in 1990, the artist singing which song received third place?	Connor Stevens	csv/203-csv/695.csv	empty table
9191	what was this players ranking after 2005?	125	csv/204-csv/153.csv	No valid columns found in response: ['Year End Ranking']. Available: ['Tournament', '2002', '2011', '2001', '2004', '2006', '2008', '2010', '2003', '2012', '2013', 'W–L', '2005', '2009', '2007', '2014']
9243	what were the total number of times the venue was located in the united states?	6	csv/204-csv/450.csv	No valid columns found in response: ['Venue Position']. Available: ['Year', 'Event', 'Notes', 'Venue', 'Competition', 'Position']
9240	what number of tornadoes occurred in 1965?	4	csv/204-csv/899.csv	No valid columns found in response: ['Area Tornadoes']. Available: ['Area', 'Tornadoes', 'Event', 'Casualties', 'Date', 'Notes']
9257	how long was it between losing streak almbum and gnv fla in years.	11	csv/203-csv/661.csv	empty table
9255	how many of the games were the illini ranked?	20	csv/204-csv/22.csv	No valid columns found in response: ['# Rank']. Available: ['Result', 'Date', 'Record', 'Rank#', 'Attendance', 'Site', 'Opponent#']
9272	what is the date of the game after december 22?	December 28	csv/204-csv/151.csv	No valid columns found in response: ['Date Kickoff']. Available: ['Kickoff', 'Opponent', 'Results Score', 'Day', 'Results Record', 'Date', 'Attendance', 'Game', 'Location']
9283	how many olympics has sofia akhmeteli represented georgia in the olympics?	2	csv/204-csv/266.csv	No valid columns found in response: ['Event', 'Year']. Available: ['Event Year', 'Flag bearer', '#', 'Season']
9292	"how many movies was she in after the film ""rent-a-cop""?"	9	csv/202-csv/87.csv	No valid columns found in response: ['Year', 'Movie']. Available: ['The Trial/le Proces', 'Hilda', '1962', 'Notes']
9296	which month is the best for someone who enjoys the rain?	June	csv/201-csv/33.csv	No valid columns found in response: ['Rainfall mm (inches)']. Available: ['Jun', 'Feb', 'Sep', 'Year', 'Nov', 'Dec', 'Mar', 'Aug', 'May', 'Jul', 'Jan', 'Apr', 'Month', 'Oct']
9312	which solid base album had the most charting singles?	Finally	csv/202-csv/24.csv	empty table
9379	other artist to end in the top two on the year-end chart besides psy	Busker Busker	csv/204-csv/420.csv	empty table
9378	what was the total number of positions in the 125cc classification?	43	csv/204-csv/214.csv	No valid columns found in response: ['Pos No.']. Available: ['Manufacturer', 'Pos', 'Laps', 'Points', 'Time/Retired', 'Rider', 'No.', 'Grid']
9373	which has lasted longer stoc or lctes?	STOC	csv/204-csv/916.csv	No valid columns found in response: ['LCTES', 'STOC']. Available: ['2011', '-', '1996', '2015', '1999', 'CCC', 'IEEE Conference on Computational Complexity', '2007', '1993']
9383	last song of the year to chart in the top ten	Return	csv/204-csv/420.csv	empty table
9391	"how many songs from the album ""intentions"" charted in the uk?"	3	csv/204-csv/654.csv	empty table
9397	"how many different albums does the song ""i see fire"" appear on?"	3	csv/204-csv/333.csv	empty table
9399	how many positions are assigned per player?	1	csv/204-csv/635.csv	No valid columns found in response: ['Player Position']. Available: ['Selection', 'Player', 'Round', 'College', 'Position']
9392	how many from the philippines?	4	csv/204-csv/263.csv	No valid columns found in response: ['Player Country of origin*']. Available: ['Pick', 'Player', 'Country of origin*', 'College', 'PBA team']
9415	what was the next album after kitty wells?	Country Hit Parade	csv/204-csv/500.csv	empty table
9422	was there more downloads in may or october?	October	csv/204-csv/420.csv	empty table
9431	what component comes after bluetooth?	Wacom	csv/204-csv/451.csv	No valid columns found in response: ['Bluetooth', 'Wacom']. Available: ['Model 01+', 'Component', 'Model e2', 'Model 01', 'model 03 (China Copy)', 'Model 2+ (Pre-production)', 'Model 02']
9448	how many consecutive years did w. harold browne coach	10	csv/204-csv/95.csv	No valid columns found in response: ['Years at Nebraska Alma Mater']. Available: ['Title', 'First year in this position', 'Years at Nebraska', 'Alma Mater', 'Name']
9455	"what is the song after ""ova here""?"	Things Is About To Change	csv/203-csv/37.csv	empty table
9459	what was the total number of singles that the band released?	8	csv/203-csv/723.csv	empty table
9518	how long in years from the 1st edition to the 18th edition?	17	csv/204-csv/685.csv	No valid columns found in response: ['Edition', 'Year']. Available: ['Prose Prize', 'Honourable Mention(s)', 'Poetry Prize', 'Honourable Mention(s).1', 'Poetry Accessit(s)', 'Prose Accessit(s)', 'Unnamed: 0']
9521	who is the over all winner in the table, liberty or australia ii?	Australia II	csv/203-csv/826.csv	No valid columns found in response: ['Winner Yacht', 'Loser Yacht.1']. Available: ['Yacht.1', 'Loser', 'Date', 'Score', 'Yacht', 'Delta', 'Winner']
9539	what is the average speed on each runner in the 4 x 100 m relay?	37.10	csv/203-csv/102.csv	No valid columns found in response: ['Event Performance']. Available: ['Athlete', 'Place', 'Event', 'Date', 'Nation', 'Performance']
9555	what was the difference in the number of votes between otero county and harding county?	19,345	csv/204-csv/956.csv	No valid columns found in response: ['Otero County', 'Harding County']. Available: ['County', 'Votes.1', 'Obama', 'Others', 'Romney', 'Total', 'Votes.2', 'Votes']
9586	"which song came next to ""ain't no sunshine?"""	That Word (L.O.V.E.)	csv/203-csv/629.csv	empty table
9595	what is the next train number that followed 56661?	70106	csv/204-csv/824.csv	No valid columns found in response: ['Train No']. Available: ['Train Name', 'Train No:', 'Origin', 'No.', 'Destination']
9591	how many months how a record low below 25 degrees?	6	csv/201-csv/22.csv	No valid columns found in response: ['Record low °F (°C)']. Available: ['Jun', 'Feb', 'Sep', 'Year', 'Nov', 'Dec', 'Mar', 'Aug', 'May', 'Jul', 'Jan', 'Apr', 'Month', 'Oct']
9605	"name three singles from the album ""wandering spirit."""	Sweet Thing|Wired All Night|Out of Focus	csv/200-csv/22.csv	empty table
9620	when did ed sheeran get his first number one of the year?	17 January 2014	csv/204-csv/333.csv	empty table
9640	"what were the number of performers on ""the joint right here (remix)"""	4	csv/204-csv/238.csv	empty table
9641	"next to mystique's ""op zo'n dag"", who had the least amount of points?"	"Deuce ""Stopwatch"""	csv/204-csv/915.csv	empty table
9657	tom terrific and the franchise are nicknames of this same player	Tom Seaver	csv/203-csv/697.csv	empty table
9660	"in what year was the single ""that girl"" on the polish charts?"	2010	csv/204-csv/365.csv	empty table
9676	how many of the laureates received the nobel peace prize?	1	csv/203-csv/437.csv	empty table
9680	what orbit pair is listed below ef	EG	csv/204-csv/632.csv	No valid columns found in response: ['EF']. Available: ['Period (years)', 'Notes', 'Most Recent Position Angle', 'Separation (au)', 'Separation (arcsec)', 'Unnamed: 0', 'Semi-major axis (arcseconds)']
9686	what was the highest score achieved by rhein fire?	31	csv/204-csv/123.csv	No valid columns found in response: ['Final score']. Available: ['Week', 'Kickoff', 'Opponent', 'Date', 'Results Team record', 'Game site', 'Results Final score', 'Attendance']
9699	which award did hantu tinta and kuntilanak both receive?	Best Scary Scene	csv/203-csv/818.csv	No valid columns found in response: ['Best Scary Scene']. Available: ['1995', '2004', '2006', 'Kategori', '2005', '2007']
9718	what is the first single of the toadies?	Dig a Hole	csv/203-csv/751.csv	empty table
9752	which performance was last on this album?	Funky Roll Outro	csv/204-csv/906.csv	empty table
9767	how many competitors were under the age of 30?	5	csv/203-csv/711.csv	empty table
9770	what are the total number of fights he has been in?	8	csv/204-csv/363.csv	No valid columns found in response: ['Res. Record']. Available: ['Opponent', 'Event', 'Record', 'Res.', 'Date', 'Round', 'Notes', 'Time', 'Method', 'Location']
9784	number of times buckwild produced a song:	8	csv/203-csv/228.csv	empty table
9791	how many songs were released after 1977?	10	csv/203-csv/830.csv	empty table
9800	how many top 10 uk-charting singles did blue mink release?	4	csv/204-csv/672.csv	empty table
9801	who produced the most tracks?	Buckwild	csv/203-csv/228.csv	empty table
9807	how many albums are more than 3:30 long?	7	csv/204-csv/631.csv	No valid columns found in response: ['Original Album Length']. Available: ['Title', 'Original Album', '#', 'English Translation', 'Length']
9803	what is the difference in size (cents) for tridecimal major third and whole tone, minor tone?	266.67	csv/203-csv/445.csv	No valid columns found in response: ['tridecimal major third', 'whole tone', 'minor tone']. Available: ['size (cents)', 'midi.1', 'interval name', 'just ratio', 'just (cents)', 'error', 'size (steps)', 'midi']
9818	what was the only grand slam where fabrice santoro reached as far as a quarterfinal?	Australian Open	csv/203-csv/827.csv	No valid columns found in response: ['Australian Open']. Available: ['1991', '2001', '2004', '2008', '1999', '1998', '2005', '1997', '1995', 'Career Win-Loss', '2006', '2003', 'Career SR', '2009', 'Name', '2002', '1990', '2000', '2010', '1992', '1993', '2007', '1996', '1989', '1994']
9832	how many titles are on the album?	14	csv/203-csv/701.csv	empty table
9851	what percentage of the poems are by unknown authors?	50%	csv/201-csv/31.csv	empty table
9888	how many singles have a ranking of 1 under ger?	1	csv/201-csv/48.csv	empty table
9882	how many teams entered adminstration before 2004?	32	csv/204-csv/923.csv	No valid columns found in response: ['Club Entered administration']. Available: ['League(s)', 'Entered administration', 'Club', 'Deduction(s)', 'Exited administration']
9924	how many times has ricky landell held the wsl title?	1	csv/204-csv/684.csv	No valid columns found in response: ['Wrestler', 'Times']. Available: ['Date:', 'Wrestler:', 'Location:', 'Times:', 'Notes:']
9947	what was the last year of manufacture for these revolvers?	1875	csv/203-csv/253.csv	"No valid columns found in response: [""Frame Years Mfg'd""]. Available: ['Caliber(s)', 'Production', 'Notes', 'Model', ""Years Mfg'd"", 'Barrel', 'Frame']"
9961	how long os the longest track on the album?	4:47	csv/203-csv/38.csv	empty table
9966	what was the first single that this music group released?	Melting Pot	csv/204-csv/672.csv	empty table
9969	what was the date of the last episode that was broadcast?	1 July 2012	csv/204-csv/958.csv	No valid columns found in response: ['Episode Original Broadcast Date']. Available: ['Average', 'Original Broadcast Date', 'Remarks', 'Rank', 'Episode']
9996	what is the title of the first song in the album?	Zero	csv/203-csv/701.csv	empty table
9991	which city has more in their built-up area than any other?	Guangzhou	csv/203-csv/363.csv	No valid columns found in response: ['City 2010 census Chinese Built-up Area']. Available: ['Built-up Area', 'City 2010 census', 'Chinese', 'Administrative Area', 'Level', 'Urban Area', 'Remarks', 'Province-level division']
10006	"which episode aired first--""birth of a legend"" or ""skeletons in the closest""?"	birth of a legend	csv/204-csv/981.csv	empty table
10023	in what album did the toadies' song mister love appear?	Velvet	csv/203-csv/751.csv	empty table
10034	how long is the longest track on the album?	5:02	csv/204-csv/74.csv	empty table
10033	what was the only episode broadcasted in july 2012?	13	csv/204-csv/958.csv	No valid columns found in response: ['Episode Original Broadcast Date']. Available: ['Average', 'Original Broadcast Date', 'Remarks', 'Rank', 'Episode']
10048	what is the number of albums made in 2012?	4	csv/204-csv/243.csv	empty table
10059	how many songs were on the track list?	17	csv/203-csv/38.csv	empty table
10080	how much larger was the 2009 population of chicago than the 2009 population of toronto?	4,063,445	csv/204-csv/113.csv	No valid columns found in response: ['2009 population', '2009 population']. Available: ['CSA/CMA 2009 population', 'Area', 'State/ Province', 'Projected increase 2009–2025', 'Projected 2025 population', 'Rank']
10109	how many solid base singles charted on the finnish singles chart?	3	csv/202-csv/24.csv	empty table
10108	did peru win more or less gold medals than chile?	more	csv/204-csv/785.csv	No valid columns found in response: ['Peru', 'Chile']. Available: ['Gold', 'Silver', 'Total', 'Nation', 'Rank', 'Bronze']
10120	how many total people can fit in windsor park?	24,734	csv/203-csv/420.csv	No valid columns found in response: ['Stadium Capacity']. Available: ['City', 'Stadium', '#', 'Home team', 'Capacity']
10126	how many candidates got more than 5% of the votes?	4	csv/204-csv/951.csv	No valid columns found in response: ['Votes Percentage']. Available: ['Candidate', 'Counties', 'Percentage', 'Delegates', 'Votes']
10134	how many episodes of psi factor: chronicles of the paranormal originally aired in 1996?	10	csv/203-csv/685.csv	empty table
10138	which title came first?	Time Out (For Serious Fun)	csv/203-csv/629.csv	empty table
10136	how many sites were designated for both biological and geological interest?	17	csv/203-csv/207.csv	No valid columns found in response: ['Biological interest', 'Geological interest']. Available: ['Area Acres', 'Map & Citation', 'Other designations', 'Coordinates & Grid ref', 'Reason for designation Geological interest', 'Year in which notified', 'Site name', 'Area Hectares', 'Reason for designation Biological interest']
10178	"which single was release earlier: ""it wasn't god who made honky tong angels"" or ""hey joe""?"	It Wasn't God Who Made Honky Tonk Angels	csv/204-csv/500.csv	empty table
10191	which country went first in this competition?	Malta	csv/204-csv/809.csv	empty table
10201	what was the name of the first episode?	Birth of a Legend	csv/204-csv/981.csv	empty table
10208	how many different performers appeared during this season?	16	csv/203-csv/784.csv	No valid columns found in response: ['Performer Appearance']. Available: ['Performer', 'Appearance', 'Air Date', 'No. in Season', 'No. in Series']
10210	what was the name of natalia lesz's first single?	Fall	csv/204-csv/365.csv	empty table
10218	how many riders on the surf's up?	20	csv/203-csv/873.csv	No valid columns found in response: ['Riders Capacity']. Available: ['Riders', 'Description', 'Width', 'Notes', 'Height', 'Capacity', 'Portable', 'Model name', 'Length']
10238	"tell me the single released immediately before ""hey joe""."	I Don't Claim to Be an Angel	csv/204-csv/500.csv	empty table
10239	what year did the edmonton rush have their top season?	2010	csv/204-csv/32.csv	No valid columns found in response: ['W–L Finish']. Available: ['Finish', 'Home', 'Road', 'Avg Attendance', 'Division', 'GA', 'GF', 'Coach', 'Season', 'W–L', 'Playoffs']
10254	how many eliminations are listed in all?	19	csv/204-csv/472.csv	No valid columns found in response: ['Eliminated']. Available: ['Audition taken in', 'Name', 'Gang', 'Notes']
10255	how many aircraft does the united states have listed?	16	csv/204-csv/710.csv	No valid columns found in response: ['Versions In Service']. Available: ['In Service', 'Notes', 'Model', 'Origin', 'Type', 'Versions']
10287	which abbey is cistercian order, bath abbey or basingwerk abbey?	Basingwerk Abbey	csv/203-csv/550.csv	No valid columns found in response: ['Order Year dissolved']. Available: ['County', 'Order', 'Year dissolved', 'Name', 'Location']
10313	"which episode had a higher number of viewers, ""identity"" or ""dead drop""?"	Dead Drop	csv/203-csv/349.csv	empty table
10326	which artist name appears the most on this chart?	Plan B	csv/204-csv/484.csv	empty table
10339	this song released by celine dion spent 17 weeks on the uk singles chart in 1994, which one was it?	Think Twice	csv/204-csv/220.csv	empty table
10368	who has the least number on hits?	Pitbull feat. Ke$ha	csv/204-csv/333.csv	empty table
10361	what won best film previous to janji joni?	Arisan	csv/203-csv/818.csv	No valid columns found in response: ['Best Movie']. Available: ['1995', '2004', '2006', 'Kategori', '2005', '2007']
10366	what color is next to blue?	white	csv/204-csv/45.csv	No valid columns found in response: ['none']. Available: ['Overall', 'Head Coach', 'Conf.', 'Season']
10377	does any image frame have the same height as the nokia lumia 720?	no	csv/203-csv/356.csv	No valid columns found in response: ['Height', 'Nokia lumia 720']. Available: ['Crop factor', 'Height (mm)', 'Diagonal (mm)', 'Stops (area)', 'Type', 'Area (mm2)', 'Width (mm)']
10380	"who was the lead vocalist in ""sweat it out""?"	Peter Blakeley	csv/203-csv/629.csv	empty table
10390	what is the last year listed?	1898	csv/204-csv/737.csv	No valid columns found in response: ['Year Order']. Available: ['Quantity', 'GER Nos.', 'Year', 'Order']
10393	what was the teams most consective win streak?	4	csv/204-csv/123.csv	No valid columns found in response: ['Results', 'Team record']. Available: ['Week', 'Kickoff', 'Opponent', 'Date', 'Results Team record', 'Game site', 'Results Final score', 'Attendance']
10419	what is the difference between andrey moiseev's total score and marcin horbacz's total score?	1092	csv/204-csv/731.csv	No valid columns found in response: ['Andrey Moiseev (RUS) Total', 'Marcin Horbacz Total']. Available: ['Athlete', 'Running Time (pts)', 'Riding Penalties (pts)', 'Swimming Time (pts)', 'Total', 'Rank', 'Fencing Victories (pts)', 'Shooting Score (pts)']
10427	what is the total number of tracks produced by phd?	4	csv/204-csv/238.csv	empty table
10440	how many players have german as their nationality?	8	csv/204-csv/847.csv	No valid columns found in response: ['Nationality']. Available: ['Last Team', 'Size', 'Weight', 'Position', '#', 'Birthday', 'Name']
10468	what is the last track on the list?	Funky Roll Outro	csv/204-csv/906.csv	empty table
10483	what is the last track produced by mr. lee?	Give My Last Breathe	csv/204-csv/74.csv	empty table
10488	which single spent the least amount of time on the us hot 100?	Smokin' in the Boys Room	csv/203-csv/877.csv	empty table
10497	what were the total number of titles aired in november?	5	csv/203-csv/685.csv	empty table
10499	"which contestant's culinary point of view had a longer description than ""vintage with a modern twist""?"	Nikki Dinki	csv/203-csv/711.csv	empty table
10491	how many riders does the skater model include?	24	csv/203-csv/873.csv	No valid columns found in response: ['Riders Capacity']. Available: ['Riders', 'Description', 'Width', 'Notes', 'Height', 'Capacity', 'Portable', 'Model name', 'Length']
10514	how many rides have a max capacity of 600?	3	csv/203-csv/873.csv	No valid columns found in response: ['Riders Capacity']. Available: ['Riders', 'Description', 'Width', 'Notes', 'Height', 'Capacity', 'Portable', 'Model name', 'Length']
10520	which years had the least number of singles released?	1968|1973|1976	csv/203-csv/830.csv	empty table
10537	how many days were there between episode 1 and 2?	7	csv/204-csv/494.csv	empty table
10538	which model was the first portable device?	8573-031	csv/203-csv/136.csv	No valid columns found in response: ['Model Number']. Available: ['Processor', 'Year', 'HD Interface', 'IBM Model Number', 'Notes', 'Name', 'Case', 'Bus']
10546	how many titles are listed for august?	4	csv/203-csv/349.csv	empty table
10564	how many months have precipitation above 55 inches?	5	csv/201-csv/49.csv	No valid columns found in response: ['Precipitation mm (inches)']. Available: ['Jun', 'Feb', 'Sep', 'Year', 'Nov', 'Dec', 'Mar', 'Aug', 'May', 'Jul', 'Jan', 'Apr', 'Month', 'Oct']
10597	what is the average number of channels?	1	csv/203-csv/292.csv	No valid columns found in response: ['No of channels']. Available: ['Frame size (ms)', 'Payload type (PT)', 'Description', 'Default packet size (ms)', 'No. of channels', 'Name', 'Type', 'Clock rate (Hz)', 'References']
10607	how many crayons in crayola's crayons with glitter set include twinkling turquoise glitter?	3	csv/202-csv/207.csv	No valid columns found in response: ['Green With Twinkling Turquoise Glitter', 'Orange With Twinkling Turquoise Glitter', 'Orchid With Twinkling Turquoise Glitter']. Available: ['Primary', 'Other', 'Primary.1', 'Other.1']
10614	what is the total number of producing credits that this producer has?	20	csv/204-csv/927.csv	empty table
10615	what song on prophets vs. profits has no producer?	2nd Kreditz	csv/203-csv/37.csv	empty table
10618	how many more points did kallithea score in the first leg of the second round of the 198485 greek cup than the second leg?	2	csv/203-csv/350.csv	No valid columns found in response: ['Team #1 1st leg', 'Team #1 2nd leg']. Available: ['Agg.', 'Team #1', 'Team #2', '1st leg', '2nd leg']
10628	what was the cause of the most deaths?	Cause undetermined	csv/203-csv/234.csv	No valid columns found in response: ['Cause undetermined']. Available: ['Description', 'SE Europe (Hungary, Romania, Yugoslavia & Slovakia)', 'Baltic States(Resettled in Poland during war)', 'Sudetendeutsch', 'Resettled in Poland during war(from USSR and Romania)', 'Poland', 'Total']
10637	how many singles were on the uk singles chart?	6	csv/203-csv/545.csv	empty table
10665	in the rinconada bikol language, what is the last single digit integer?	siyam	csv/203-csv/92.csv	No valid columns found in response: ['9']. Available: ['Unnamed: 11', 'Unnamed: 2', 'Unnamed: 3', 'Unnamed: 19', '0', 'Unnamed: 5', 'Unnamed: 8', 'Unnamed: 15', 'Unnamed: 18', 'Unnamed: 17', 'Unnamed: 6', 'pōlô', 'Unnamed: 10', 'Unnamed: 16', 'Unnamed: 13', 'Unnamed: 7', 'Unnamed: 9', 'Unnamed: 12', 'Unnamed: 4', 'Unnamed: 14']
10675	what is the difference in land area between alta and newton?	24	csv/204-csv/322.csv	No valid columns found in response: ['Alta', 'Newton', 'Land area km²']. Available: ['FIPS', 'Population density /km² (/sq mi)', 'Water %', 'Water area km² (sq mi)', 'Geographic coordinates', 'Population', 'Land area km² (sq mi)', 'Township']
10694	what is total number of title?	13	csv/204-csv/238.csv	empty table
10708	what is the last country listed on this chart?	Uruguay	csv/203-csv/54.csv	No valid columns found in response: ['Country']. Available: ['2011 TTCI Index', 'Tourism income  % GDP 2003', 'Revenues as % exports of goods and services 2003', 'World ranking Tourism Competitiv. TTCI 2011', 'Receipts per capita  2005 USD', '% Direct and indirect employment in tourism 2005', 'Average receipt per visitor 2009 (USD/turista)', 'Internl. tourism arrivals 2010 (x 1000)', 'Internl. tourism receipts. 2010 (USD (x1000)', 'Tourist arrivals per 1000 inhab (estimated)  2007', 'Selected Latin American countries']
10710	how many tracks last for more than three minutes?	11	csv/204-csv/238.csv	empty table
10713	songs by del the funky homosapien that were within the top 30 rap singles chart (us)	"Mistadobalina|""If You Must"""	csv/204-csv/56.csv	empty table
10726	how long is track number 11?	1:40	csv/204-csv/74.csv	empty table
10742	how many singles were released after 2010?	2	csv/203-csv/491.csv	empty table
10759	how many staples have more than 5 grams of fiber?	3	csv/203-csv/97.csv	No valid columns found in response: ['STAPLE', 'Fiber']. Available: ['Wheat', 'Yam', 'Rice', 'Plantain', 'Sorghum', 'Soybean (Green)', 'STAPLE:', 'Maize / Corn', 'Potato', 'Sweet potato', 'Cassava']
10762	the plain catgut maintains its strength for at least how many number of days?	Strength retention for at least 7 days.	csv/204-csv/537.csv	No valid columns found in response: ['Tensile strength']. Available: ['Chromic catgut', 'Plain catgut', 'Polydioxanone (PDS)', 'Unnamed: 0', 'Polyglycolide (P.G.A.)']
10760	did liz larin or ty stone win more categories?	Liz Larin	csv/203-csv/623.csv	No valid columns found in response: ['Outstanding Alternative/Indie Artist/Group', 'Outstanding Hard Rock/Metal Artist/Group', 'Outstanding Industrial Artist/Group', 'Outstanding Pop Artist/Group', 'Outstanding Rock Artist/Group', 'Outstanding Rock/Pop Instrumentalist', 'Outstanding Rock/Pop Recording', 'Outstanding Rock/Pop Songwriter', 'Outstanding Rock/Pop Vocalist']. Available: ['2011', '2004', '2006', '2010', 'Rock/Pop/Alternative', '2005', '2009']
10779	what is the only song q-tip performs?	Good To Go	csv/204-csv/238.csv	empty table
10773	which month has the most precipitation?	June	csv/202-csv/57.csv	No valid columns found in response: ['Precipitation mm (inches)']. Available: ['Jun', 'Feb', 'Sep', 'Year', 'Nov', 'Dec', 'Mar', 'Aug', 'May', 'Jul', 'Jan', 'Apr', 'Month', 'Oct']
10788	how many tracks have at least two performers?	10	csv/204-csv/238.csv	empty table
10783	what is the difference of payout on 3 credits, between a straight flush and royal flush?	570	csv/203-csv/564.csv	No valid columns found in response: ['Royal flush', 'Straight flush']. Available: ['2 credits', '3 credits', '4 credits', 'Hand', '5 credits', '1 credit']
10795	which single was released after phoney phranchise?	If You Must	csv/204-csv/56.csv	empty table
10793	what is the acreage of langley and little paxton woods combined?	188	csv/204-csv/124.csv	No valid columns found in response: ['Langley Wood', 'Little Paxton Wood']. Available: ['Location & map links', 'Public Access', 'Area Acres', 'No.', 'Area Ha', 'Name', 'References']
10816	what was the color of the last line on this chart?	pink	csv/203-csv/712.csv	No valid columns found in response: ['Color', 'Last ex- extension']. Available: ['Last ex- tension', 'Stations', 'First section opened', 'Name.1', 'Color & Icon', 'Name', 'Mark', 'Length']
10826	what was the total wins for this team?	2	csv/204-csv/658.csv	No valid columns found in response: ['Results']. Available: ['Week', 'Kickoff', 'Opponent', 'Date', 'Results Team record', 'Game site', 'Results Final score', 'Attendance']
10820	john degenkolb took how long to complete the world tour?	"5h 45' 16"""	csv/204-csv/199.csv	No valid columns found in response: ['Team Time']. Available: ['Cyclist', 'Team', 'UCI World Tour Points', 'Time', 'Unnamed: 0']
10846	what number of episodes won outstanding film editing for a series?	1	csv/204-csv/787.csv	empty table
10859	what artist received the least amount of points in the competition?	Boaz Sharabi	csv/203-csv/862.csv	empty table
10884	which single was the last one to be on the charts in 1993?	Come Baby Come	csv/204-csv/220.csv	empty table
10897	"what song was performed before ""fire""?"	Our Way	csv/203-csv/38.csv	empty table
10898	what title received the most favorable position on the aus chart?	Bury Me Deep in Love	csv/203-csv/426.csv	empty table
10895	the 1984 paralympics had a total ranking of 5th, in what other year did the ranking fall above 6th?	1976 Winter Paralympics	csv/204-csv/374.csv	No valid columns found in response: ['Total Ranking']. Available: ['Event', 'Silver', 'Total', 'Gold', 'Bronze', 'Ranking']
10900	who was the first person to hold the titles with three different partners?	Gedo	csv/203-csv/565.csv	No valid columns found in response: ['Wrestlers']. Available: ['Date:', 'Location:', 'Times:', 'Notes:', 'Wrestlers:']
10918	who is the only champion to reign for more than 10 years?	Joe Calzaghe	csv/203-csv/107.csv	No valid columns found in response: ['Reign']. Available: ['Title Reign', 'Title Recognition', 'Name', 'Unnamed: 0', 'Successful Defenses']
10929	which episode was previous to target	Cat Amongst the Pigeons	csv/204-csv/494.csv	empty table
10939	who took first place?	Corry Brokken	csv/203-csv/252.csv	empty table
10976	what was the only single released in 1993?	Catch a Bad One	csv/204-csv/56.csv	empty table
10995	which month aired the most episodes according to this chart?	February	csv/203-csv/306.csv	empty table
11048	what is the total number of violent deaths across all regions?	58,256	csv/203-csv/234.csv	No valid columns found in response: ['Violent Deaths']. Available: ['Description', 'SE Europe (Hungary, Romania, Yugoslavia & Slovakia)', 'Baltic States(Resettled in Poland during war)', 'Sudetendeutsch', 'Resettled in Poland during war(from USSR and Romania)', 'Poland', 'Total']
11055	who had the most amount of time out of all the runners?	Maria McCambridge (IRL)	csv/203-csv/787.csv	"No valid columns found in response: [""Women's winner Time (h:m:s).1""]. Available: ['Year', 'Time (h:m:s).1', ""Men's winner"", 'Edition', ""Women's winner"", 'Time (h:m:s)']"
11081	what was the name of the first album this singer produced?	Naj, Najbolja	csv/204-csv/574.csv	empty table
11091	how many staples have at least 1 mg of zinc?	3	csv/203-csv/97.csv	No valid columns found in response: ['STAPLE', 'Zinc (mg)']. Available: ['Wheat', 'Yam', 'Rice', 'Plantain', 'Sorghum', 'Soybean (Green)', 'STAPLE:', 'Maize / Corn', 'Potato', 'Sweet potato', 'Cassava']
11108	what year was the last time christopher williams had a song in the top 25 in any chart?	1995	csv/204-csv/438.csv	empty table
11111	what is the name of the last episode of season 1?	Loose Ends	csv/203-csv/349.csv	empty table
11116	what was the last game released?	Omerta - City of Gangsters	csv/204-csv/236.csv	No valid columns found in response: ['Title Release date']. Available: ['Title', 'Developer(s)', 'Publisher(s)', 'Release date', 'Genre(s)']
11122	how many games were replays?	4	csv/204-csv/861.csv	No valid columns found in response: ['Replay']. Available: ['Tie no', 'Away team', 'Date', 'Score', 'Home team']
11172	what was blue mink's earliest charting single?	Melting Pot	csv/204-csv/672.csv	empty table
11198	how many models had a screen size less than 3 inches?	5	csv/204-csv/878.csv	No valid columns found in response: ['Screen size']. Available: ['Lens (35 mm equiv.) zoom, aperture', 'Screen size, pixels', 'Weight', 'Release date', 'Sensor res., size', 'Model', 'Features', 'Dimensions W (mm) × H (mm) × D (mm)']
11201	what is the only year a title made the peak chart position?	2007	csv/204-csv/574.csv	empty table
11206	the column next to artist	Song	csv/203-csv/430.csv	empty table
11203	what was the last year that vinnie dombroski won an award?	2010	csv/203-csv/623.csv	No valid columns found in response: ['Outstanding Rock/Pop Songwriter']. Available: ['2011', '2004', '2006', '2010', 'Rock/Pop/Alternative', '2005', '2009']
11202	which player went to the same university as lazo alavanja in 1998?	Dema Kovalenko	csv/203-csv/682.csv	No valid columns found in response: ['Lazo Alavanja', 'Dema Kovalenko']. Available: ['Year', 'Midfielders', 'Goalkeeper', 'Defenders', 'Forwards']
11211	"which episode aired in the same month as ""antarctica""?"	Skulls	csv/203-csv/306.csv	empty table
11230	the number of credits returned for a one credit bet on a royal flush are.	250	csv/203-csv/564.csv	No valid columns found in response: ['Royal flush']. Available: ['2 credits', '3 credits', '4 credits', 'Hand', '5 credits', '1 credit']
11247	who is the only title to get 4:26?	I See Dead People	csv/204-csv/238.csv	empty table
11252	how many collaborations did key release during 2010?	3	csv/204-csv/243.csv	empty table
11255	how many tournaments has jane o'donoghue competed in?	11	csv/204-csv/94.csv	No valid columns found in response: ['Tournament Surface']. Available: ['Tournament', 'Opponent in the final', 'Score in the final', 'Date', 'Partnering', 'Surface', 'Outcome']
11274	how many episodes were shown in season 1?	12	csv/203-csv/349.csv	empty table
11271	what were the number of drivers that finished with times under 7 minutes?	5	csv/203-csv/644.csv	No valid columns found in response: ['Time Difference']. Available: ['Driver', 'Difference', 'Points', 'Time', 'Pos.', 'Co-driver', 'Car']
11277	how long was it between the attack on el al flight 432 and the attack on twa flight 841?	5 years 7 months	csv/204-csv/514.csv	No valid columns found in response: ['Date Sub']. Available: ['Description', 'Hurt', 'Dead', 'Sub', 'Date', 'Pax.', 'Type', 'Flight', 'Perpetrator']
11285	which was the only song to earn less than 60 points?	If It Means Losing You	csv/203-csv/695.csv	empty table
11295	how many songs has eightysix been credited for?	20	csv/204-csv/927.csv	empty table
11292	what is the difference between percentages of votes between allkaji and cela?	4.06	csv/204-csv/226.csv	No valid columns found in response: ['Allkaj', 'Ilir Çela']. Available: ['Winning Party/Coalition', 'Municipality/Communes', 'Coalition for the Citizen', 'Voter Turnout', 'Coalition for the Future', 'Other/Independent']
11305	how many episodes had their original airdate in february?	4	csv/201-csv/24.csv	empty table
11301	how many class s (scholarship) teams are on the chart?	19	csv/204-csv/808.csv	No valid columns found in response: ['Driver Class']. Available: ['Team', 'Class', 'Chassis', 'No', 'Engine', 'Driver']
11338	"what were the total sales of eiffel 65's ""blue (da ba dee)""?"	1,001,000	csv/203-csv/7.csv	empty table
11334	what are the total number of tornado events that occurred in 1960 in the u.s.?	66	csv/204-csv/899.csv	No valid columns found in response: ['Area Tornadoes']. Available: ['Area', 'Tornadoes', 'Event', 'Casualties', 'Date', 'Notes']
11347	what was the teams final record	6-5	csv/204-csv/123.csv	No valid columns found in response: ['Final score', 'Team record']. Available: ['Week', 'Kickoff', 'Opponent', 'Date', 'Results Team record', 'Game site', 'Results Final score', 'Attendance']
11349	which country had the larger death tole?	Poland	csv/203-csv/234.csv	No valid columns found in response: ['Total Confirmed Deaths']. Available: ['Description', 'SE Europe (Hungary, Romania, Yugoslavia & Slovakia)', 'Baltic States(Resettled in Poland during war)', 'Sudetendeutsch', 'Resettled in Poland during war(from USSR and Romania)', 'Poland', 'Total']
11356	how many laureates were in the field of physics?	4	csv/203-csv/437.csv	empty table
11361	how many of the songs in the 2008 ogae second chance contest were in english?	12	csv/204-csv/809.csv	empty table
11396	for how many teams was the win percentage below 90%	3	csv/203-csv/506.csv	No valid columns found in response: ['% Won']. Available: ['Drawn', 'Opponent', '% Won Overall', 'Lost', 'Won', 'Played']
11420	which song was the toadies first single?	Dig a Hole	csv/203-csv/751.csv	empty table
11429	who is at the top of the chart?	York	csv/204-csv/234.csv	No valid columns found in response: ['York']. Available: ['80 yd (73 m)', '40 yd (37 m)', '60 yd (55 m)', 'Round', '50 yd (46 m)', '100 yd (91 m)']
11435	what is the previous time for the saros on october 3, 2415?	7:47:48	csv/204-csv/206.csv	No valid columns found in response: ['Date Time (Greatest) UTC']. Available: ['Location Lat,Long', 'Duration (min:sec)', 'Ref', 'Date', 'Saros', 'Gamma', 'Width (km)', 'Mag.', 'Time (Greatest) UTC', 'Type', 'Member']
11441	how many singles peaked above number ten on the charts?	15	csv/204-csv/500.csv	empty table
11458	how many tracks in word...life have only lord finesse as a producer?	1	csv/203-csv/228.csv	empty table
11464	what is the first track to have two performers?	Pass the Teck	csv/204-csv/906.csv	empty table
11471	what is the total number of singles for rockmelons?	17	csv/203-csv/629.csv	empty table
11477	which stadium holds more people, yeshurun or holon city.	Holon City Arena	csv/204-csv/195.csv	No valid columns found in response: ['Stadium Capacity']. Available: ['Home city', 'Stadium', 'Team', 'Capacity', 'Last Season']
11495	how many provinces have populations higher than 300,000?	12	csv/203-csv/152.csv	No valid columns found in response: ['Population Density']. Available: ['Area (km²)', 'Density', 'Province', 'Capital', 'Population']
11511	what is the number of singles that made the billboards?	2	csv/204-csv/365.csv	empty table
11529	what is the last song listed on the table?	Lifes Bitter Pills	csv/203-csv/491.csv	empty table
11524	what is the difference between the number of onthophagus obliquus species released and the number of sisyphus rubrus paschalidis released?	76633	csv/204-csv/869.csv	No valid columns found in response: ['Onthophagus obliquus', 'Sisyphus rubrus paschalidis']. Available: ['First release', 'Total released', 'Country of origin', 'Species', 'Pasture type', 'Last release', 'Areas of release', 'Areas established']
11571	who was the next loser after john o'connor	Ronald O. Bramhall	csv/204-csv/252.csv	"No valid columns found in response: [""John O'Connor"", 'Loser Number of Votes.1']. Available: ['Party Affiliation', 'Year', 'Number of Votes', 'Percentage of Votes', 'Loser', 'Party Affiliation.1', 'Winner', 'Number of Votes.1']"
11586	how many songs made it into the top 10 us charts?	2	csv/203-csv/830.csv	empty table
11590	what was the only song to have 6 in us rap?	Mistadobalina	csv/204-csv/56.csv	empty table
11595	"what was the average number of weeks that ""let your yeah be yeah"" spent on all of the different charting systems?"	56	csv/203-csv/877.csv	empty table
11598	which is the best area to find a pinus ponderosa with the longest needles?	Columbia	csv/202-csv/215.csv	No valid columns found in response: ['Columbia', 'Needle length', 'cm']. Available: ['Rocky Mountains (scopulorum)', 'Pacific (critchfieldiana)', 'Common names Subspecies', 'Columbia (ponderosa)', 'Southwestern (brachyptera)', 'Central High Plains (readiana)']
11611	how many countries other than spain placed 2nd in the national final category?	6	csv/204-csv/809.csv	empty table
11637	"what was the next single released after ""melting pot?"""	Good Morning Freedom	csv/204-csv/672.csv	empty table
11668	what was the last single from this music group?	Randy	csv/204-csv/672.csv	empty table
11681	"compare ""i can go deep"" with ""don't rush"". which was higher on the us and us r&b charts?"	I Can Go Deep	csv/201-csv/40.csv	empty table
11683	what label was appears the most?	Jive Records	csv/203-csv/545.csv	empty table
11684	"what was the next single after ""overrated (everything is)""?"	The Rest of My Life	csv/203-csv/661.csv	empty table
11696	what was the average number of games lost?	4.5	csv/203-csv/171.csv	No valid columns found in response: ['Lost']. Available: ['+/- (Dif.)', 'Place (Posición)', 'Draw (PE)', 'Won (PG)', 'Goals Scored (GF)', 'Team (Equipo)', 'Played (PJ)', 'Goals Conceded (GC)', 'Points (Pts.)', 'Lost (PP)']
11717	which artist came on the list after oasis?	Tinman	csv/204-csv/220.csv	empty table
11719	does reunion have the same authors as antarctica?	Yes	csv/203-csv/306.csv	empty table
11736	which country received the least amount of points in the 2008 ogae second chance contest?	Estonia	csv/204-csv/809.csv	empty table
11733	did any location have no violent deaths?	no	csv/203-csv/234.csv	No valid columns found in response: ['Violent Deaths']. Available: ['Description', 'SE Europe (Hungary, Romania, Yugoslavia & Slovakia)', 'Baltic States(Resettled in Poland during war)', 'Sudetendeutsch', 'Resettled in Poland during war(from USSR and Romania)', 'Poland', 'Total']
11769	the theoretical lorentzen cycle has the same cop variation at 45 degrees celsius as what other pump at 35 degrees celsius?	Theoretical Carnot cycle limit, source 0 °C	csv/203-csv/195.csv	No valid columns found in response: ['Theoretical Carnot cycle limit', 'source 0 °C', '45 °C', '35 °C']. Available: ['55 °C (e.g. heated timber floor)', '35 °C (e.g. heated screed floor)', '85 °C (e.g. radiator and DHW)', '45 °C (e.g. heated screed floor)', 'Pump type and source', '65 °C (e.g. radiator or DHW)', 'Typical use', '75 °C (e.g. radiator and DHW)']
11789	what was this players average ranking between 2001 and 2006?	287	csv/204-csv/153.csv	No valid columns found in response: ['Year End Ranking']. Available: ['Tournament', '2002', '2011', '2001', '2004', '2006', '2008', '2010', '2003', '2012', '2013', 'W–L', '2005', '2009', '2007', '2014']
11804	when month were most of the songs recorded on this album?	April	csv/202-csv/173.csv	empty table
11840	is four 5s worth more or less than four 2s?	less	csv/203-csv/564.csv	No valid columns found in response: ['Four of a kind', '2-4', 'Four of a kind', '5-K']. Available: ['2 credits', '3 credits', '4 credits', 'Hand', '5 credits', '1 credit']
11858	how many stadiums are above 60,000 people?	12	csv/204-csv/392.csv	No valid columns found in response: ['Stadium Capacity']. Available: ['Domed or Retractable roof', 'City', 'Stadium', 'Country', '#', 'Capacity']
11872	"which single was released before ""backslider""?"	Tyler	csv/203-csv/751.csv	empty table
11879	how many episodes aired in july 1995?	3	csv/204-csv/981.csv	empty table
11874	how many more years did d. v. graves serve compared to j. f. jenkins?	3	csv/203-csv/577.csv	No valid columns found in response: ['Coach Years']. Available: ['Tenure', 'Pct.', 'Record', 'Coach', 'Years']
11883	how many total songs did shameless perform on?	7	csv/204-csv/484.csv	empty table
11892	"elton john released the ""candle in the wind"", the #2 hit single of the 1990s, in 1997. what was an earlier top 100 hit single of elton john's in the 1990s?"	Can You Feel The Love Tonight	csv/203-csv/7.csv	empty table
11917	how many years span the table entry?	40	csv/204-csv/141.csv	No valid columns found in response: ['Unamed: 0']. Available: ['Crude death rate (per 1000)', 'Live births', 'Natural change (per 1000)', 'Natural change', 'Deaths', 'Unnamed: 0', 'Average population (x 1000)', 'Crude birth rate (per 1000)']
11926	what was the average in 2001	17,956	csv/204-csv/237.csv	No valid columns found in response: ['Season Average']. Available: ['Average', 'High', 'Season', 'Low', 'Season tickets']
11920	japan earned only 1 bronze metal in boxing during the 1960 olympics. how many other countries earned the exact same metal count as japan?	5	csv/203-csv/496.csv	No valid columns found in response: ['Bronze', 'Country']. Available: ['Silver:', 'Bronze:', 'Pos', 'Country:', 'Total:', 'Gold:']
11933	which language had the most number of people speaking it.	Polish	csv/203-csv/88.csv	No valid columns found in response: ['Number percentage (%)']. Available: ['Number', 'females', 'percentage (%)', 'Language', 'males']
11944	if you were to arrange the locations from the smallest to largest area, which one would be first on the list?	Dundee City	csv/203-csv/401.csv	No valid columns found in response: ['MAINLAND Area (sq miles)']. Available: ['Area (sq miles)', 'Area (km²)', 'Density (per km²)', 'Population (2011)', 'MAINLAND']
11949	how many companies had over $1,000,000 profit?	6	csv/203-csv/320.csv	No valid columns found in response: ['Profit (Thou. PLN)']. Available: ['Location of headquarters', 'Profit (Thou.  PLN)', 'Name of concern', 'Employees', 'Revenue (Thou.  PLN)', 'Rank in 2011']
11968	which song has the most downloads?	Lovey-Dovey	csv/204-csv/420.csv	empty table
11963	did the canterbury crusaders begin their team in 1950, 1968, or 1969?	1968	csv/203-csv/168.csv	No valid columns found in response: ['Base Year started']. Available: ['Year started', 'Leagues', 'Year ended', 'Base', 'Notable riders', 'Team name']
11978	"which track is longer, ""money"" or ""die 4""?"	Die 4	csv/203-csv/38.csv	empty table
11977	what is the difference between the highest average high temperature and the lowest average low temperature in burbank, california?	47	csv/202-csv/167.csv	No valid columns found in response: ['Average high °F (°C)', 'Average low °F (°C)']. Available: ['Jun', 'Feb', 'Sep', 'Year', 'Nov', 'Dec', 'Mar', 'Aug', 'May', 'Jul', 'Jan', 'Apr', 'Month', 'Oct']
11980	which month had an average low of 53 degrees and an average high of 63 degrees?	March	csv/201-csv/6.csv	No valid columns found in response: ['Average high °F (°F)', 'Average low °F (°F)']. Available: ['Jun', 'Feb', 'Sep', 'Year', 'Nov', 'Dec', 'Mar', 'Aug', 'May', 'Jul', 'Jan', 'Apr', 'Month', 'Oct']
11997	what is the combined 2011 population of battleford and oxbow?	5350	csv/204-csv/43.csv	No valid columns found in response: ['Battleford', 'Oxbow']. Available: ['Population density (per km²)', 'Population (2006)', 'Change (%)', 'Rural municipality (RM)', 'Population (2011)', 'Name', 'Land area (km²)']
12008	when was minelli's first film?	1949	csv/202-csv/87.csv	No valid columns found in response: ['Year']. Available: ['The Trial/le Proces', 'Hilda', '1962', 'Notes']
12030	which school had the least wins in the conference?	DePaul	csv/204-csv/898.csv	No valid columns found in response: ['Wins']. Available: ['Conf (Overall)', 'Tiebreaker', 'Seed', 'School']
12092	how many participants sang english language songs?	12	csv/204-csv/809.csv	empty table
12104	how much longer is the peak 2 peak gondola than the 32 aerial tramway?	517	csv/203-csv/457.csv	No valid columns found in response: ['Span width', 'leaning straight line', 'Span width', 'horizontal measurement']. Available: ['Height of pylons', 'Year of inauguration', 'City', 'Span width, horizontal measurement', 'Notes', 'Country', 'Height of cable over ground', 'Span width, leaning straight line', 'Tramway']
12115	which author is the most prominent in the 1599 edition?	William Shakespeare	csv/201-csv/31.csv	empty table
12110	are there more g's or c's? (guards or centers)	G's	csv/204-csv/93.csv	No valid columns found in response: ['Player Position']. Available: ['Pick', 'Player', 'Round', 'Nationality', 'Team', 'College', 'Position']
12121	"tell me a song that was released in 1955 but was not on ""after dark""."	Making Believe	csv/204-csv/500.csv	empty table
12137	in which years were there only 1 loss?	2006|2009|2014	csv/204-csv/153.csv	No valid columns found in response: ['Win–Loss']. Available: ['Tournament', '2002', '2011', '2001', '2004', '2006', '2008', '2010', '2003', '2012', '2013', 'W–L', '2005', '2009', '2007', '2014']
12148	in the dominican republic, does the province of independencia or the province of barahona have a smaller population?	Independencia	csv/203-csv/152.csv	No valid columns found in response: ['Population Density']. Available: ['Area (km²)', 'Density', 'Province', 'Capital', 'Population']
12147	what is the total number of teams that entered administration in 1992?	4	csv/204-csv/923.csv	No valid columns found in response: ['Club Entered administration']. Available: ['League(s)', 'Entered administration', 'Club', 'Deduction(s)', 'Exited administration']
12154	what is the average length of the first three songs?	3:22	csv/204-csv/573.csv	empty table
12152	which month had the most sunny days?	August	csv/201-csv/3.csv	No valid columns found in response: ['Mean monthly sunshine hours']. Available: ['Jun', 'Feb', 'Sep', 'Year', 'Nov', 'Dec', 'Mar', 'Aug', 'May', 'Jul', 'Jan', 'Apr', 'Month', 'Oct']
12162	how many songs are more than four minutes long?	2	csv/204-csv/573.csv	empty table
12166	what is the name of the artist that had consecutive wins in the outstanding pop artist/group category?	Jill Jack	csv/203-csv/623.csv	No valid columns found in response: ['Outstanding Pop Artist/Group']. Available: ['2011', '2004', '2006', '2010', 'Rock/Pop/Alternative', '2005', '2009']
12177	what album was released the same year as mind control?	Hip-Hop for Sale	csv/203-csv/137.csv	No valid columns found in response: ['Released']. Available: ['Title', 'Peak chart positions US', 'Peak chart positions US R&B', 'Certifications', 'Album details']
12178	did the australia ii win more or less races than the liberty?	More	csv/203-csv/826.csv	No valid columns found in response: ['Winner Yacht', 'Loser Yacht.1']. Available: ['Yacht.1', 'Loser', 'Date', 'Score', 'Yacht', 'Delta', 'Winner']
12184	how many players had nicknames starting with the letter w	5	csv/203-csv/697.csv	empty table
12189	which song had the highest us country position?	You're Gettin' to Me Again	csv/203-csv/830.csv	empty table
12180	how many states have never executed anyone?	3	csv/203-csv/9.csv	No valid columns found in response: ['State Last execution date']. Available: ['State', 'Crime', 'Name', 'Method', 'Last execution date']
12188	"what was the last year that the ""symposium on principles and practice of parallel programming"" held?"	2003	csv/204-csv/916.csv	No valid columns found in response: ['PPoPP']. Available: ['2011', '-', '1996', '2015', '1999', 'CCC', 'IEEE Conference on Computational Complexity', '2007', '1993']
12193	which team scored higher as the home team, ayr united or morton?	Morton	csv/204-csv/475.csv	No valid columns found in response: ['Home Team Score']. Available: ['Agg', 'Date', 'Score', 'Away Team', 'Home Team']
12201	how many publications used a scale-of-one-to-ten scoring system?	6	csv/204-csv/692.csv	No valid columns found in response: ['Score Review']. Available: ['Score', 'Review', 'Publication']
12200	how many of these parties currently have no councillors?	2	csv/203-csv/316.csv	No valid columns found in response: ['Councillors']. Available: ['Comments', 'Diet Representation Councillors', 'Party', 'Party Leader(s)', 'Diet Representation Representatives']
12240	"what song is longer in terms of time, ""it's murda"" or ""son of niah""?"	It's Murda	csv/203-csv/701.csv	empty table
12282	which team had the highest number of inductees?	New York Yankees	csv/203-csv/697.csv	empty table
12304	which month held the most precipitation?	January	csv/200-csv/42.csv	No valid columns found in response: ['Precipitation mm (inches)']. Available: ['Jun', 'Feb', 'Sep', 'Year', 'Nov', 'Dec', 'Mar', 'Aug', 'May', 'Jul', 'Jan', 'Apr', 'Month', 'Oct']
12327	how long did cap anson play?	26 years	csv/203-csv/697.csv	empty table
12328	what is the difference between the population of san juan and sanchez ramirez?	68,486	csv/203-csv/152.csv	No valid columns found in response: ['Population Density']. Available: ['Area (km²)', 'Density', 'Province', 'Capital', 'Population']
12332	how much more weight does the model 3 have over model 1?	29g	csv/204-csv/451.csv	No valid columns found in response: ['Weight']. Available: ['Model 01+', 'Component', 'Model e2', 'Model 01', 'model 03 (China Copy)', 'Model 2+ (Pre-production)', 'Model 02']
12341	how many grand prix had mclaren honda as constructor?	10	csv/203-csv/408.csv	No valid columns found in response: ['Constructor Report']. Available: ['Pole Position', 'Winning Driver', 'Constructor', 'Date', 'Fastest Lap', 'Report', 'Rd.', 'Grand Prix', 'Location']
12351	how many total goals did the flyers score in the 1973-74 season?	273	csv/203-csv/859.csv	No valid columns found in response: ['Visitor Score', 'Home Score']. Available: ['Home', 'Date', 'Record', 'Points', 'Score', 'Decision', 'Attendance', 'Game', 'Visitor']
12381	how many players were inducted as players of the philadelphia phillies?	8	csv/203-csv/697.csv	empty table
12408	number of episodes in the first season	22	csv/203-csv/685.csv	empty table
12433	what is the total number of tracks on the album?	20	csv/204-csv/74.csv	empty table
12463	how much more are the weekly collections from cathedral of christ the king than most blessed sacrament catholic church?	$66,000	csv/203-csv/387.csv	No valid columns found in response: ['Cathedral of Christ the King', 'Most Blessed Sacrament Catholic Church']. Available: ['Current Bldg begun', 'Parish Est', 'City', 'Notes', 'Church', 'Weekly collections']
12487	what is the longest track in terms of time?	Horsementality	csv/203-csv/353.csv	empty table
12518	"what is the name of the episode that comes after ""the return""?"	Baby Bumps (Part 2)	csv/204-csv/449.csv	empty table
12530	which artist only has its single entered on 2 january 1994?	D:Ream	csv/204-csv/220.csv	empty table
12553	"before ""1000 times"", what song is listed in 1999?"	Live Here Without You	csv/203-csv/491.csv	empty table
12572	what is the last track listed on the record?	Born 2 Live (Remix)	csv/203-csv/228.csv	empty table
12643	how many episodes are there total?	12	csv/204-csv/981.csv	empty table
12656	what is the first track featuring lil' duval?	"Life Goes On Interlude #1	what|is|the|first|track|featuring|lil|'|duval|?	what|be|the|first|track|feature|lil|'|duval|?	WP|VBD-AUX|DT|JJ|NN|VBG|NN|''|NNP|.	O|O|O|ORDINAL|O|O|O|O|PERSON|O	|||1.0||||||	Life Goes On Interlude #1"	csv/204-csv/74.csv	empty table
12665	which match had the least in attendance?	Burscough vs Wakefield & Emley	csv/204-csv/146.csv	No valid columns found in response: ['Away Team Attendance']. Available: ['Score', 'Tie', 'Attendance', 'Away Team', 'Home Team']
12680	how many painters received a color mark below 10?	21	csv/203-csv/186.csv	No valid columns found in response: ['Color Expression']. Available: ['Drawing', 'Color', 'Composition', 'Expression', 'Painter']
12714	total number of episodes written or co-written by bill dial	3	csv/204-csv/981.csv	empty table
12715	what was the first place eurovision song contest 2008 song?	For life	csv/203-csv/430.csv	empty table
12727	what is the total of seats?	13	csv/204-csv/659.csv	No valid columns found in response: ['Total elected seats']. Available: ['Seat', 'State', 'Majority', 'Party', 'Member']
12738	"i'll be your fool tonight and ""in another minute"" were on what album?"	Past the Point of No Return	csv/203-csv/830.csv	empty table
12743	which songs are produced by pillo jamel or juju.	"The C-Quel|""Life Liquid"""	csv/203-csv/353.csv	empty table
12744	what staple has the most potassium?	Yam	csv/203-csv/97.csv	No valid columns found in response: ['STAPLE', 'Potassium']. Available: ['Wheat', 'Yam', 'Rice', 'Plantain', 'Sorghum', 'Soybean (Green)', 'STAPLE:', 'Maize / Corn', 'Potato', 'Sweet potato', 'Cassava']
12766	how many stadiums seat more than 2,000 people?	8	csv/204-csv/195.csv	No valid columns found in response: ['Stadium Capacity']. Available: ['Home city', 'Stadium', 'Team', 'Capacity', 'Last Season']
12777	in episode 10 the episode was written by matt and nix and what other writer?	Ben Watkins	csv/203-csv/349.csv	empty table
12798	which year did they release their first album?	2003	csv/204-csv/574.csv	empty table
12804	how many songs have kyza and skriblah as the featured guests?	2	csv/203-csv/701.csv	empty table
12800	how many swaras do not have dhaivata in their name?	13	csv/203-csv/352.csv	No valid columns found in response: ['Swaras', 'Dhaivata']. Available: ['Mnemonic', 'Notation', 'Position', 'Short name', 'Swara']
12802	what country makes the most tourist income?	Dominican Republic	csv/203-csv/54.csv	No valid columns found in response: ['Tourism income', '% GDP 2003']. Available: ['2011 TTCI Index', 'Tourism income  % GDP 2003', 'Revenues as % exports of goods and services 2003', 'World ranking Tourism Competitiv. TTCI 2011', 'Receipts per capita  2005 USD', '% Direct and indirect employment in tourism 2005', 'Average receipt per visitor 2009 (USD/turista)', 'Internl. tourism arrivals 2010 (x 1000)', 'Internl. tourism receipts. 2010 (USD (x1000)', 'Tourist arrivals per 1000 inhab (estimated)  2007', 'Selected Latin American countries']
12828	in the irish national final for the eurovision song contest in 1990, which artist won more points than linda martin and friends?	Liam Reilly	csv/203-csv/695.csv	empty table
12826	how many games have a losing result (l)?	9	csv/203-csv/383.csv	No valid columns found in response: ['TV Result/Score']. Available: ['Week', 'Result/Score', 'Opponent', 'Game Site', 'Date', 'Record', 'Time', 'TV']
12854	which album had more, bonafide or intentions?	Bonafide	csv/204-csv/654.csv	empty table
12884	"which song did better on the uk singles chart, ""til the day"" or ""bleach""?"	Til the Day	csv/203-csv/545.csv	empty table
12882	did the artist fare better on the us chart or the us r&b chart?	US R&B	csv/204-csv/394.csv	No valid columns found in response: ['US Peak chart positions', 'US R&B']. Available: ['Peak chart positions US', 'Peak chart positions US R&B', 'Year', 'Label', 'Album']
12932	"what's the next single after ""wide open road""?"	Bury Me Deep in Love	csv/203-csv/426.csv	empty table
12952	what year was mick jagger's best of album released?	2008	csv/200-csv/22.csv	empty table
12957	what was the highest amount of points scored in a single game in the second round of the 198485 greek cup?	7	csv/203-csv/350.csv	No valid columns found in response: ['Team #1 Agg.', 'Team #2 2nd leg']. Available: ['Agg.', 'Team #1', 'Team #2', '1st leg', '2nd leg']
12968	how many films is she currently filming?	5	csv/204-csv/57.csv	No valid columns found in response: ['Filming']. Available: ['Year', 'Role', 'Notes', 'Film', 'Language']
12974	what was the first country on the list to not place in the national finals?	Finland	csv/204-csv/809.csv	empty table
13017	what is the total population of all the counties combined?	3,325,307	csv/204-csv/778.csv	No valid columns found in response: ['Population']. Available: ['Former Province', 'County', 'Code', 'Capital', 'Population Census 2009', 'Area (km2)']
13109	how many people live in kilifi?	1,109,735	csv/204-csv/778.csv	No valid columns found in response: ['Population']. Available: ['Former Province', 'County', 'Code', 'Capital', 'Population Census 2009', 'Area (km2)']
13134	which single is the most in terms of how many times it charted?	Freak Me	csv/201-csv/40.csv	empty table
13135	the first song on prophets vs. profits is called what?	Ova Here	csv/203-csv/37.csv	empty table
13153	in how many meetings did kaseorg place 10th or better?	6	csv/204-csv/202.csv	No valid columns found in response: ['Result Rank']. Available: ['Tournament', 'Year', 'Event', 'Result', 'Venue', 'Rank']
13162	"you're not so easy to forget and ""the lonely side of town"" both come from which album?"	After Dark	csv/204-csv/500.csv	empty table
13166	how many artists had, at most, 40 points?	3	csv/204-csv/915.csv	empty table
13171	which songwriters are credited with the least songs?	D. Vanderpool|R. Hall	csv/203-csv/228.csv	empty table
13170	list each team with the most draws.	Plaza Amador|Chorrillo F.C.	csv/203-csv/171.csv	No valid columns found in response: ['Draw', 'Team']. Available: ['+/- (Dif.)', 'Place (Posición)', 'Draw (PE)', 'Won (PG)', 'Goals Scored (GF)', 'Team (Equipo)', 'Played (PJ)', 'Goals Conceded (GC)', 'Points (Pts.)', 'Lost (PP)']
13179	how many models have 1.6ghz?	2	csv/204-csv/451.csv	No valid columns found in response: ['CPU']. Available: ['Model 01+', 'Component', 'Model e2', 'Model 01', 'model 03 (China Copy)', 'Model 2+ (Pre-production)', 'Model 02']
13196	which is the most popular single on the album?	Why Can't This Be Love	csv/202-csv/72.csv	empty table
13199	what is the total number of guests listed on episode two?	9	csv/204-csv/494.csv	empty table
13207	of those listed, which compound has the highest density?	Pa	csv/203-csv/613.csv	No valid columns found in response: ['density', 'g/cm3']. Available: ['c (pm)', 'symmetry', 'a (pm)', 'Pearson symbol', 'color', 'space group', 'b (pm)', 'Formula', 'Z', 'density, g/cm3', 'No']
13229	liz larin won outstanding rock/pop songwriter in 2006. when was her first win for this category?	2004	csv/203-csv/623.csv	No valid columns found in response: ['Outstanding Rock/Pop Songwriter']. Available: ['2011', '2004', '2006', '2010', 'Rock/Pop/Alternative', '2005', '2009']
13227	what is the total area of east lothian, angus, and dundee city?	1121	csv/203-csv/401.csv	No valid columns found in response: ['East Lothian', 'Angus', 'Dundee City']. Available: ['Area (sq miles)', 'Area (km²)', 'Density (per km²)', 'Population (2011)', 'MAINLAND']
13242	how many trains on this graph do not mention alco or alco-brooks as its builder?	10	csv/202-csv/146.csv	No valid columns found in response: ['Builder', 'Builder.1', 'Builder.2']. Available: ['Number.1', 'Number', 'Arrangement', 'Year, Builder', 'Arrangement.1', 'Model', 'Year, Builder.2', 'Number.2', 'Year, Builder.1']
13283	"what song is before ""phuk u""?"	"Lost @ C"""""	csv/203-csv/353.csv	empty table
13288	what is the number of students who took the test in 2007?	97,136	csv/203-csv/638.csv	No valid columns found in response: ['Number of Students']. Available: ['2011', '2008', '2010', '2012', 'Score', '2013', '2009', '2007']
13295	who was the top chef?	Damaris Phillips	csv/203-csv/711.csv	empty table
13298	what is the title to the last song?	Son Of Niah	csv/203-csv/701.csv	empty table
13309	in how many years was the value of agriculture, in billion rials, greater than 500 in iran?	4	csv/204-csv/666.csv	No valid columns found in response: ['Agricultural - Value (billion rials)']. Available: ['2009/10', 'IME Exchange (Including spot, credit and forward transactions)', '2010/11', '2007/08', '2011/12', '2008/09']
13316	which platforms had the most titles released?	GB	csv/203-csv/55.csv	No valid columns found in response: ['Release Platform(s)']. Available: ['Platform(s)', 'Genre', 'Japanese Title', 'Release', 'Western Title', 'Regions']
13376	"on what album did the single ""old habits die hard"" appear?"	Alfie (soundtrack)	csv/200-csv/22.csv	empty table
13374	how many had at least 285 points?	8	csv/204-csv/679.csv	No valid columns found in response: ['Score To par']. Available: ['Player', 'Place', 'To par', 'Country', 'Score', 'Money ($)']
13417	how many tracks were produced by milanna miles and rick long?	2	csv/203-csv/37.csv	empty table
13419	what is the difference in sales from the highest sales to the lowest sales?	1872000	csv/203-csv/7.csv	empty table
13434	tell me the only song to get on the us rap chart.	House Party|(featuring Young Chris)	csv/204-csv/613.csv	No valid columns found in response: ['US Rap']. Available: ['Title', 'Peak chart positions US', 'Peak chart positions US R&B', 'Year', 'Peak chart positions US Rap', 'Album']
13449	what is the total amount of points for florencia?	63	csv/203-csv/22.csv	empty table
13442	how many courts are clay?	26	csv/204-csv/287.csv	No valid columns found in response: ['Championship Surface']. Available: ['Opponent in the final', 'Championship', 'Score in the final', 'Date', 'Surface', 'No.', 'Outcome']
13463	how many singles were under position 1?	2	csv/202-csv/257.csv	empty table
13480	what chart position did the single with david bowie reach in the us?	7	csv/200-csv/22.csv	empty table
13501	how many promotional releases were there?	1	csv/203-csv/426.csv	empty table
13514	which kitty wells album had the most singles released?	Kitty Wells' Golden Favorites	csv/204-csv/500.csv	empty table
13513	what era came before taiping?	Wufeng	csv/203-csv/347.csv	No valid columns found in response: ['Reign Era names and their year ranges']. Available: ['Reign', 'Family name (in bold) and personal name', 'Era names and their year ranges', 'Posthumous name', 'Temple name', 'Notes']
13535	"which of the singles from ""dosage"" had the highest billboard hot 100 rating?"	Heavy	csv/202-csv/240.csv	empty table
13548	which wrestlers have the same year listed for their date as kodo fuyuki and the sandman?	Takashi Sasaki and GENTARO	csv/203-csv/565.csv	No valid columns found in response: ['Wrestlers', 'Date']. Available: ['Date:', 'Location:', 'Times:', 'Notes:', 'Wrestlers:']
13543	what is the average high temperature for fayetteville, arkansas in march?	59.1	csv/200-csv/48.csv	No valid columns found in response: ['Average high °F (°C)']. Available: ['Jun', 'Feb', 'Sep', 'Year', 'Nov', 'Dec', 'Mar', 'Aug', 'May', 'Jul', 'Jan', 'Apr', 'Month', 'Oct']
13544	which month had an average high of 21.8 degrees and a record low of -1.1?	September	csv/201-csv/37.csv	No valid columns found in response: ['Average high °C (°F)', 'Record low °C (°F)']. Available: ['Jun', 'Feb', 'Sep', 'Year', 'Nov', 'Dec', 'Mar', 'Aug', 'May', 'Jul', 'Jan', 'Apr', 'Month', 'Oct']
13553	which song has the most in us r&b?	Mistadobalina	csv/204-csv/56.csv	empty table
13581	how long was the monthly average temperature 100 degrees or more?	4 months	csv/202-csv/99.csv	No valid columns found in response: ['Average high °F (°C)']. Available: ['Jun', 'Feb', 'Sep', 'Year', 'Nov', 'Dec', 'Mar', 'Aug', 'May', 'Jul', 'Jan', 'Apr', 'Month', 'Oct']
13594	what artist has more music appear in the show, daft punk or franz ferdinand?	Franz Ferdinand	csv/203-csv/357.csv	empty table
13653	"girl and ""el pro"" were performed by which artist?"	Beck	csv/203-csv/357.csv	empty table
13651	at least how many grams of water do the staple foods have?	9	csv/203-csv/97.csv	No valid columns found in response: ['Water (g)']. Available: ['Wheat', 'Yam', 'Rice', 'Plantain', 'Sorghum', 'Soybean (Green)', 'STAPLE:', 'Maize / Corn', 'Potato', 'Sweet potato', 'Cassava']
13678	what is the title of the next track after kreditz?	I Remember	csv/203-csv/37.csv	empty table
13684	how many songs reached the us main charts?	4	csv/203-csv/751.csv	empty table
13682	how long was lctes active?	8 years	csv/204-csv/916.csv	No valid columns found in response: ['LCTES']. Available: ['2011', '-', '1996', '2015', '1999', 'CCC', 'IEEE Conference on Computational Complexity', '2007', '1993']
13697	what single/ep had more than one cd but did not have jive records as its label?	How Did It Ever Come to This?	csv/203-csv/545.csv	empty table
13692	who was the opponent on the first game of the season?	Baylor*	csv/203-csv/126.csv	No valid columns found in response: ['Opponent']. Available: ['Result', 'Date', 'Rank#', 'Attendance', 'Site', 'Opponent#']
13713	which album did not have more than one song reach the charts?	Past the Point of No Return|Everybody Knows I'm Yours	csv/203-csv/830.csv	empty table
13719	what was the first game released?	Gangsters: Organized Crime	csv/204-csv/236.csv	No valid columns found in response: ['Title Release date']. Available: ['Title', 'Developer(s)', 'Publisher(s)', 'Release date', 'Genre(s)']
13727	what is the title of the song before track #4	It's Murda	csv/203-csv/701.csv	empty table
13739	how many years after 1996 did they have another song?	13	csv/204-csv/654.csv	empty table
13743	how many albums has key produced after 2010?	5	csv/204-csv/243.csv	empty table
13780	the clean & jerk in the games record and the clean & jerk in the asian record was held by who?	Ilya Ilyin (KAZ)	csv/204-csv/518.csv	No valid columns found in response: ['World Record Clean & Jerk', 'Asian Record Clean & Jerk', 'Games Record Clean & Jerk']. Available: ['Snatch', '27 November 1999', 'Athens, Greece', 'Akakios Kakiasvilis (GRE)', 'World Record', '188 kg']
13800	how many of the episodes were broadcast in july?	3	csv/204-csv/981.csv	empty table
13805	what year is next to the title cheat on you?	2008	csv/204-csv/927.csv	empty table
13832	how many songs did this producer work with taio cruz on?	1	csv/204-csv/927.csv	empty table
13845	what is the total combined density of pao and pao2?	23.91	csv/203-csv/613.csv	No valid columns found in response: ['density', 'g/cm3']. Available: ['c (pm)', 'symmetry', 'a (pm)', 'Pearson symbol', 'color', 'space group', 'b (pm)', 'Formula', 'Z', 'density, g/cm3', 'No']
13842	what was the top position an album reached on either chart?	2	csv/203-csv/137.csv	No valid columns found in response: ['US Peak chart positions US', 'US Peak chart positions US']. Available: ['Title', 'Peak chart positions US', 'Peak chart positions US R&B', 'Certifications', 'Album details']
13851	calculate the difference between boeing's 2010 arms sales and raytheon's 2010 arms sales.	8380	csv/204-csv/681.csv	No valid columns found in response: ['Boeing', 'Raytheon']. Available: ['2011 rank', 'Company (country)', '2007 arms sales (US$ m.)', '2010 rank', '2010 arms sales (US$ m.)', '2007 rank', '2011 arms sales (US$ m.)', '2008 rank', '2008 arms sales (US$ m.)', 'Arms sales as share of company’s total sales (%),', '2009 rank', '2009 arms sales (US$ m.)']
13864	how many of his tracks does nitti have a guest on?	2	csv/204-csv/184.csv	empty table
13866	which song came out first? dopeman or surrender.	Dopeman	csv/203-csv/661.csv	empty table
13871	what is the name of the first song listed on this chart?	Na'ara	csv/203-csv/862.csv	empty table
13873	what was the total number of wins?	5	csv/204-csv/363.csv	No valid columns found in response: ['Res. Record']. Available: ['Opponent', 'Event', 'Record', 'Res.', 'Date', 'Round', 'Notes', 'Time', 'Method', 'Location']
13887	how many singles were released at least as early as 2009?	4	csv/204-csv/365.csv	empty table
13884	what is the difference in combined defenses between hiroshi tanahashi and kensuke sasaki?	18	csv/203-csv/678.csv	No valid columns found in response: ['Hiroshi Tanahashi', 'Kensuke Sasaki']. Available: ['Wrestler', 'Combined days', 'Combined defenses', 'No. of reigns', 'Rank']
13910	which album had the most singles releases?	Rotting Piñata	csv/203-csv/491.csv	empty table
13917	what is the difference in points between first and last place?	28	csv/203-csv/252.csv	empty table
13928	how many songs were produced by chaos?	4	csv/203-csv/353.csv	empty table
13930	how many golfers shot 4 over par at the 2010 us open?	3	csv/203-csv/134.csv	No valid columns found in response: ['Score To par']. Available: ['Player', 'Place', 'To par', 'Country', 'Score']
13952	"how many years after ""i can't get no... edelweiss"" did the single ""bring me edelweiss"" (remix) appear?"	12	csv/202-csv/278.csv	empty table
13951	which month had 12.9 as their record high temperature and a negative average high in temperature?	Dec	csv/201-csv/33.csv	No valid columns found in response: ['Record high °C (°F)', 'Average high °C (°F)']. Available: ['Jun', 'Feb', 'Sep', 'Year', 'Nov', 'Dec', 'Mar', 'Aug', 'May', 'Jul', 'Jan', 'Apr', 'Month', 'Oct']
13960	tell me a song that hit at least #5 on the us country chart.	It Wasn't God Who Made Honky Tonk Angels	csv/204-csv/500.csv	empty table
13984	how many aired in may?	4	csv/204-csv/958.csv	No valid columns found in response: ['Episode Original Broadcast Date']. Available: ['Average', 'Original Broadcast Date', 'Remarks', 'Rank', 'Episode']
14015	what is the name of the last network listed on this chart?	MBC	csv/204-csv/379.csv	No valid columns found in response: ['Hangul Network']. Available: ['Title', 'Network', 'Year', 'Further Info', 'Hangul']
14018	how many years did vinnie dombroski win?	2	csv/203-csv/623.csv	No valid columns found in response: ['Outstanding Rock/Pop Songwriter']. Available: ['2011', '2004', '2006', '2010', 'Rock/Pop/Alternative', '2005', '2009']
14031	how long is the longest track listed?	4:47	csv/203-csv/38.csv	empty table
14049	what is the total episode on the chart?	13	csv/204-csv/494.csv	empty table
14057	a-sharp and pleasure king produced what title track?	Splash	csv/203-csv/37.csv	empty table
14065	what was maxi priest's only single in 1992?	Groovin' in the Midnight	csv/204-csv/654.csv	empty table
14088	how many weeks was timber on the list?	2	csv/204-csv/333.csv	empty table
14095	what is the first entered date?	3 October 1993	csv/204-csv/220.csv	empty table
14096	which is longer, fire or die 4?	Die 4	csv/203-csv/38.csv	empty table
14092	which era of the reign of sun quan was the longest?	Chiwu	csv/203-csv/347.csv	No valid columns found in response: ['Reign Era names and their year ranges']. Available: ['Reign', 'Family name (in bold) and personal name', 'Era names and their year ranges', 'Posthumous name', 'Temple name', 'Notes']
14117	did march or april have more precipitation?	April	csv/201-csv/3.csv	No valid columns found in response: ['Precipitation mm (inches)']. Available: ['Jun', 'Feb', 'Sep', 'Year', 'Nov', 'Dec', 'Mar', 'Aug', 'May', 'Jul', 'Jan', 'Apr', 'Month', 'Oct']
14132	what is the name of the single that was not released before 2012?	Je me souviens de tout	csv/203-csv/696.csv	empty table
14134	what score did tiger woods achieve in his third round?	67	csv/203-csv/230.csv	No valid columns found in response: ['Score To par']. Available: ['Player', 'Place', 'To par', 'Country', 'Score']
14150	how many districts have a population density of at lest 1000.0?	31	csv/204-csv/739.csv	No valid columns found in response: ['Population density /km²']. Available: ['Area (km²)', 'UBIGEO', 'Districts', 'Postal code', 'Created', 'Population', 'Population density (/km²)']
