id,columns
0,"Year,League"
1,Venue
2,"Team,Years won"
3,"City,Passengers"
4,Opponent
5,"Took office,Left office"
6,Away team
7,"Name in English,Depth"
8,"Hand,4 credits"
9,"Position,Player"
10,Winning Rider
11,Venue
12,"City/Town/Village,Prefecture"
13,"School Year,Class AA"
14,"Athlete,Nation"
15,Venue
16,Score
17,Name of place
18,Notes
19,Away Team
21,"Model,In Service"
22,"Name,Propulsion"
23,"Name,Nationality"
24,"Rank,Nation"
25,Founded
26,"Club,Points"
27,"Year,Republican Party,Majority"
28,Computer
29,Population
31,"Version,Development cycle"
32,Name
33,Constellation
34,"Rank,Cyclist"
35,"Represent,Contestant,Age"
36,"Year,Division I Undergraduate"
38,"Competition,Score"
39,Laps
40,Silver
41,"Year,Placement in Miss Pokhara"
42,Number of popular votes
43,"Division Three,Division Two"
45,"Title,Release date"
46,"Start,Penalties (P+P+S+S)"
47,"Method,Event,Date,Round"
48,# of overall seats won
49,"Victor,Date"
50,"Nation,Gold,Silver,Bronze"
51,"Score,Result"
52,Lost
53,"Name,Remarks"
54,"Name,Position"
55,Year
56,"Player,HR"
57,"Miss Northern Ireland,Placement at Miss World"
58,Attendance
59,Model name
60,Date
61,Senators
62,"Film,Director"
63,"Area km2,Area sq mi"
64,District
65,"Name,International caps"
66,Title
67,"Name of show,Episodes"
68,Name
69,"Year,Site,Losing team"
71,Date
72,"Season,Series,Races"
73,Matches
74,Driver
75,Lower zip code
76,"Name,Population (2005)"
77,"Service,Description"
78,"Year,Title"
79,Manufacturer
81,"Team,Truck(s)"
82,"Therapeutic area,Pathology"
83,Ethnicity
84,Release
85,"Name,Nationality"
86,MPs
87,Appointed by
88,"Partner,No."
89,Dates
90,"Date,Opponents,Scorers"
93,Elected Party
94,Event
95,"Competition,Notes"
96,Population
97,Barrel length
98,"Medal,Sport,Event"
99,% of constituency votes
100,Number of Concerts
101,Silver
102,"Name,Type"
103,"Name,Time"
104,"Composer,Date"
106,Name
107,"Rank,Player"
108,Name
110,"Name,Date,Condition,Notes"
112,Name
114,"County,Total"
115,"Rank,Name"
116,Runners-Up
117,"Live births,Unnamed: 0"
118,Party
119,"pos.,caps,goals,club"
120,"Opponent,Result"
123,"District,Number of electorates (2009)"
124,Bronze
125,"Name,Height"
126,"Team,Titles"
127,Club
128,"Athlete,Event,Date"
129,"% of popular votes,Election"
130,"Composer,Genre"
131,"Attendance,Week"
132,"Year begun,Year begun"
133,Years participated
134,IEC World Plugs Type1
135,"Position,Notes"
136,Result
137,Country
138,Championship
139,Event
140,"Award,Year"
141,#
142,Visitor
143,"Hometown,Height"
144,"Year,Competition,Position"
145,"Date of Death,Winner"
146,Opponents
147,Competition
148,"Votes,Candidate"
149,Date
150,"Town/Village,Island"
151,"Province,Population"
153,Helipads
154,Sequence Identity
155,"Polling Firm,Favor"
156,Away Team
157,Name in English
158,"Prominence,Mountain Peak"
159,"Mine,Town"
160,Medal
161,Position
162,Length
163,Top scorer (League)
164,"Volume,Articles"
165,"Title,Comment"
166,"Year,Competition,Venue,Event,Notes"
167,"Locomotive,Entered service"
168,"Year,Album,Label"
169,Shared Titles
170,Name
171,Result
173,"Year,Role"
174,Rider
175,Place
177,"Year,Source"
178,"Wine,Rank"
179,"Major Third,Perfect Fifth,Minor Seventh"
180,Term
181,"Position,Competition,Venue"
182,"Date,#"
183,Thermal Cond.
184,Game
185,"Name of place,Principal county"
187,Jockey
188,"Release,Title"
189,Place
190,Name
191,"Rank,Airline"
192,Top scorer (League)
193,Result
196,Year
197,"#,Film"
198,"Site,Winning team,Winning team.1,Losing team,Losing team.1"
199,"Place,Position,Number"
200,"number,symbol"
201,Population
202,City/Town/Village
203,"Winning Party/Coalition,Other/Independent"
204,Wins
205,"#,Driver(s)"
206,"Car,Qual"
207,"Name,Numeral system"
208,Secretary of State
209,"Album,Year"
210,Rank
211,Season
213,Opposition strength
214,Party
215,Opponent
217,"Name,Notes"
218,"Season,Place"
219,"Date of Award,Honour/Award Title"
220,"Opponent,Result"
221,"Driver,Co-driver,Points"
222,"Name(s),Yard no."
223,"Year,Chassis"
224,Undergraduate enrollment
225,"Represent,Age"
226,Date
227,Regions
228,"Call-sign,RF"
229,Year
230,"Rank,Name"
231,"Organization,Treaty,Ratified"
232,"Season,Scorer (s)"
233,Democratic Party
234,Stadium
235,Club
236,"Jockey,Name"
237,"FILM,SONG"
238,Outcome
239,"Title,Year"
240,"Building,Floors"
241,Place
242,weight
244,"Date of birth,Date of death,Age"
245,"Title,Role"
246,"Nation,Total"
247,Year
248,Opponent
249,Attendance
250,"Away team,Date"
251,Gold
252,"Tournament,Winner"
253,"Occupation,Status"
254,Venue
256,Result
257,Title
258,Champions
260,"Illustrator,Year"
263,"Opponent,Score,Result"
264,Height ft / m
265,Place
266,"Name,Country of Origin"
267,"Home Town,Name"
268,PlayStation 3 release date
269,"Date,Opponent"
271,"Year,Name,Location"
272,World Green Car
273,"Model name,Thrust (kg) / Power (eshp)"
274,Season
275,Won
276,"Year,Film"
277,Location
278,"Year,Name,Birth Date"
279,Serials issued
280,Rebounds
281,Launched
283,"Season,Division"
284,"Nation,Total"
285,Rider
286,Current status
287,"Nation,Gold"
288,"Name on the Register,Location,City or town"
289,"Opponent,Attendance"
291,"Number,Entered service"
292,Gold
293,"NFL Team,Player"
294,"Points,Team"
295,"Founded,Entered Competition"
296,Tournament
297,"Year,Category,Result"
298,Gold
299,"Date,Venue"
300,"MAINLAND,Population (2011)"
301,"Player,Nationality"
302,"Rider,Manufacturer"
303,Time
304,"Name,Notes"
305,"Country,Year(s) delivered"
307,MTV Taiwan Top 20
308,City
309,"Competition,Position"
310,Player
311,Date
312,No. of Ep.
313,"Name,Rank"
314,"Kategori,2004"
315,"From,Name"
316,"Title,Producer(s)"
317,"Favor,Oppose"
318,Duration of Strike
319,Birthplace
320,W–L
321,"Driver,Entrant"
322,Votes
323,"Defenders,Year"
324,Rugby Since
325,Player
326,"Protestant and other Christian,Ages attained (years)"
327,Hometown
328,Finished
329,"Rank,Name"
330,Population
331,"Season,Play-by-play"
332,Maximum magnitude
333,"Nation,Gold"
334,"2010,2012"
335,"Team,Winners"
336,"Name,Listing date"
337,"Name,Area Ha,Area Acres"
339,"Rugby League Debut,Rugby Union Debut,Country"
340,Screens
341,"Player,Position"
342,Presenter
343,"Competition,Venue,Position"
344,"Year Built,Works Number"
345,"Rank,Name"
346,HR
348,"Player,Transferred to"
349,"Elevation,Mountain Peak"
350,"Country,Name,Remarks"
352,"interval name,size (cents)"
353,"Name,Penalties (P+P+S+S)"
354,"Date,Attendance"
355,Height
357,Outcome
358,"Name,Birth and death"
359,Most spoken language
360,Country
361,"Outcome,Date,Tournament"
362,"Plant Name,Capacity (mmtpa)"
363,Total
364,"Winner,Notes"
365,"Elected Successor,Date of Election"
366,"Network,Character name"
367,"Year,Driver,Nation of citizenship,Racing series,Type of vehicle"
368,"Year,Tournament,Result"
369,Team
372,"Date,Win"
373,Host(s)
376,Position
377,"Best,Location"
378,"Name,Weight (lbs.)"
379,Dance
380,"Driver,Co-driver"
381,"Position,Song Title,Artist"
382,"Medal,Sport"
383,Diameter (mm)
384,"Season,Club"
385,"Date,Score"
386,Diver
388,"Dates of use,Named for"
389,"Term (French),Temperature range,Temperature range.1"
390,Lifetime
391,"Album title,Chart positions"
392,"Rd,Pick"
393,Date
394,"Season,Movements"
395,"Name,Height"
396,Division II Community College
398,"Company,Employees"
399,Opponent
400,"Intake,Name"
401,"Score,Opponent"
402,Platform
403,"Episode title,Ratings"
404,"Country,Points"
405,Tyres
406,"Year,League"
407,"Rank,City"
408,"Name,Nationality"
409,"Team,Chassis"
410,"Name,Earliest attendance figure known"
411,Catalog
412,"Driver,Entrant"
413,"Year,Score"
414,"Old municipalities,Seat"
415,"County,Votes"
416,Height of cable over ground
417,"Name,Birth date,Death date"
418,Total length
420,Title
422,Album
423,"Nationality,Rank"
424,"Scored,Opponent"
425,"Title,Release"
426,Opponent
427,"Rnd.,Pick #"
428,Distance (km)
429,"City/Municipality,Area (km²)"
431,"Position,Competition,Venue"
432,Length
433,"Gold,Silver,Bronze"
434,"Opponent,Date"
435,Team
436,"Victor,Comments"
437,"Seasons,Team"
438,Nation
441,"Nation,1986,1989,1991,1997,1999,2000,2003,2005,2007,2009,2011,Years"
442,"Rank,Player,County"
443,Location
444,Date
445,"Year.2,Position.2"
446,Score
447,"Opposition,Player"
448,"Year,Title"
449,Game Site
450,"Type of Hospital,# Beds"
451,"Rank,Wrestler"
453,Tonnage
454,Outcome
455,"English title,Track number"
456,"Plant Name,Startup Date"
457,District
459,"Name,Birth Date,Awarding Age"
460,"Country,2006"
461,Attendance
462,Release date
463,"Date,Attendance"
464,"Rank,Nation,Total"
465,"Year,Role"
466,"Stadium,Capacity"
467,"Province,Population"
468,"Original title,Role"
469,First issued
470,Honour/Award Title
471,Weight
472,"Winner,Result,Date"
473,"Name,Date built"
474,"Driver,Points"
475,"Title,Developer(s)"
476,Season
477,"Pick #,Player"
478,"Name,Disappeared,Found"
479,Frequency [MHz]
481,Party Affiliation
482,Date
483,"Year,Finish"
484,"Name,Position"
485,"County,Romney"
486,"Week,Attendance"
487,Active Voters
488,"Denomination,1870,1880,1890,1900,1910,1920,1930,1941,1949,2001,2011"
489,Candidates
490,"Rebounds,Date"
491,Opponent
493,Runs
494,Opponent
496,"Type (as built),Name(s)"
497,"Semi-Final Points,Final Points,Total Points"
498,"Year,Film"
499,"Obama%,McCain%"
500,"Men's winner,Women's winner"
501,"Country,Name"
502,"Player,TD's"
503,"Nation,Total"
504,Total
505,"Model,Origin"
506,Away team
507,"Opening date.1,Closing date.1"
508,Site
509,"Car,Points"
510,Date
511,"Event,Date"
513,"Gold,Silver,Bronze,Total"
514,Result
515,"Years,Current status"
516,"Metropolitan area,Rank,Year"
517,"School,Team Name"
518,"Area served,City of license"
519,Result
520,"Appointed,Time as manager"
521,"Year,Film"
522,"Method,Date"
523,"Release date,Single title"
524,"Driver,Car,Year"
525,"Date,Event"
526,"Event,Performance,Athlete,Nation"
527,Snatch
528,"Opponent,Method,Event,Notes"
529,Established
530,Winner
531,Sub­divisions
532,Name
533,Time
534,"Town,Province"
535,"Train,Top speed (km/h)"
536,Number of episodes
537,Result
538,Nickname
539,Reason for change
540,"Coach,Losses"
541,"State,Average"
542,Cylinders
543,"Group,Members,Caucusing"
544,"Gender,Weight at birth"
545,"Township,Population"
546,"Año,Title,Notes"
547,"Matthew,Mark,Luke,John"
548,"Slalom,Giant Slalom,Super G,Downhill,Combined"
549,Position
551,"Class,Type"
552,"State,Last execution date"
553,Date
554,Capacitor type
556,"Rnd.,Pick #,NFL team"
557,"Score,Top scorer (Total points)"
558,Scoring average
560,Whitworth size (in)
561,"Tie no,Attendance"
562,Scorers
563,Attendance
564,Year
565,Result
566,Type
567,"Year,Place"
568,"Laps,Team"
570,Released
571,"Area km²,Density /km²"
572,"Year,Seniors (Trood Award & Rodda Medal)"
574,Legs Won
575,"Team,Division"
576,"Actor,Result"
577,Most recent Promotion
578,"Season,Points"
579,"Tramway,Country"
580,"Rank,Name,Nationality"
581,"Date,Attendance"
582,"Name,Remarks"
583,IFPI Israel Certification
584,Launch Date
585,Name
586,"Employer,# of Employees"
587,"Player,College"
588,"Peak,Location"
589,Township
590,"Name,Notable as"
591,Result
592,"Nation,1986,1989,1991,1997,1999,2000,2003,2005,2007,2009,2011"
593,"Name,Death,Birth"
594,"Ages attained (years),Other Religion"
595,Surface
596,"Season,Tier"
598,English air date
599,Left
600,"Original Artist,Song Choice"
601,"Launched,Name"
603,"Country,Rank"
604,"Team 1,1st leg"
605,"Political Party,Office"
607,"Year,Open Cup"
608,"Community,Airport name"
609,"Athlete,Record"
611,"Date,Attendance"
612,"Nation,Points"
613,"Wrestlers,Date"
614,"Kilometers,Name"
615,"Position,Team"
616,Name
617,"Date,Score1"
618,"Name on the Register,Date listed"
620,Year
621,"Manager,Team"
623,"Cyclist,Team,Reason"
624,"Player,Total"
625,Time
626,"Total,Jews"
627,"City,Dates of use"
628,"Result,Date"
629,Player
630,"Location,Name"
631,Date
632,"Canal,Length (miles)"
633,"Chinese,Pinyin"
634,Party
635,"Year,Title"
636,"Location,Distance"
637,Men's winner
638,"Season,Position"
639,"Player,School"
640,"Team,Finished"
641,"Year,Role"
642,"Institution,Joined"
643,Performances
644,"Company,Year"
645,"Team,Competition"
646,"Finished,Horse"
647,Score
648,Brand
649,Attendance
650,"Rank,Athlete"
651,Township
653,Semifinalists
654,"Miss Northern Ireland,Placement at Miss World"
655,Regular Season
658,Competition
659,Notes
660,"Winner,Location"
661,Winner
662,"Player,Country"
663,"Award,Group"
664,"Representative,Counties Represented"
665,"Date,Score"
666,"Date,Opponent,Attendance"
667,"Year,Role"
669,"Released,Usage"
670,"Name,Lifetime"
671,Away team
672,"Driver,Pos"
673,Winners
674,Win%
675,"#,Film,Date"
676,"Formula,Pearson symbol"
677,Division
678,"Year,Regular Season"
679,Time
681,Attendance
682,"Year,Role"
684,Artist
685,"Rnd,Venue"
686,Title
687,"Association,Category,Result"
688,Circuit
690,Distance (km)
692,"Gold,Silver,Bronze"
693,Selection
694,First elected
696,Weight
697,Record
698,Silver
699,Result
700,"Year,Venue"
702,"Nation,Silver"
703,"Founding Date,Years Active"
704,Time
705,Scored
706,Site
707,Written by
708,2008/09
709,"Outcome,Date,Opponent in the final,Score in the final"
710,Date
711,"Floors,Height ft (m)"
712,Votes
713,Total
715,Election Year
716,"Publisher,Film"
717,"Establishment,School Name"
718,"Political Party,Occupation"
719,Result
720,"Location,Event"
721,"Name,Listing date"
722,"Rank,City,Population (2011)"
723,Notes
724,"Name,FA Cup,FL Trophy"
726,"Season,Goals"
727,"Name,Nationality"
728,Winning team
729,Courthouse
730,"Year,Coach"
731,"Year,Film"
732,Title (English translation)
733,Nation
734,"Model,Origin"
735,"AIRLINE,LICENCE #"
736,"Country,City"
737,Opponent
738,"Title,Original airdate"
739,"Pos.,Driver,Co-driver"
740,Car
741,"Athlete,Nationality,Time"
742,"name,club"
743,"English Title,Chinese Title"
744,"Date,Result"
745,"Model,Length of use"
746,"Name,Games in campaign"
747,"Men's Individual,Women's Individual"
748,3-dart Average
749,"Player,Position"
750,TPB page number
751,Scorers
752,"State,Last execution date"
753,weight
754,"Date,Winning team"
755,Player
756,"Player,Total"
757,"Place,Player"
759,"Year,Competition"
760,"Name,Position"
761,"Crude birth rate (per 1000),Average population (x 1000)"
762,"Year,Competition"
763,"Name,Notes"
764,"Poll company,Source"
765,"Heat,Cyclists"
766,"Office started,Office ended"
767,"Driver,Time"
768,Creature (Other Planes)
769,"Year,Position"
770,"School Name,Neighborhood,Building Status"
771,"Player,Span"
772,Competition
773,Manufacturer
774,"Date,Score"
775,"Score,2008,2009"
776,"Visitor,Home,Score,Score.1"
777,Marker name
778,"Champions,Tournament"
779,"Nation,Bronze"
780,"Method,Event,Date,Round,Time,Location,Notes"
781,Opponent
782,"Division,Season"
783,Pages
784,"Year,Event,Notes"
785,In Service
786,"Season,East Superleague"
787,"Nation,Bronze"
788,Year
789,"Name,Residence,First served"
790,Location
791,TV
792,"Game site,Attendance"
793,"Broadcaster,Episodes"
795,"Type,Date"
796,"Nation,Total"
797,"Begin,End"
799,Nation
801,"Train No:,Destination"
802,Position
803,"Album,Year,Territory"
804,"Rank,Nation"
805,"Competition,Year"
806,"Tournament,Points per game"
807,"Year,Game"
808,"Nation,Total"
809,"Film,Year"
810,"Born,Died"
811,Top 10s
812,"Temp.,Capacitor type"
813,# of seats available
814,Exited administration
815,"Gold,Silver,Bronze"
816,Score
817,Result
818,Name
819,"Built,Name"
820,Population (2011)
821,Laps
822,"Team,Titles"
823,"Ring name (Birth name),Inducted by,Notes"
824,"Rank,Total"
825,Area in km²
826,"#,Days held"
827,"Year,Event,Position"
829,"Appointed Successor,Date of Appointment"
830,"Nationality,Athlete"
831,"Country,Runners-up"
832,"Year,Combined Tackles"
833,Drawing
834,"Name,Entered office"
836,Gold
837,"Whitworth size (in),Core diameter (in)"
838,"Event,Location"
839,"Constituency Name,Constituency Number"
840,Venue
841,Winning Couple
842,"Member,Party"
843,"Name,Prize Money (USD)"
844,"Wrestlers,Date"
845,"Former Incumbent,Cause"
846,"Season,Place"
847,Year
849,Charter
850,"Rank,Nation"
851,"City,Population (2001)"
852,Record
853,Silver
854,No. of Barangays
855,Name
856,Title
857,"Team 1,Team 2,2nd leg"
858,Date
859,"Party,Left Office"
860,"Year,Competition,Venue,Event,Notes"
861,"Party,Leader,From,To"
862,"Time,Name,Nationality"
863,"Party,Previous council,New council"
865,"President,President's Party"
866,"Coach,Tenure"
867,Residence
868,"Winner,Party Affiliation"
869,Date
870,"Club,Season"
871,Passes Defended
873,Scorer (s)
874,Result
875,Score
876,"Gold,Silver,Bronze"
877,"Location,Town"
878,League.1
879,Player
880,"Map or catalog,Time created"
881,Points
882,Result
883,"Round,Overall"
884,"Title,Further Info"
885,"Result,Competition"
886,Introduced
887,Year
888,Club
889,"Model,Released"
890,Time
891,"Festival,Result"
892,Internl. tourism arrivals 2010 (x 1000)
893,"FILM,LANGUAGE"
894,County
895,"Species,Country of origin"
896,"Median household income,County"
898,Maps
899,"Date,Works number"
900,"No. in Series,No. in Season,Title,Original air date,Prod. code"
901,"Series premiere,Series finale"
902,"Season,Place"
903,Municipality/Communes
904,"Result,Year"
905,Silver
906,Caliber(s)
908,"Rank,Nation"
909,Launch Date
910,"Opponent,Time"
911,"Date,Attendance"
913,Result
914,Venue
916,Role
917,Gross
918,Margin of victory
919,"Album#,Release date,Label"
920,Player
921,Goals Scored
922,Site
923,Result
924,"Year,Driver"
925,"Potato,Plantain"
926,"Model,first flight"
927,"Terrain,Stage"
928,"Released,Artist"
930,"Publication,Score"
931,"Rank,Athlete"
932,Model name
935,Margin of victory
936,Venue (Location)
937,"Country,Total"
938,"Location,Output (MW AC)"
940,"Rank,Name"
941,"Name,From,Until"
942,weight
944,Year
945,"Title,Artist"
947,"Name,Years at Nebraska"
948,"Location,Destinations"
949,Roster
950,TD's
951,Elevation
953,"Rank,Nation,Total"
954,Director
955,"Season,Pos."
958,"Singles W-L,Doubles W-L"
959,Title
960,"Name,P"
961,"Title,WG"
962,Sub­divisions
963,Fastest Lap
964,"Diver,Rank"
965,Gery Chico
966,"interval name,just (cents)"
967,"No.,Prefecture"
969,"Title,Role"
970,"Gold,Nation"
971,"Delegate,Committee"
972,"Released,Video title"
973,"Religious group,Literacy (%)"
974,"From,To"
975,"Number,Encoding"
976,"Year,Per Capita Income (as % of USA)"
977,"Region,Date"
978,Cantonese Yale
979,"Year,Finish"
980,"Year,Film"
981,"Constituency,Winner Candidate"
982,Athlete
983,Speed (mph)
984,"Nation,Points"
985,"Athlete,Time"
986,DVD Title
987,Driver
988,"Partner,Date,Tournament"
989,Player
990,White
991,"Team,Assists"
992,"Country,Bib"
993,"Nation,Total"
994,"Date,Region"
995,"Athlete,Event,Race 1 Time,Race 2 Time,Total Time,Total Rank"
997,"Name,Total"
998,"Rider,Points"
999,Courthouse
1000,"Name,Number"
1001,"Interview,Swimsuit,Evening Gown"
1002,"Category,Series"
1004,"Team,Rank"
1005,"Player,Height"
1008,"Promotions,Team"
1009,"Title,Role"
1010,Population
1012,"Club,Losses"
1013,"Height,Name"
1014,"Position,Player"
1015,"Year,W"
1016,"Name,Goals"
1017,"Party,Comments"
1019,"Year,Vidhan Sabha"
1020,No.
1021,"Stadium,Capacity,City,Country"
1022,Total
1023,"Year,Position"
1024,Release
1025,Player
1026,"River,Name"
1028,"Year,Title"
1029,Population (2011)
1030,Date
1031,Played
1032,"Week (Stage),Song choice"
1033,"Title,Role"
1034,"Department,Total Deputies"
1035,"Venue,Event"
1037,"Player,Opponent"
1038,Attendance
1039,"Name,Sport,Event"
1040,"Driver,Bonus"
1041,Nation
1042,"Nation,Gold,Silver,Bronze"
1043,Home/Away
1044,Flag bearer
1045,"Nation,Gold,Silver,Bronze"
1047,"Name of President,Year of Presidency"
1048,"Year,Title"
1049,"Year,Notes"
1050,City
1052,"Network name,Affiliates"
1054,"Home team,Score,Away team,Score.1"
1055,Place
1056,"Driver,Constructor,Chassis"
1057,Gold
1058,"Kilometers,Name"
1059,"Representative,Year"
1060,Year
1061,"Year,Conservative councillors"
1062,"Team,Winning Years"
1064,Goalkeeper
1065,Events
1066,Notes
1067,"Winner,Result"
1068,"Rank,Country"
1069,"Year,Competition"
1070,Location
1071,Built
1072,Record
1074,"Bronze,Silver,Gold"
1075,Gold
1077,"Year,Competition"
1079,"Chip,Flash size"
1080,First elected
1081,"Athlete,Time"
1082,"Driver,Year"
1083,Score
1084,"Tournament,Date"
1085,"Winning Driver,Constructor"
1086,Area in km²
1087,"Pos.,Laps"
1088,"Brand,Therapeutic area,Pathology"
1089,Opponent
1090,"Team,Change"
1091,Housemates
1092,Blocks
1093,elevation (mountain station)
1094,"Year,Sacks"
1095,"Gold,Silver,Bronze,Total"
1096,"Medal,Sport"
1097,Venue
1098,"Player,Points"
1099,Year
1100,"Nation,Bronze"
1101,E Structural
1102,"Date,Score"
1103,"Player,Pts"
1104,"Home team,Away team"
1105,Metropolitan area
1106,World Performance Car
1107,"Deanery,Town"
1108,"Single title,French Charts"
1109,"Competition,Appearances Sub"
1110,Country
1111,"Partnering,Opponent in the final,Score in the final"
1112,Name of place
1113,"Treaty,Ratified"
1114,Formed
1115,Electrical system
1116,Gold
1117,"Winner,County"
1118,Year
1119,"Family name (in bold) and personal name,Notes"
1121,Total
1122,Bib
1123,Sent Home
1125,"Round,Pick,Player"
1126,"Team,Laps"
1127,"Lyrics,Track number"
1129,Opponent
1130,Date
1132,Result
1133,"Name,Profession,Hometown"
1134,Gold
1135,"Team,County"
1136,Chumps
1137,Deficit
1138,2nd leg
1139,"Rank,Nation"
1140,"Name,Fate"
1141,"Original air date,English air date"
1142,"Name,Took office,Left office"
1143,State
1144,Years Since Divergence from Human (mya)
1145,"Height ft (m),Floors"
1146,Result
1147,Date
1148,Live births
1149,"Name,Successful Defenses"
1151,"Model,Caliber(s)"
1152,Districts
1153,"Location,km"
1155,"Year,Competition"
1156,"Opened,Closed"
1157,Weight
1158,"Residence,Occupation,Votes"
1159,"Player,Nationality"
1160,Position
1161,Laps
1162,"For,Against"
1163,Tournament
1164,"Wrestlers,Days held"
1165,"Year,Player"
1166,"Team,Truck(s)"
1168,Playoffs
1169,"Nation,Gold"
1170,Weight
1171,"Weekend End Date,Film"
1172,"Event,Position"
1173,"Name,Notes"
1174,"Yacht,Owner"
1175,President
1177,Type
1178,"Year,Film,Function"
1179,Number of contestants
1180,"Name,Nation(s)"
1181,"Group,Members,Caucusing"
1182,"#,Wrestlers"
1183,Gold
1184,Discs
1185,International caps
1186,USDA recommended
1187,Away Team
1188,"Country,Ship"
1189,"Year,Game"
1190,"Network name,Owner"
1192,Name
1194,"Date,Attendance"
1195,Result
1196,Age
1197,Surface
1198,Goals
1199,Type
1200,Wins
1201,Test method
1202,Release date
1203,"Film,Weekend Gross (millions)"
1204,"Obama,Votes,Total"
1205,"Year,Award,Notes"
1206,Time/Retired
1207,"Constructor,Pos,No,Driver,Time/Retired"
1208,"Runners up,Year"
1209,"Player,School"
1210,"Rank,Country"
1211,State
1213,"Winning team,Winning team.1,Losing team,Losing team.1"
1214,Field Goal %
1215,Title
1216,"Winner,Score,Score.1"
1217,#
1218,"Finished,Horse"
1219,Total Apps
1220,Player
1221,Rank
1223,"Constructor,Time/Retired"
1224,"Title,Time"
1225,East Region South Division
1226,"Total,Team"
1227,"First issued,Serial format"
1228,"Coach,NCAA Tournament"
1229,"Rank,Name"
1230,"Year,Winners,Score"
1231,"Driver,Constructor"
1232,Capacity
1233,Honour/Award Title
1234,Alma mater
1235,"Opponent,Score"
1236,"Party,Votes"
1237,Party
1238,Puzzle
1239,"Year,Winning team,Losing team"
1240,Winners
1241,Final
1242,School
1243,State
1244,Player
1245,Years of appearance
1246,"Award,Result"
1247,"Year,Game"
1248,"Conf (Overall),Seed"
1249,"Team 1,Team 2"
1250,Producer(s)
1251,Venue
1252,"Party,Active Voters"
1253,Result
1254,"Event,Gold,Silver,Bronze,Total"
1255,"Date,Location"
1256,"Interferometer and observing mode,Waveband"
1257,"Score,OT"
1258,"Attendance,Site"
1259,"Branding,Callsign,Frequency,Power (kW),Location"
1260,"Inducted by,Inducted for"
1261,Afrikaans
1262,Result
1263,"Coach,Tenure"
1265,"Date,Result"
1267,"Community,Population"
1268,"Year,Winners"
1269,School
1270,Year
1271,"9 Feb,11 Feb,16 Feb,25 Feb,27 Feb,2 Mar,4 Mar,6 Mar,11 Mar,13 Mar,24 Mar,30 Mar,31 Mar"
1272,"Title,Year,Gross (worldwide)"
1273,"Pos,Driver"
1274,"Tie no,Home team,Away team"
1276,"Year,Democratic Party,Republican Party"
1277,Fab (nm)
1278,Year
1279,"Team,Position in table"
1280,"Year,Position"
1281,"Team,Sacks"
1282,"Place,Total"
1283,Birth Date
1284,Remixed by
1285,"Year,Sacks"
1287,Position
1288,"# of Employees,Employer"
1289,"Name,Time"
1290,Result
1291,Name
1292,Attendance
1293,"Team,Final"
1294,"Name on the Register,Date listed"
1295,Result
1296,"Date,Time"
1297,"Result,Opponent"
1298,Score
1299,"Score,Result"
1300,"Name,Notable as"
1301,"Network,Mobile Prefixes"
1302,"No. of reigns,Combined defenses"
1303,Download
1304,"% of popular votes,Election"
1306,"Player,Games Played"
1307,Dance
1308,City 2010 census
1309,"Make,Pos."
1310,Result
1311,"Award,Result"
1312,"Name,Fee"
1313,"Champions,Runners-up,Semifinalists,Quarterfinalists"
1314,"School,CWS best finish"
1315,Total
1316,Round
1317,# of overall seats won
1319,"Winner,Location"
1320,"Personal name,Period of reign"
1321,Date
1322,Opponent
1323,"Competition,Venue"
1324,Champion
1325,"Tribunal,Executions in effigie"
1326,Attendance
1327,County
1328,By race
1329,"Rank,Population (2001 Census)"
1330,"City,Passengers"
1331,"Church,Weekly collections"
1332,"Name,Tonnage (GRT)"
1333,"Wrestlers,Days held"
1334,Varsity Sports
1335,Score
1336,"Rank,Swimmer"
1337,Opposition
1338,Code
1339,"Airline,Destination(s)"
1340,"Artist,Title"
1341,Winner
1342,"Year,Film"
1343,Honour/Award Title
1345,"County,Number of households"
1346,"Days held,Event"
1347,Title
1348,"League Goals,Season"
1350,Name
1351,Won
1352,Goals
1353,"Previous council,New council"
1354,Prev. points
1355,Opponent
1356,"Date,Score"
1357,"Team,Manner of departure"
1358,"Constituency,Votes"
1359,Height (mm)
1360,"Whitworth size (in),Core diameter (in),Tapping drill size"
1361,"Player,Overall"
1362,Company (country)
1363,Singing position
1364,Movements
1365,"Company,Revenue (USD billions)"
1366,Nation
1367,Unnamed: 0
1368,Spirits
1369,"Title,Gross (worldwide)"
1370,Game
1371,Year of listing & ref(s)
1373,"Character name,Network,Notes"
1374,"Region,Label"
1375,"Gold,Silver,Bronze"
1376,"Dead,Dead"
1377,"Name,Nationality"
1378,Site
1379,Film
1380,"Championship,Prev. result"
1381,Class
1382,Total
1383,"Rank,Time"
1384,"Unemployment Rate %,Year"
1385,Year
1386,"Pos,Driver,Constructor"
1387,City
1388,"Rank,Country"
1389,"Year,Genre,Role"
1390,Date
1391,"Division I Overall,Division II Overall"
1392,Urban Area
1393,"Division,Season"
1394,Town
1395,Airdate
1396,"Population (2010 census),District"
1397,"Tournament,Runner(s)-up"
1398,"U.S. Billboard 200 Chart,Album"
1399,Total Finals
1400,"Championship,Category"
1401,"Nation,Gold"
1402,"Senator,Caucus"
1404,derivation
1405,Created
1406,Laps
1408,"Building,Height (CTBUH)"
1409,"Winner,Number of Votes"
1410,"Game site,Attendance"
1411,Poles
1412,Interface
1413,"Place,Player"
1414,"Position,Number"
1415,"Condition,Name"
1416,"Round,Player"
1417,"Event,Performance"
1418,Surface
1420,"Year,Name"
1421,"Year,Role"
1422,Voter Turnout
1423,Operator
1424,"Name,Date"
1426,Memory Bandwidth (GB/s)
1427,"Pos,Points"
1428,"From,Status"
1429,Ascents (Failed attempts) bef.2004
1430,Destination
1431,"Nation,Silver"
1432,"Team,Average"
1433,"Member,Party"
1434,"Division,Season"
1435,"Took Office,Left Office,Party"
1436,Manufacturer
1437,units
1438,"Location,Date"
1439,"Date,Attendance"
1440,"Name,Founded"
1443,"Season,Tries"
1444,"Manufacturer,Model,max range (km)"
1445,"Athlete,Silver"
1446,"Matches,Won"
1447,Population
1448,Date
1449,"Player,Nationality"
1450,"Week,Result"
1451,"Location served,Name"
1452,Country
1453,"Nation,Silver"
1454,"Player,Total"
1455,"#,Title"
1456,"Season,Team"
1457,Military service
1458,"Athlete,Event,Race 1 Time,Race 2 Time"
1459,"Name,Nationality"
1460,"First year in this position,Name"
1461,Frequency [MHz]
1462,Kit manufacturer
1463,"Total,Nation"
1464,"Third Duma,Fourth Duma"
1465,Competition
1466,Call sign
1467,Total
1468,Entered service
1469,"Licensee,Call sign"
1470,Date
1472,"Location,Year of listing & ref(s)"
1473,Established
1474,"Name,Nationality"
1475,"Place,Team"
1476,Date
1477,"Mine,Dates"
1478,Edition
1479,"Party,Candidates"
1480,"Network name,Owner"
1481,"Date,Score"
1482,"City,Courthouse"
1483,"Year,Men's winner,Women's winner"
1484,"Nation,Rank"
1485,"Title,Developer"
1486,"Swara,Short name"
1487,Title
1488,"Author,Illustrator"
1489,Movements
1490,"Competition,Venue"
1491,Division II Community College
1492,"Won,Played"
1493,Frequency
1494,"Competition,Notes"
1495,"Women,Sport.1"
1496,"Singers,Length (m:ss)"
1497,"Division,Section"
1498,"Film,Gross"
1499,"Ethnicity,1966"
1500,Established
1501,"Year,Winner"
1502,"Area served,VC"
1503,"Riding,Residence"
1504,"Title,Status"
1505,# of Employees
1506,"Date,Attendance"
1507,"Transmitter,A.G."
1508,"State,Passed"
1509,"Year,Numer of Jamaicans granted British citizenship"
1510,"Name,Death date"
1511,"Game flow,Setting"
1512,"Matters,Eligible petitioners"
1513,"Nation,Silver"
1514,Representative
1515,"Genre,Title"
1516,"Season,Level,Division,Position"
1517,Year
1518,"Driver,Entrant"
1520,"Parish Est,City"
1522,"Current Use,Name"
1523,"Week,Opponent,Result"
1524,"Player,Round"
1526,Date
1529,"Team,Position in table"
1530,Menteri Besar
1531,"Date,Winning Team,Score,Score.1,OT,Arena,Attendance"
1533,Year
1534,"Release Date,Notes"
1535,Reason for termination
1537,County
1538,Result
1539,Afrikaans
1540,Air Date
1542,"Channel,Show"
1543,"Tournament,Prize Money"
1544,Prize money USD
1545,"Athlete,Nationality"
1546,"Conference,Bids"
1547,"Location,City or Town"
1548,Position
1549,"Origin,Etymology"
1550,Outright Titles
1551,"Model,Length"
1552,"Season,Opponent"
1553,Shared Titles
1554,"Rank,Nation,Gold"
1555,"Opponent,Result"
1556,"Winner,Event"
1557,"Name,From,To"
1558,"Event,Casualties"
1559,"Title,B-sides"
1560,"Year,Playoffs"
1561,"Winner,County,Opponent,County.1"
1562,"Driver,Tyre"
1563,Movements
1566,1965
1567,Team
1568,"Race,Competition,Rider"
1569,Total Apps
1570,"Plant name,Products"
1571,SRAM
1572,"Ethnicity,2007 estimate"
1573,"Menteri Besar,Took office"
1574,Date of Award
1575,"Season,Position"
1576,Winners
1577,Duration (min:sec)
1578,"Typ,Construction Time"
1579,"Team name,Year ended"
1580,Title
1581,"Title (English translation),Subject"
1582,Result
1583,Date
1584,"Year,Serbs,Germans,Hungarians,Romanians,Slovaks"
1585,"Year,Role"
1586,"Starting price,Jockey"
1587,"Nation,Total"
1588,"Year,Venue,Venue.1"
1590,Name of President
1591,"Obama,County"
1592,"Date,Venue"
1593,Country
1594,Name
1595,"Date,Name"
1596,"Rank,Name,Nationality"
1597,Building Status
1598,"Country,Runners-up"
1599,"Took Office,Left Office"
1600,Team
1601,"Race,Rider"
1602,Country
1603,Pilot
1604,"Title,Performer(s)"
1605,County
1606,"District,Name"
1608,"Airline,Destination(s)"
1609,"From,To,Name"
1610,Finish
1611,"Rank,Athlete"
1612,Season
1613,"Award,Notes"
1614,Points
1615,Laps
1616,"Year,Album"
1617,Week
1618,Games Played
1619,"Name,Country,Top representation level"
1620,"Film,Year"
1621,"Season,Tier"
1622,"Season,Division"
1623,"Title,Sub­divisions"
1624,Position
1625,"Event,Winner,Second"
1626,Rd
1627,"Name,Apparent Magnitude"
1628,#
1629,"Home team,Away team"
1631,Left
1632,Parishes
1633,"Matters,Eligible petitioners"
1634,"District,Cup"
1635,Silver
1636,"Nation,Total"
1638,"Outcome,Surface"
1639,"Year,Actor,Category,Role"
1640,Year
1641,Season
1642,Drivers
1643,"Wins,Year"
1644,Deficit
1645,Coordinates
1646,"Year,Winner,Result"
1647,"Painter,Composition"
1648,"Province,Language"
1649,Date
1651,Gold
1652,"Party,Votes"
1653,"Airport,Passengers handled"
1654,"Year,US Dollar Exchange"
1655,"Rank,Name"
1656,"Model,Origin"
1657,City
1658,"No.,Outcome"
1660,"Seed,Tiebreaker"
1662,"Date,Result"
1663,"Pos,Rider"
1664,Nationality
1665,"Year,Laps"
1666,Medal
1667,"Year,Car"
1668,"Competition,Notes"
1669,Result
1671,Result
1672,"Nationality,Tonnage (GRT),Fate"
1673,Album
1675,Age
1677,"Pos,No"
1678,Historical Affiliation
1679,Cyclist
1680,"Score,Score.1"
1681,Attendance
1682,Township
1683,Population (2009)
1684,"Species,First release"
1685,Match
1686,"Name,Points"
1687,"Week,Attendance"
1688,"Community,Population"
1689,"Took Office,Name"
1690,"Rank,Athlete"
1691,Date of birth
1692,Team
1694,"Nation,Gold,Silver,Bronze,Total"
1695,"Opponent,Competition"
1696,Name
1697,"Date,Score"
1698,"Year,Company,Number of Members Affected"
1699,"Rank,Name"
1700,"Live births,Deaths"
1701,"Week,Attendance"
1702,"Assists,Turnovers"
1703,"Silver,Bronze"
1704,"Name,Division"
1705,"Wrestlers,Days held,Notes"
1706,"Bronze,Gold"
1707,"Player,Year,Result,Opponent"
1708,Bronze
1709,"Release Date,Chart Position,Notes"
1710,"City,Country,IATA,ICAO,Commenced,Ended"
1711,Name of concern
1712,Place
1714,Time/Retired
1715,"Year,Starters"
1716,Opponent
1717,"Name,From"
1718,"Name,Original Ethnic Community"
1719,"Year,Competition,Event"
1720,Name
1721,Time
1722,"Title,English Translation"
1723,Away Team
1724,"Year,Manufacturer"
1725,"Score.1,Score"
1726,Bronze
1727,Undergraduate enrollment
1728,"Region,Finished"
1729,"Year,Tournament"
1730,"Competition,Position"
1731,Titles
1732,"Nationality,Rank"
1733,"Rank,Result"
1734,"Year,Album"
1735,"Township,Population center"
1736,"Year,Seats"
1737,"Rank,Nation"
1738,"Name,Transfer fee"
1739,"Publication,Score"
1740,Name
1741,Responsible Minister(s)
1742,Took Office
1743,"Conference,Quarterfinals"
1744,Company (country)
1745,Death
1746,"order in position,president of the republic"
1747,2002
1748,"Visitor,Home"
1749,"Season,Series"
1750,Page
1751,"Engine,Entrant"
1752,"Pos,Rider,Points"
1753,"Yacht,Nation"
1754,Opponent
1755,Club
1756,Score
1757,"Nation,Bronze"
1758,Year ended
1759,"Model,Barrel"
1760,Episodes
1761,"Year,Competition"
1762,Pos.
1763,First issued
1764,Football League Trophy
1765,Date
1766,"Laps,Driver"
1767,"Place,Team"
1768,Urban Area
1770,"Year,Champion,City"
1771,"Department,Total Deputies"
1772,females
1773,Gold
1774,COMMENCED OPERATIONS
1775,Number
1776,"National Team,Number of stars"
1777,Number
1778,"Rank,Nation"
1779,"District,Settlement"
1780,"Year,Gold"
1781,"Rank,Name"
1783,Power rating
1784,"Player,New points"
1785,"Year,Competition,Position"
1786,Academic staff
1787,Game of the Year
1788,"No,Date,Race"
1789,Title
1790,"Location,Crossing"
1791,Driver
1792,Name of place
1793,"Title,Time"
1794,Prize Money
1795,"Year,Team,Co-Drivers"
1796,"Role,Artist"
1797,"Western Title,Regions"
1798,"Nation,Rank"
1799,"Ed Burke,Roland Burris,Gery Chico,Bill Daley,Tom Dart,Danny K. Davis,Miguel Del Valle,Rahm Emanuel,Bob Fioretti,Luis Gutiérrez,Jim Houlihan,James Meeks,Carol Moseley Braun,Terry Peterson,Patricia Van Pelt-Watkins,William Walls,Other,Undecided"
1800,"Pos,Time/Retired"
1801,Result(s)
1802,Time
1803,"Community,Area"
1804,"Temple name,Personal name"
1806,"Movements,Season"
1807,"Title,Role,Notes"
1808,Gold
1809,Year
1810,Adherents
1811,"Opponent,Score,Win"
1812,"Represented,Contestant,Age"
1813,"Opposition,Result"
1814,"Competition,Position"
1815,Transfer fee
1816,Place
1817,Land area (mi²)
1818,"Treaty,Ratified"
1819,"Circuit,Winning team"
1820,Remarks
1821,Time
1822,"Nation,Bronze"
1823,"Champion,Runner-up"
1824,"Name,Took Office"
1825,"Place,Player"
1826,"Event,Notes"
1827,Enrollment
1829,"Director,Producer,Writer"
1830,Save
1831,"Builder,Date,Type"
1832,Gold
1833,"Ethnicity,Islam"
1834,"Studio,Rank"
1835,"Driver,Year"
1836,"Year,Title,Role"
1837,"Film,Details"
1838,"Date,Result"
1839,"Pick #,Player"
1840,"Municipality,Interescting highway"
1841,Result
1842,Date
1843,"Character,Title"
1844,"Player,Money ($)"
1845,"District,Population (2011)"
1846,Team
1847,"Act,Year signed"
1848,Name
1849,Abbreviation
1850,"Player,Result,Opponent"
1851,"symbol,name"
1852,Wins
1853,"Date,Opponents,Attendance"
1854,Country
1856,GER Nos.
1857,Earnings (US$)
1858,Legs Lost
1859,"Prev. points,New points"
1860,"Country/Territory,Total"
1861,"Founded,Institution"
1862,"Nation,Rank"
1863,Scorers
1864,"Year,Car"
1865,Laid down
1866,Type
1867,"Wrestler,No. of reigns"
1868,"Genre,Year,Episodes"
1869,"Opponent,Lost"
1870,Name
1871,"Nation,Gold,Silver,Bronze"
1872,Model
1873,Athlete
1874,Country
1875,"Language,Film"
1876,Home team
1877,Score
1879,"Party,Date of death"
1881,"Outcome,Opponent"
1882,Opponent team
1883,Current magnitude
1885,North
1886,Team
1887,Successful Defenses
1888,Year
1889,Première date
1891,"Date,Director"
1892,Winning team
1893,Township
1894,Channel
1895,Winnings
1896,"Name,Founded"
1897,"Date,Outcome"
1898,"Position,Event"
1899,"Athlete,Country"
1900,Place
1901,"Year,Name of show,Other guests"
1902,Comment
1903,"Division,Season"
1904,"Year,Inflation Rate %"
1906,"Competition,Goals"
1907,"Gold,Silver,Bronze"
1908,Year Built
1910,Elevation
1911,Attendance
1912,"Year,College"
1913,"Height,Weight"
1914,Horse
1915,"Name,Time"
1916,"No.,Took Office,Left Office"
1917,"Township,Population"
1918,"State,Name"
1919,Notes
1920,Name
1921,"Name(s),Launched"
1922,Smartphone
1923,Attendance
1924,Silver
1925,"Name,Took Office,Party"
1926,"Pos.,Driver,Co-Driver"
1927,"Province,Population"
1928,"Team,Date"
1929,"Years reigned,Nation(s)"
1930,"Year,Position"
1931,Language
1932,Third place
1933,"Position,Season"
1934,2006 attendance
1935,"Office started,Office ended"
1936,"Title,Length"
1937,"Winner,Date"
1938,"Afrikaans,German"
1939,Current distance
1940,Gold
1941,"Team,Location"
1942,"Score,Opponent"
1943,"Nation,Gold"
1944,Gold
1945,"Year,Competition,Position"
1946,Location
1947,Fate
1948,Created
1949,"Rank,Athlete,Notes"
1950,"Silver,Bronze"
1951,Notes
1952,"Card set ref,#cards"
1953,Pts
1954,Result
1955,"Election,Seats in the parliament"
1956,"Date,Result"
1957,"Season,Level,Division"
1958,Points
1959,"Director,Title"
1962,Notes
1963,Call sign
1964,"Took Office,Left Office"
1965,Time/Retired
1966,"Year,Role"
1967,Date
1968,Wins
1969,Season
1970,"Code.1,Code.2,Year.1,Year.2"
1971,Venue
1972,"Municipality,Interescting highway"
1973,"Year,Starters"
1974,"Placement at Miss World,Miss Northern Ireland"
1975,"Year,Captain,Best & Fairest"
1976,Year
1977,CWS appearances
1978,Afrikaans
1979,Tonnage
1980,"Pollutant,Emission Standard"
1981,Time
1982,Date
1983,"Date,Attendance"
1984,"Points,Team"
1985,Track number
1986,Year
1987,"Competition,Notes"
1988,"Role,Notes"
1989,"Year,Wins"
1990,Women
1991,Term of Office
1992,"Rank,Nation"
1993,Sub­divisions
1994,"Position,Season,Series"
1995,"Nation,Gold,Silver"
1996,"Name,Political party"
1997,Elevation
1998,Name
1999,"Winners,Runners-up"
2000,Majority
2001,"Top scorer (Total points),Opponent"
2002,Time
2003,"Party,Votes"
2004,"Party,%"
2005,"Director,Date"
2006,"Year,Liberal councillors"
2007,"Nationality,Name"
2008,Years Played
2009,Title
2010,Municipalities
2011,"Year,Tournament,Result"
2012,Opponent
2013,"Score,Result"
2014,"Model,Release date"
2016,Power (kW)
2017,Player
2019,"1993,1996,1999"
2020,Laps
2021,Duration (min:sec)
2022,"Year,Competition,Venue,Position,Event,Notes"
2023,"Name,Goals scored"
2024,Games
2025,"Year,Men's Individual"
2026,"Rank,Nation"
2027,Venue
2028,Age
2029,"Gold,Silver,Bronze"
2030,"Year,Position"
2031,Pick #
2032,Output Format
2033,"Sport,Silver"
2034,Interceptions Returned for Touchdown
2035,"Location,Name of mill and grid reference"
2036,Won
2037,"Points,Driver"
2038,"Symbol,Meaning,Description"
2039,"Loss,Note"
2041,Points
2043,"Competition,Year"
2044,Result
2045,Model name
2046,"Country,Pole Position"
2047,Total
2048,"Gold,Silver,Bronze"
2049,"Chart Position,Role,Artist"
2050,Comment
2051,First TOPS
2053,"Season,Tier"
2054,"Districts,Population"
2055,Block
2056,"Type of game,Date"
2057,Region
2058,"Title,Release"
2059,"Beginning of service,End of service"
2060,"Title,Year"
2062,Bronze
2063,"Date,Attendance"
2064,Played
2065,"Opponent,Result"
2066,Flag bearer
2067,Result
2068,"#,Title"
2069,"Year,Title"
2070,"Film,Worldwide Gross"
2071,"Name,Country"
2072,"Name,Number"
2073,First served
2074,Year
2075,"Date,Method,Event,Notes"
2076,Energy storage
2077,"Score,Player"
2078,"Winning team,Losing team"
2079,Winner
2080,"Landmark name,Date Built"
2081,Attendance
2082,"Winning score,Tournament"
2083,Current Use
2084,Film
2085,"Year,Team"
2086,Result
2087,"Nation,Gold,Silver,Bronze"
2088,Name
2089,Goals for
2090,Pick #
2091,Year
2092,Strike Rate
2093,Area Acres
2094,"Season,Level"
2095,Result
2096,"Election year,% of party list votes"
2097,Position
2098,"Season,Competition,Round,Club,Home,Away"
2099,"Status,Name"
2100,"Season,Goals"
2101,"Pos,Team,Total"
2102,"Creature (Other Planes),Description"
2103,"Name,Animal Type"
2104,"Player,Nationality"
2105,"Owner,Skipper"
2107,"Candidate(s),Votes"
2108,"Name (Birth–Death),Monarch"
2109,Player
2110,"Version,Length"
2111,Prose Prize
2112,"Position,Driver"
2113,Length (ft)
2114,Place
2115,Result
2116,"Year,Notes"
2117,"Year,Role"
2118,"Release date,Album"
2119,Face Value
2120,"City,Country,Ended"
2121,"President,Year"
2122,Years Lost
2123,"Name,Year inducted,Goals"
2124,"Year,Network"
2126,"Tournament,Winning score"
2127,"Year,League"
2128,"Nation,Bronze"
2129,Series
2130,"Name,Nation,Points"
2131,"Highest Seller,Episode"
2132,Runner-up Years
2133,"Women's winner,Year"
2134,Country
2135,"Driver,Time/Retired"
2136,"Airline,Destination(s)"
2137,Playoffs
2139,Status
2140,"Party,Result"
2141,"Headquarters,District"
2142,Name
2143,"Status,District"
2144,"Temple name,Personal name,Relationship"
2145,"Launch Date,Experiment Name"
2146,Constructor
2147,"Parish,Founded"
2148,Score
2149,"Year,Film"
2150,"Name,Took office,Left office"
2151,Party
2152,Result
2153,"Points,Races"
2154,"Year,Film"
2155,"Home team,Away team,Notes"
2156,Home city
2157,2007
2158,"Launch date,Mission result"
2159,Company (country)
2160,"Year,Total"
2161,"Season,Series"
2162,"Year,Number of Members Affected"
2163,"Winning Years,Runner-up Years"
2164,"Year,Platform"
2165,Wins
2166,Appointed
2167,"Therapeutic area,Pathology"
2168,"Date,Attendance"
2169,Competition
2170,Description
2171,"Place,Nation"
2172,"Start date of (first) term,End date of (final) term"
2173,"Political Party,Member of Legislative Assembly"
2174,"From,To,Name"
2175,"Pos,Driver"
2176,"Ages attained (years),Catholic"
2178,"Silver,Nation"
2179,"Airport,Begin,End"
2180,"Rank,Name"
2181,Result(s)
2182,"Population (2010 Census),Name"
2184,"Name,Party,Took Office,Left Office"
2185,% of constituency votes
2186,Number
2187,Released
2188,"Version,Date"
2189,"Took Office,Party"
2190,Years Since Divergence from Human (mya)
2191,Discipline
2193,"Rank,Nationality"
2194,Representative
2195,Rank
2196,Built-up Area
2197,Goalkeeper
2198,"Name,Population (2011)"
2199,Poll company
2201,"Wager,Loser,Location,Date"
2203,"Residence,Name"
2204,Result
2205,Partner
2206,Order #
2207,"Date,Score"
2208,Year
2209,"Winner,Team"
2210,"Title,Year"
2211,"Award,Group"
2213,"Date,Film,Gross"
2215,"Transmitter,BBCB"
2216,"Kit manufacturer,Stadium,Capacity"
2217,Result
2219,"Represent,Contestant,Height"
2220,"Year,Title"
2221,"Year,Average audience share"
2222,Points
2223,"Res.,Team #1,Team #2"
2224,"Tournament,Date"
2225,Competition
2226,Score
2227,"Year,Winner"
2228,"No. of villages,Names of districts"
2229,Team
2230,Opponents
2231,No. of villages
2232,3-dart Average
2233,Deaths
2234,Academic staff
2235,"Rank,Name"
2236,"Champion,Runner-Up"
2237,"Parish,Parish Priest"
2238,"Date,Attendance"
2239,Flag bearer
2241,Race
2242,"Revenue (USD billions),Company"
2243,Weight
2244,"Score,Date"
2245,"Airport,Passengers handled"
2246,"Opponent,Attendance"
2247,"Men's winner,Women's winner"
2248,"Season,Head Coach"
2249,Score
2250,Venue
2251,Career
2252,"Nation,Silver"
2253,"Nation,Total"
2254,"Constituency,Last elected"
2255,"Date,Score"
2256,"Date,Result"
2257,"Race Title,Date"
2259,"Driver,Time/Retired"
2260,"National park,Visitation (2009)"
2261,"Enrollment,Institution"
2262,Gold
2264,# used
2265,Movements
2266,"Location,Institution"
2268,"From,To,Name"
2269,Country
2270,"Election,Total elected seats"
2271,Release
2272,name
2274,"Year,Regular Season"
2275,Country
2276,"Caps,Goals"
2277,LANGUAGE
2278,"CFL Team,Player"
2279,"Season,Division"
2280,Game
2281,"Publisher,Title"
2282,Winning driver
2283,"Title,Role"
2284,Record
2285,"Pilot,Vehicle"
2286,"Position,Swara,Short name"
2287,Team
2288,Result
2290,Ethnicity
2292,"Country,Ship,Location"
2293,"Region,Country,Size (m)"
2294,"Pos,No,Rider"
2295,Enrollment
2296,"Opponent,Played,Won"
2297,Place
2299,"Rank,Name,Nationality"
2300,Result
2301,"Location,Destinations"
2302,"Rank,Notes"
2303,"Date,Score"
2304,GF
2305,Opposing team
2306,"First public release date (First edition),Latest public release date (edition)"
2307,"Competition,Stage"
2308,Affiliates
2309,Gov
2310,"Team,Name,Note"
2311,Outcome
2313,"Nation,Qualification Tournament,Place in QT"
2314,Season
2315,"Title,Comments"
2316,"Year,Album"
2317,"Location,Country"
2318,"Award Ceremony,Film/Show"
2320,"Total passengers,Change"
2321,Rider
2322,Away team
2323,City
2324,"Representative,Placement in Miss Nepal"
2325,Represented
2326,"Release date,Album"
2327,Current status
2328,Name
2329,"Player,Total"
2330,"Sheriff,Sheriff.1,Sheriff.2"
2331,"Name,District"
2332,"Player,Points"
2333,"Name,Connections"
2334,"Position,Event"
2335,"Collected material,Title"
2336,"Nation,Silver"
2337,Year
2338,"Team,Stadium,Capacity"
2339,"Type,Notes"
2340,Film Title
2341,"Nation,Gold"
2342,"Gold,Bronze"
2343,Tom Dart
2344,"Ship Name,Class,Comments"
2345,"Medal,Name,Sport"
2346,"From,To,Name"
2347,"Location,Peak Name"
2348,"Rider,Manufacturer"
2349,Age
2350,"Date,Tournament"
2351,"Name,From,To"
2352,"Nation,Total"
2353,First public release date (First edition)
2354,"Floors,Name"
2355,"Name,Number of electorates (2009)"
2356,Class
2357,Result
2358,Año
2359,"Circuit,Screens"
2360,"Competition,Position"
2361,Rank#
2363,"City/Municipality,No. of Barangays"
2364,"Swimmer,Time"
2365,Deduction(s)
2366,"Film,Function"
2367,Organisation
2368,"Wrestlers,#"
2369,"Team,Laps"
2370,"Team #1,1st match"
2371,"Year,Time"
2372,"Winner,Loser"
2373,"Driver,Constructor"
2374,Date
2375,"Opposition,Won"
2376,"Year,Champion"
2377,Collected material
2378,"Date,Race name"
2379,Seats
2380,Top rugby league level
2381,"Circuit,Sites"
2382,Goals
2383,"Nation,Bronze"
2385,Season
2386,Opponent
2387,"Candidate,Votes"
2388,Time
2389,"Election year,# of constituency votes,# of party list votes"
2391,"Age (at Execution),Name"
2392,"From,To"
2393,Team (Equipo)
2394,"Nationality,Name"
2395,5 Hoops
2397,Place
2398,Number
2399,Attendance
2400,"2014,2013,2012,2010,2009,2008,2007,2006,2005,2004,2003,2002"
2401,"Time,Nationality"
2402,"Year,Hungarians,Romanians"
2403,"Film,Language"
2404,Role
2405,"Majority,Seat"
2406,Points
2407,"Score,Date"
2409,Position
2410,"Rank,Nation"
2411,"Season,Place"
2412,"Team,Season"
2413,"Position,Event"
2414,Role
2415,Result
2416,"Title,Notes"
2417,Opponent
2418,"Title,Producer(s)"
2420,Year
2422,"Finished,Owner"
2423,"Home team,Away team,Score"
2424,Size
2425,"Round,#"
2426,"Cyclist,Team"
2427,"Film,Weekend Gross (millions)"
2428,"Time,Athlete"
2429,"From,To,Transfer fee (€ million)"
2430,"Year,Host"
2431,Region
2432,Team Name
2433,"Rider,Final Points"
2434,Rider
2435,Mission result
2436,Sent Home
2437,"Year,Notes"
2438,Regular Season
2439,Episode
2440,"Year,Winner"
2441,Year
2442,"Album/Single,Performer"
2443,"Date,Crowd"
2444,"Driver,Points"
2446,Year
2447,Plant name
2448,Location
2449,Time
2450,"Year,Film,Publisher,Distributor,Worldwide Gross"
2451,"Nation,Gold"
2452,Date established
2453,"Date,Race Name,UCI Rating"
2454,"Category,Vehicle"
2455,Cup
2456,Release date
2457,"Adherents,Jurisdiction"
2458,Gender
2459,"Home Team,Away Team"
2460,Took office
2461,"Position,Swara"
2462,"Year,Winner"
2463,District
2464,"Species,Total released"
2465,Opponent
2466,Performances
2467,"Driver,Laps"
2468,"Laid down,Launched,Delivered/ Commissioned"
2469,Total
2470,Nationality
2471,"Payload type (PT),Name,Frame size (ms)"
2472,Percentage
2473,"Date,Opponents,Result,Score"
2474,"Coach,Losses"
2475,Seed
2476,"Rank,Elevation"
2477,"Version,Development cycle"
2478,Opponent
2479,"Winning team,Losing team,Notes"
2480,"Year,Processor"
2481,"Name,Notes"
2482,president of the republic
2483,"Opposition,Won"
2484,"Pos,No.,Driver"
2485,Total released
2486,"Name,Defunct,Topics"
2487,Word
2488,Place
2489,"Name,NASL"
2490,"Nation,Total"
2491,Date
2492,"Title,Actors"
2493,"Final,Athlete"
2495,"Name,Animal Type"
2496,Result
2497,Country
2498,"Date,Place,Winner"
2500,"Pick,Player"
2501,"Name,Took Office"
2502,"Album title,Chart positions"
2504,Diver
2505,"Opponent,Score"
2506,"Season,Goals"
2507,"Nationality,Round,Pick"
2508,Model
2509,"Song,Artist(s)"
2510,"Position,Driver"
2512,"Rank,Nation"
2513,"Lift Name,Type"
2514,"First elected,Candidates"
2515,Competition
2516,"Termination of Mission,Appointed by"
2517,"Area (mm2),Crop factor"
2518,"Sheriff.2,Start of term.2"
2519,"Score,Score.1"
2520,"Race,Winning team"
2521,"Year,Competition"
2522,"Jockey,Race name"
2523,Entered Competition
2524,"Position,Club"
2525,"Competition,Venue"
2526,"City/Municipality,No. of Barangays"
2527,Land area (km²)
2528,"Name,Formed"
2529,"Name,Location,City"
2530,"Plant Name,Location,Country"
2531,"Final Points,Total Points"
2532,"Driver,Team"
2533,"City,Population"
2534,"Country,Points"
2535,Result
2536,Last year in Qld Cup
2537,"City,Percentage"
2538,"Event,Athlete,Nation"
2540,"Denomination,1900"
2541,"Week,Room,Winning Couple,Chumps"
2542,"Model,Origin"
2543,Competition
2544,Class
2545,"Part,Latest public release date (edition)"
2546,"Score,Competition"
2547,"Nation,Silver"
2548,"Player,College"
2549,"Player,Position"
2550,"Winner,Team"
2551,Country
2552,"Tournament,W–L"
2553,"Serbs,Hungarians,Germans,Romanians,Slovaks"
2554,"Title,Length"
2555,"Opposition,Competition"
2556,"Women's winner,Women's runner-up,Score"
2557,"Album,Label"
2559,Result
2560,"Committee,Counties Represented"
2561,"Result,Attendance"
2562,Title
2564,Length (m:ss)
2565,Quantity
2566,"Score,Score.1"
2567,Europlug Compatible
2568,"Year,3rd place"
2569,max. depth in meter
2570,"Date,Score"
2571,North
2572,"Year,Attendance"
2575,"Gold,Silver,Bronze,Total"
2576,Event
2577,"Driver,Winnings"
2578,"Club,Nickname"
2579,Remixed by
2580,"Première date,Title"
2581,Competition
2583,"Season,Overall Record"
2584,"Company,Landline Prefixes"
2585,Displacement
2587,Name
2590,"Number,Notes"
2591,Home
2592,Component
2593,Prize money USD
2594,"Nation,Gold"
2595,Floors
2596,"Airport,Passengers handled"
2597,"Event,Notes"
2598,Hometown
2599,Player
2600,Notes
2601,"Año,Role"
2602,"Pos,Driver"
2603,Away team
2604,Titles
2605,"FILM,LANGUAGE"
2606,"Year,Country,City"
2608,"Home team,Away team"
2609,"Year,Winner"
2610,"Building,Height (CTBUH)"
2611,"Men's winner,Time (h:m:s)"
2612,"Poll source,Sample size"
2614,"Date,Opponents"
2615,"Date,Name,Nationality"
2616,"Status,Withdrawn"
2617,Year
2619,"League,Europa League"
2620,"School,CWS best finish"
2621,Name
2622,Score
2623,Player
2624,"Name,Year,League goals,Notes"
2625,"Year,Location"
2626,College
2627,"Date,Opponents,H/A"
2628,Elevation (m)
2629,"Director,Film"
2630,Literacy (%)
2631,"Result,Site"
2632,Party
2633,Total
2634,Jun
2636,Title
2637,"Score,2013"
2638,"Winner,Loser"
2639,Lower zip code
2640,Opponent
2641,Race
2642,Destination
2643,Discipline
2644,Name
2645,Area (km²)
2646,"Date,Attendance"
2647,"Losses,MLB season"
2648,"Building,Height (CTBUH)"
2649,Playoffs
2650,Time
2651,"Name,Took office"
2652,"Team,Winners"
2653,"Nation,Bronze"
2654,"Year,Winner"
2655,"Opponent in final,Location"
2656,"Name,Population (2011)"
2657,Outcome
2658,"Ship Name,Comments"
2659,"Team,Run 1,Run 2,Run 3,Run 4"
2660,"Nation,Total"
2661,"Year,Competition,Notes"
2662,Position
2664,Country
2665,"Year,Finish"
2666,"Nation,Bronze"
2667,"Nation,Gold"
2668,Material
2669,"year,# of accidents"
2670,"Profession,Name"
2671,"Season,Place"
2672,"Name of ship,Tonnage"
2673,"Nation,Bronze"
2674,"Driver,Laps"
2675,"Winner,Grand Prize"
2676,"Date,Venue"
2677,Winners
2678,"Date,Attendance"
2679,"Nation,Bronze"
2680,"Make,Fin"
2681,"Year,Men's winner,Women's winner"
2682,"Year.2,Number.2"
2683,Method
2684,Wager
2685,"Location,Destinations"
2688,#
2689,Christianity
2690,Years won
2691,"Date,Attendance"
2692,"Poll source,Sample size"
2693,Opponent
2694,Role
2695,"Driver,Rounds"
2696,Population 1996
2697,Location
2698,"Origin,Notes"
2699,"Seats,Change"
2700,Round
2701,"Wrestlers,Days held"
2702,Round
2703,"IBM Model Number,Processor"
2704,"Member,Type"
2706,Competition
2707,"No,Race"
2708,"Date,Opponent,Result"
2709,"1952,1956,1960,1964"
2710,Enrollment
2711,"Nation,Gold"
2712,Date
2713,Points
2714,Height
2715,Country
2716,"Position,Event"
2717,"Winnings,Driver"
2718,Date
2719,"Country of Origin,Name"
2720,Win
2721,"Township,Population"
2722,"Driver,Team,Laps"
2723,"Result,Site"
2724,"Members,Caucusing"
2725,"Nation,Silver"
2726,Played
2728,"President,Tenure"
2729,"Round,Pick,Player,College"
2730,Total
2731,Winners
2732,"Result,Date"
2733,"Event,Date"
2734,"Country,Total GDP (nominal) (billion US$)"
2735,Venue
2736,"Pos.,Team"
2737,"Visitor,Home"
2738,"Year,Competition"
2739,Year
2740,Opened
2741,"Name,Nationality"
2742,"Title,Notes"
2743,"Finished,Horse"
2744,"Nation,Total"
2745,"Venue,Position"
2747,"Sheriff,Start of term,Sheriff.1,Start of term.1,Sheriff.2,Start of term.2"
2748,Population
2749,Time
2750,Driver
2751,"Player,Position"
2752,Rider
2753,Silver
2755,"1919– 1948,1948– 1951,1952– 1960,1961– 1971,1972– 1979,1980– 1989,1990– 2001,2002– 2010,2011– 2013,Total"
2756,Attendance
2757,"Date,Opponent"
2758,"Year,Guest(s) of Honour"
2759,"Name,Closed"
2760,Rating
2761,"Constituency Name,Member of Legislative Assembly,Political Party"
2762,"Score,Result"
2763,"City/county,Population served"
2764,"Adherents,Jurisdiction"
2765,Location
2766,"Player,Field Goals"
2768,D Improvisational
2769,"School,Enrollment (2010-11 & 2011–12)"
2770,Collection
2771,"Party,Votes"
2772,"Season,Apps,Goals"
2773,"Rank,Nation"
2774,"Name,Population (2002 census)"
2775,"Year,Show"
2776,Remixed by
2777,"Year,Role"
2778,"UEFA Cup,Name"
2780,Enrollment
2781,"Released,Format,Title"
2782,Place
2783,"Round,Player"
2784,Attendance
2786,Name
2787,Notes
2788,"Run 1,Total"
2789,Density (inhabitants/km2)
2790,"Men's winner,Women's winner"
2791,Runner(s)-up
2792,"Time as manager,Name"
2793,"Undergraduate enrollment,Graduate enrollment"
2794,2000 attendance
2795,"Name,Computing mechanism,Programming"
2796,Drafted by
2797,Year
2798,Enrollment
2799,Surface
2800,"Year,Naturalisation by marriage"
2801,Player
2802,Attendance
2803,"Date,Result"
2804,"Year,Australian Open"
2805,"Home team,Visiting team"
2806,Evening Gown
2807,"Rank,Lane"
2808,"Competition,Round,Opponent"
2809,"Team 1,Team 2"
2810,Name
2811,"No.,Outcome"
2813,"Round,Player"
2814,"Performances,Title"
2815,Goals
2816,"Title,Year,Channel,Role,Notes"
2817,"Home team,Away team"
2818,"Date,Score"
2819,"Nationality,Result"
2820,"Year,Role"
2821,"Competition,Venue,Year"
2822,Name
2823,Average
2824,Release Date
2825,"Points,Team"
2826,"County,Obama"
2827,"Rank,Athlete"
2828,Location
2829,"Position,Club"
2830,Draws
2831,"City/county,Population served"
2832,"Date,Venue"
2833,Points
2834,"Name,Nation"
2835,Opponent
2836,Laps
2837,"Pick,Player"
2838,"Year,Competition"
2839,Surface
2840,City
2841,"Launch Date,Payload Name"
2842,"Model,Year"
2844,"Year,Result"
2845,Winner
2846,Place
2847,"Member,Party"
2848,Average population (x 1000)
2849,"Date,Result"
2850,Win%
2851,Opponent
2852,"Camp,4 Mar,6 Mar,11 Mar,13 Mar,24 Mar,30 Mar,31 Mar"
2853,"Year,City"
2854,"Finished,Horse"
2855,Hardness (Mohs' scale)
2856,"Year,Games"
2857,"Name of ship,Date"
2858,Song choice
2859,Points
2860,Runners-up
2861,Menteri Besar
2862,"Part,First public release date (First edition),Latest public release date (edition)"
2863,District
2864,"rank by length of term(s),order in position"
2865,Year
2866,Date
2867,"Nationality,Matches played"
2868,Region
2869,Result
2871,Opponent
2873,"Airport,End"
2874,Status
2875,Ship Name
2876,"Season,Place"
2879,Third Duma
2880,Availability
2881,Successful Defenses
2882,"Name,Date built"
2883,"Year,Historical simulation"
2884,"Name,Nationality"
2885,Most Recent Position Angle
2886,Position
2887,Race Name
2888,"Volume,Year"
2889,"Country,Rank"
2890,"Bronze,Report"
2891,"Name,Height"
2892,"Title,Release"
2893,"Semi-Final Points,Pos."
2894,Outcome
2895,Finish
2897,"Losing team,Winning team,Notes"
2898,"Office started,Office ended"
2899,"Theme,Song Choice"
2900,"Title,Year,Publisher"
2901,"Stage,Winner"
2902,Years Since Divergence from Human (mya)
2903,"Tournament,Points per game"
2904,Name(s)
2905,Result
2906,"Team,Points"
2907,Rank
2908,"Year,Punt Return Attempts"
2909,"Name,Year"
2910,City
2911,Obama%
2912,Winner
2913,Date
2914,Gold
2915,"Nationality,Rank"
2916,Venue
2917,"Pick #,Player"
2918,"Rank,Silver"
2919,"Title,Year"
2920,"Ship,Built,In service for Cunard"
2922,"Flower colour,Name"
2923,"Stadium,Capacity"
2924,"Athlete,Time"
2925,"Attendance,Opponent"
2926,"Name,3 Points"
2927,"Position,Competition,Venue"
2928,"Club,Home"
2929,"Year,Competition"
2930,"Player,Transfer fee (€ million)"
2932,"Opponent,Attendance"
2933,"Manager,Season"
2934,"Name,Goals"
2935,PBA team
2936,"Date,Place"
2937,Water area km² (sq mi)
2938,Historical Affiliation
2939,"Film,Language"
2940,Comments
2941,Player
2942,Year of election
2943,"Year,Title,Role"
2944,"Year,Team"
2945,Weight
2946,"Financial year,Net profit"
2947,"Ship,Built"
2948,"Date,Race Name"
2949,"Name,Nationality"
2950,"Bridge name,Total length"
2952,"Name,Intersecting routes"
2953,"Driver,Laps"
2954,Qld Cup Premierships
2956,GER Nos.
2957,Priests
2959,"Year,Position"
2960,"Devanagari,IAST"
2961,Time
2962,"Year,Role,Chinese Title"
2963,"Top scorer (League),Year"
2964,"Birth date,Marriage date"
2965,"Country,Note"
2966,Goalie Saves
2967,"Township,Population"
2968,"Year,Winner"
2969,Engine
2970,M
2971,"Team,Last Season"
2972,"Name of place,Principal county"
2973,"Rd.,Winning Driver"
2974,"Player,College"
2975,Candidates
2977,School/Club Team
2978,Release Date
2980,"Name on the Register,Location"
2981,"Year,Competition,Venue"
2982,"Player,Points"
2983,Country
2984,Country
2985,"Driver,Co-Driver,Car"
2986,"Player,College"
2987,Opponents in the final
2988,"Location,km"
2989,Time
2990,Age
2991,"Sheriff,Sheriff.1"
2992,"Year,Event"
2993,Season
2994,"Artist,Album"
2995,Home/Away
2996,"Class,Name"
2997,"Election year,# of party list votes"
2998,"Pick,Player"
2999,"Date,Attendance"
3000,Events
3002,"Rank,Representative"
3003,Sum centre population
3004,Previous Club
3005,"Pos.,Athlete"
3006,Women's Individual
3007,"Year,Title"
3008,Population (2011)
3009,Team
3010,Champion
3011,"Division,Season"
3012,"Winner,Make"
3013,Face Value
3014,Year
3015,Height
3016,Depth
3017,"Height ft (m),Year"
3018,"Code,Symbol"
3019,"Notation,Mnemonic"
3020,"Year,Date,Driver"
3021,GA
3023,Title Reign
3024,"Tony,EGOT completed"
3025,"Year,Duration of Strike"
3026,Result
3028,"Pick #,Player"
3029,Result
3030,"Outcome,Surface"
3031,Opponent
3032,Losses
3033,"Award,Category,Series"
3034,"Owner,Affiliates"
3035,"Nation,Silver"
3036,"Name,Year"
3037,"Air date,Viewers (millions)"
3038,Character
3039,"Driver,Points"
3040,Player
3041,Silver
3042,Points
3043,"Team,Drivers"
3044,Winner
3045,"Country,Athlete"
3046,"Party,Votes,Change"
3047,Conf (Overall)
3048,"Division,Season"
3049,Total
3050,"Gold,Silver,Bronze,Total"
3051,"Wrestler,Combined days"
3052,Gold
3053,"Team,Score"
3054,"Runner-ups,Winning Years,Runner-up Years"
3055,Date
3056,"Title,Genre(s)"
3058,"Driver,Points"
3059,Opponent
3061,2008 attendance
3062,"Score,Victor"
3063,"Lift Name,Slope (%)"
3064,"Left,league left to"
3065,Date of birth
3066,"Rider,Pos"
3067,"Released,Title"
3068,"Season,Tier"
3069,Film
3070,Score
3072,"Driver,Team"
3073,Surface (km²)
3074,"Role,Title"
3075,"Location,Town"
3076,"Category,Recipients and nominees"
3077,"Release Date,Album"
3078,Color
3079,"Label,Date"
3080,"County,Votes.1"
3081,"Tournament,Opponent in the final"
3082,"Division,Season"
3083,Notes
3084,Portable
3085,"Year,Yards"
3086,Shelters
3088,"Presenter,Seven wonders covered"
3089,"Studio,Rank"
3090,Country
3091,"Player,Current Club"
3092,Seniority date
3094,"Score,Record"
3095,Number
3096,East Region South Division
3097,"Party,Took Office"
3098,Peak US
3099,"Finish,Notes"
3100,"Call-sign,PSIP"
3101,Area (km2)
3102,"Ship,Fate"
3104,"Year,Title"
3105,Party
3106,Attendance
3107,"Award,Result"
3108,Opponent
3109,"Nation,#"
3110,Class
3111,"Date,Original work"
3112,"Name,Took office,Left office,Party"
3113,Nationality
3114,"2000,2001,2002,2003,2004,2005,2006,2007,2008,2009,2010,2011,2012"
3115,"Year,Position"
3116,Outcome
3117,"Rank,Nation,Gold"
3118,"Latest amendment,Part"
3119,Date
3120,Score
3121,Model
3123,"Rank,Median family income"
3124,"Political Party,Name,Office"
3125,Constituency
3126,District
3127,"Network,VC"
3128,Position
3129,Term (French)
3130,Year in which notified
3131,"Act,Year signed"
3132,First Elected
3133,"Competition,Season"
3134,"Edition,Year,Men's winner"
3135,Matches
3136,"Athlete,Event,Race 1 Time"
3137,"Poll company,Opposition"
3138,Game site
3139,Laps
3140,"Height,Name"
3142,Year
3143,"Area (km2),County"
3145,Opponent
3146,"Team,Truck(s)"
3147,Bronze
3148,"Transmitter,BBCA"
3149,"Pos,Rider"
3150,Title
3151,Result
3153,Name of Trial
3154,Builder
3155,"Language,females"
3156,"Original work,Date"
3157,"Party,Candidates"
3158,"Rider,Pos"
3159,Aircraft
3160,Previous council
3161,Year
3162,Event
3163,FBS Opponent
3164,"Ship,Tonnage"
3165,Season
3167,2000
3168,Away Team
3169,"Athlete,Silver"
3170,MPs
3171,"Year,Winners,Runner-up,3rd place"
3172,Total
3173,"Bronze,Nation"
3174,Nationality
3175,"Sailor,Nation"
3176,"Opponent,Attendance"
3177,Date
3179,"Uninominal Deputies,Department"
3180,"Year,Competition"
3181,Winner
3182,Publication
3183,"Title,Role"
3184,"Pos,Laps"
3185,Time
3186,Flag bearer
3187,Result
3188,Party
3189,"Year,2nd"
3190,"Competition,Position"
3192,Seats
3194,"Crown Entities,Monitoring Department(s)"
3195,"Seed,School"
3196,"Network name,Affiliates"
3197,Church name
3198,"Department,Total Deputies"
3199,Player
3200,Venue
3201,"Year,Album"
3202,Position
3203,Location
3204,"Treaty,Organization,Ratified"
3205,"Date,Performance"
3206,Notes
3207,Method
3208,Points
3209,"Season,Tier"
3210,Points
3211,"Competition,Venue"
3212,"Score,Record"
3213,Event
3215,Club
3216,Natural change
3217,"Ship,Fate"
3218,power
3219,"Credit,Role"
3220,Tier
3221,"Ship Name,In Service"
3222,"Took office,Left office"
3223,Name
3224,"Election year,# of constituency votes"
3225,"Model,Fuel"
3226,"Title,Story"
3227,"Venue,Competition"
3228,"Team 1,Team 2"
3229,Title
3230,Population (2005)
3231,Time
3232,Coach
3233,"Caps,Total caps"
3234,"Name,Club"
3235,Nationality
3236,"Origin,Etymology"
3237,"Driver,Season"
3238,"Driver,Car,Points"
3239,"Camp,30 Mar"
3240,"City/Municipality,Population (2010)"
3241,Silver
3242,"Year,Result"
3243,Year
3244,Date
3245,"Major Third,Perfect Fifth,Minor Seventh"
3246,"Name,Club"
3248,"Name,Nationality"
3249,Domestic passengers
3250,"Tie no,Home team,Away team"
3251,"Successful Defenses,Name"
3252,"Men's Team,Women's Team,Mixed Team"
3253,"Islam,Christianity,Judaism,Buddhism,Other,None / Atheism"
3254,Venue
3255,"Cyclist,Reason"
3256,Gold
3257,Attendance
3258,Notes
3259,Low
3260,"Round,Player"
3261,Gold
3262,Points
3263,"Year,Show"
3264,"Constituency,Region"
3265,"Team,Number"
3266,"Rank,Name"
3267,Estimated number of Americans killed
3268,"Artist(s),Sales"
3269,"Member,Term"
3270,Money ($)
3271,"State,Judge"
3272,Points
3274,"Player,Current Club"
3275,"Year,Competition"
3276,"Date,City,Member,Performance,Notes"
3277,Loss
3278,"Outcome,No."
3279,Time
3280,Created
3281,Status
3283,"Award,Notes"
3285,Combined days
3286,"Year,Score"
3287,Year
3288,Host / Location
3289,"Whitworth size (in),Threads per inch"
3290,"Position,Player"
3291,"Run 1,Run 2,Run 3,Run 4"
3292,"Year,Competition,Venue"
3293,Gross (worldwide)
3294,Venue
3295,Division
3296,"Type,Relative cost"
3297,"Nation,Bronze"
3298,Entered service
3299,"Rider,Bike"
3300,Class AAAAA
3301,Academy Award
3302,"Country,Startup Date"
3303,Opening Weekend (three day)
3304,"City,Team"
3305,"Title,Release"
3306,"Name,Nationality"
3307,Role
3310,"Episode,Viewers"
3311,Result
3312,Member of Legislative Assembly
3313,"Album,Sales"
3314,"Rank,Nation"
3315,Ship Name
3316,Gov
3317,1926 census
3318,"Original title,English title"
3319,Tournament
3320,"Took Office,Left Office"
3321,Appointed by
3322,"Church name,Community"
3323,"Year,Result"
3324,"Nation,Gold"
3325,Bronze
3326,Bronze
3327,"Home/Away,Result"
3328,"Year,Association"
3329,"Edition,Year,Women's winner,Time (m:s).1"
3330,"Miss Northern Ireland,Hometown"
3331,"Rank,Nation"
3332,Notes
3333,Player
3334,Venue
3335,Result
3336,"Group,Members"
3337,Days held
3338,"City,Country"
3339,"Date,Visiting team,Home team"
3340,Year
3342,"Status,Population"
3343,Engine
3344,Position
3345,"Gold,Silver,Bronze"
3346,"Date,Result"
3348,Power rating
3349,"Language,Number"
3350,"Winner,Year"
3352,Program
3353,"Score,Score.1"
3355,Weight
3357,"Album,Label"
3358,Date
3359,Name
3360,"Rank,Nation,Silver"
3361,"Home Team,Away Team"
3362,Result
3363,Year
3364,Location
3365,"Teams,Margin"
3367,Method
3368,"Year,Chassis"
3369,"Competition,Venue"
3370,Time
3371,Founded
3372,Gauge
3373,"Year,Winner"
3374,Unnamed: 0
3375,Position
3376,Position
3377,Model
3378,"Year,City,Country"
3379,Average
3380,Aircraft Scheduled
3381,"Date,Location"
3382,"Country,2006"
3383,"Event,Athlete"
3384,"Position,Swara"
3385,"Event,John"
3388,Floors
3389,Total score
3390,"Honour/Award Title,Awarding Body"
3392,"Rank,Name,Nationality"
3393,Team 2
3394,"Network,Air date"
3395,Area (km²)
3396,Player
3397,"Nation,Bronze"
3398,"Title,Comment"
3399,"Year,Games"
3400,Opponent
3401,Crowd
3402,Area (km²)
3403,Product
3404,"Tournament,Venue"
3405,"From,To"
3406,"Nation,Silver,Bronze"
3407,"Competition,Position"
3408,Main Presenter
3409,"Actors,Studio"
3410,"Outcome,Surface"
3411,Finalists
3412,"Nation,1986,1989,1991,1997,1999,2000,2003,2005,2007,2009,2011,Years"
3413,Lane
3414,"Release,Title"
3415,"Year,Notes"
3416,"From,To"
3417,"Designation,Classification"
3418,Ethnicity
3419,Height
3420,"City/Municipality,Population (2010)"
3421,Military service
3422,"Outcome,Date"
3423,"Coach,Years"
3424,"Programming type,Owner"
3425,winner
3426,"Country,Rank"
3427,Employees
3428,"Railway,Builder"
3429,"Year,Film,Language"
3430,Percentage Decadal Growth 2001-2011
3433,Withdrew due to
3434,"Record,Game"
3435,"Artist,Points"
3436,"Year,Points"
3437,"Stamp set,Qty. Issued"
3438,Number
3439,Position
3440,Version
3441,"Country,Ship"
3442,"MAINLAND,Population (2011)"
3443,Points
3444,"Settlement,Abbreviation"
3445,Type
3446,Total time in office
3447,"Nation,Silver"
3448,Status
3450,Competition
3451,"Candidates elected,Year of election"
3452,"Competition,Stage,Opponent,Result,Scorers"
3453,Wins
3455,Play-by-play
3456,Player
3457,"Year,Film"
3458,"Co-Star,Serial Name"
3459,Total
3460,Playoffs
3461,Contestant
3462,Face Value
3463,3 Points
3464,"Pos,Driver"
3465,# Beds
3466,"Community,Airport name,Type"
3468,Result
3469,Release Date
3470,Population (ab)
3471,Venue
3472,Name
3473,"Released,Title"
3474,"Name,First operational"
3475,"Pos.,Name"
3476,"Date,Opponents"
3477,Champion
3478,Dates
3479,5 credits
3480,Año
3482,"Outcome,Opponent in the final"
3483,"Animal Type,Beanie Baby Resembled"
3484,Season
3485,"Rank,Country"
3486,"Bronze,Nation"
3487,"Nation,Silver"
3488,Laps
3490,"Year,Numer of Jamaicans granted British citizenship"
3492,"Title,Role,Notes"
3493,"Network name,Affiliates"
3494,Census subdivision
3495,Gold
3497,"Name of Trial,Winner/Number of Stars"
3499,"City/Municipality,Area (hectares)"
3500,"Athlete,Country"
3502,Previous council
3503,Year
3504,Speed
3505,Engine
3506,Name
3507,Term start
3508,Length
3509,Time/Retired
3510,"City,Altitude (mslm)"
3511,"Pos.,Driver,Points"
3512,Time/Retired
3513,"Date,Score"
3514,"Player,Σ Points"
3515,Year of inauguration
3516,Programming
3517,"Country,Metropolitan area"
3518,Third
3519,"Date of departure,Date of appointment"
3520,"Drop(s),Spec Ops Mission(s)"
3521,Denomination
3522,"Province,Population 2011"
3523,"Year,Size"
3524,Samples returned
3525,Location
3526,"Name,Until"
3527,"Name,League goals"
3528,"Rank,Name"
3529,"Year,Country,Genre"
3531,Athlete
3532,"District,Land area (km²),Population (2010 census),Density (persons/km²)"
3533,Attendance
3534,"Champion,Season"
3535,Length of use
3536,Number of Contestants
3537,Date of Birth
3538,"Device,Notes"
3539,"Name,Completed"
3540,"Rank,Nation,Gold"
3541,"km,Notes"
3542,"Name,Nationality"
3543,Retired
3544,"Nation,Bronze"
3545,"Score,Result"
3546,"Author,Title"
3547,"Parish Est,Current Bldg begun"
3548,Masters
3549,Sent Home
3550,"Year,City,No. of Athletes"
3551,"Region,Version(s)"
3552,Constructor
3553,"City,Street address"
3554,"Run 1,Total"
3555,"Team,Points"
3559,"Bib,Athlete"
3560,"Week,Opponent,Game site,Attendance"
3561,Age
3562,Player
3563,League
3564,"Election year,% of party list votes"
3565,Total
3566,Site
3567,Town
3568,"Rnd,Circuit"
3569,Height (m)
3570,"1986,1989,1991,1997,1999,2000,2003,2005,2007,2009,2011"
3571,"A Technical,B Scientific,C Fine Arts,D Improvisational,E Structural"
3572,Status
3573,"Sum,Population (2009)"
3574,Opponent
3575,Result
3576,Losses
3577,Live births
3578,"Title,Year"
3579,"Club,Bonus points"
3580,Birth date
3581,Nationality
3582,Notes
3583,"Employer,# of Employees"
3584,Senate Members At Dissolution
3585,"Brand,Therapeutic area"
3586,"Year,Number"
3587,"Votes,Party"
3588,"Model,Length of use"
3589,Length
3591,"Season,Tier,Division,Place"
3592,Place
3593,"Brand,Therapeutic area"
3594,"Date,Fee"
3595,"Symbol,Description"
3596,"Bridge name,Total length"
3598,Time
3599,"Year,Assisted Tackles"
3600,Smartphone
3601,"Year,Group,Result"
3602,Train Name
3604,"Date,Gain"
3605,Name
3606,"Team,Winners"
3607,"Year,Venue"
3609,Train Name
3610,"Winner,Year"
3611,"Date,Racecourse"
3612,Length
3613,"Nation,Total"
3614,"Date,Attendance"
3615,Type
3617,"Year,Role"
3618,Week of
3619,Scorers
3620,"Team,Laps"
3621,"Poetry Prize,Poetry Accessit(s),Honourable Mention(s)"
3622,Athlete
3623,Flag bearer
3624,Name
3625,"Name,Nationality"
3626,"Outcome,Date"
3627,Release date
3628,Nation
3629,"Location,Call-sign"
3630,"Rank,Nation"
3631,Result
3632,"Year,Film,Note"
3633,"Pos,Rider,Time/Retired"
3635,# of votes
3636,"Rank,Team"
3637,"Position,Wins"
3638,Position
3639,"Season,Place"
3640,Result
3641,Venue
3642,Points
3643,Construction Time
3644,Winner
3645,"Place,Team"
3646,"Year,Derby winner"
3647,"Ages attained (years),Catholic"
3648,"Tournament,Points per game"
3649,"Title,Release,Handheld"
3650,"Country,Series premiere"
3651,Opponent
3652,"Driver,Laps Led"
3653,"Air date,Network"
3654,"Model,Version"
3655,"Losses,Team"
3656,"Season,Goals"
3657,"Publisher,Title"
3658,Team
3659,"Club,Premiership Years"
3660,Election Year
3661,"Ship,Location"
3662,Airdate
3663,"Position,Competition,Year"
3664,Score
3665,"Athlete,Total Rank"
3666,League goals
3668,Time
3669,"Nation,Total"
3670,Camp
3671,Team
3672,"Year,Competition,Venue,Event"
3673,winner
3674,"Nation,Silver"
3675,"Poll source,Sample size"
3676,"Outcome,Opponent in the final"
3677,Location
3679,Attendance
3680,Developer(s)
3681,"Visitor,Home,Score"
3682,Threads per inch
3683,"Senator,First elected"
3684,"Rank,Player,New points"
3685,"Version,Length,Remixed by"
3686,Points
3687,Position
3688,UCI Rating
3690,"Height ft / m,Name"
3692,"Party,Votes"
3693,"Took Office,Left Office"
3694,"Rank,Name,Nation"
3695,Enrollment
3697,"Year,Chivas"
3698,Margin of victory
3699,Year
3700,Alma Mater
3701,High points
3703,"Tie no,Attendance"
3704,Winning team
3705,Name
3706,"Director,Country"
3707,"From,To"
3708,Record
3710,Qld Cup Premierships
3711,Runways
3712,"Team,Goals"
3713,Date
3714,"Date,Opponent"
3715,"Year,Title,Role"
3716,"Circuit,Screens"
3717,Nationality
3718,"Ranking,Industry"
3719,Years reigned
3720,Tournament
3721,"For,Date"
3722,"Album title,Chart positions"
3723,"Team,Games"
3724,Model name
3726,"Stadium,Capacity"
3727,Goals For
3728,"Time created,Creator"
3729,Year
3730,Date
3731,"Year,Competition,Notes"
3732,"Year,Hungarians"
3733,Gold
3734,"Name,From,To"
3735,"Album,Sales"
3736,Comp
3738,"Year,Result"
3739,"Model name,Date"
3740,"City,Surface (km²)"
3741,"Country,Athletes"
3742,"Election,% of popular votes"
3743,"Venue,Competition"
3744,DOMESTIC CODE
3745,"Opponent,Method,Time"
3746,Highest Position
3747,Network
3748,Qualification
3749,Place
3750,"Best score,Worst score"
3751,"Year,Award,Category,Nominated work"
3752,County
3754,"Nation,Name"
3755,Opponent
3756,"Ship,Built"
3757,Studio
3758,"State,Swimsuit"
3759,Name
3761,Venue
3762,Legs Lost
3763,"Nationality,Name"
3764,"Candidate(s),Votes"
3765,Land area km² (sq mi)
3766,"Country,Run 1,Run 2"
3767,"Model 02,Model 2+ (Pre-production)"
3768,Bronze
3769,"Date,Attendance"
3770,"No.,Foe,Result"
3771,Best Young Rider
3773,"Rider,Manufacturer"
3775,Air Date
3776,Laps
3777,"Winner,Team"
3778,Year
3779,Name
3780,Region
3781,"Driver,Constructor"
3782,"Goals,Season,Club"
3783,Region
3784,"Year,World rank"
3785,Surface
3786,"Rank,Province"
3787,Flag bearer
3789,Date
3790,Playoffs
3791,Years served
3792,"Rank,Name,Nationality"
3793,"Date,Scorers"
3794,Jia-A/CSL Winner
3795,Date
3796,"Date,Home"
3797,"Opponent,Won,Lost"
3798,First served
3799,"Gender,Votes"
3800,Competition
3802,Date
3803,Game
3804,"Community,Region"
3805,Season
3806,"Event,Notes"
3807,"Model,Caliber(s)"
3808,"1990– 2001,Total"
3809,Player
3810,Event
3811,Year Identified
3813,"Population (2011),Area (km²)"
3814,"Rank,Nation"
3815,"From,To"
3816,"Name,Took Office,Left Office"
3817,Year
3818,Years served
3819,"Reason for Vacancy,Date of Appointment"
3820,"Mayor (2010–2013),Area (hectares)"
3821,"Composed,Published"
3822,Title
3823,State
3825,"Party,Votes"
3826,"Player,Year,Result"
3827,Wins
3828,"Location,Description"
3829,Score
3830,Team 1
3831,goals
3832,"Winner,Host country"
3833,"Nation,Total"
3834,Camp
3835,"Total Deputies,Senators"
3836,Round
3837,"Year,Album details"
3838,Date
3839,"Rank,Diver"
3840,"Tournament,Outcome"
3841,Gain
3842,Power (kW)
3843,"Competition,Position"
3844,"Season,Location"
3845,Points
3846,Name
3847,"Lifetime,Name"
3848,"Medal,Name,Sport,Event"
3849,"Rider,Points"
3850,"Name,Height"
3851,Country
3852,"Place,Elderly"
3853,Male
3854,Outcome
3855,"Dead,Hurt"
3856,"Type,Title"
3857,"Name,Developer,Release"
3858,"Destination,Train Name"
3859,Floors
3860,Candidates elected
3861,Location
3862,Qualifying Score
3863,"Rank,Nation"
3864,Drawn
3866,"Tournament,Date"
3867,Opponent in final
3868,Competition
3869,Away Team
3870,"Version,Development cycle"
3871,Attendance
3872,"Party,Date of death"
3873,"Name,President served under"
3874,Outcome
3875,Date
3877,"Award,Category,Series"
3879,"Name,Nationality"
3880,"Area (km2),Most spoken language"
3881,"Rank,Team"
3882,"Model,Weight"
3884,"Opponent,Result"
3885,"Total W-L,Player"
3886,Result
3887,"Athlete,Event,Race 1 Time,Race 2 Time"
3888,"Name,State,Termination of Mission"
3890,"Opponent,Score"
3891,"Place,Season"
3892,Enrollment
3893,No. of reigns
3894,"Name,Film,Year"
3895,"Pick #,Player"
3896,Year
3897,Abbreviation
3898,Country
3899,"Year,Country"
3900,"Year,Charleston Southern's Head Coach"
3901,Attendance
3902,"Film Title,Shoot Location"
3903,Rugby Since
3904,Length
3905,"Year,Role"
3906,"Name,Time as manager"
3907,Deductions
3908,Opponent
3909,"Formed,Eliminated"
3910,"Member,First elected"
3911,"Wrestlers,Notes"
3912,Money ($)
3913,"Date,Name"
3914,"Film,Gross"
3915,"Original title,English title"
3917,Attendance
3918,"Year,Event"
3919,"Name,construction year"
3920,"Model,Type"
3921,"Year,Sacks"
3922,"Region,Population"
3923,"Year,Competition"
3924,Save
3925,"Rnd,Circuit"
3926,Opponent
3927,"Actor,Result"
3928,km
3929,"Gold,Silver"
3930,Date
3931,"Best,Location"
3932,"Rank,Title,Gross"
3933,"Year,Title"
3934,"Country,Continent"
3935,Position
3936,"Year,Host"
3937,"Poetry Prize,Prose Prize"
3938,"Finalist,Age"
3939,Days held
3940,"Competition,Stage,Opponent"
3941,"Year,Regular Season"
3942,Silver
3943,Season
3944,Area (km2)
3945,Season
3946,"National Team,Title(s) represented"
3947,"Nation,Silver"
3948,"Province,Population"
3949,Flag bearer
3950,"White,Black,AIAN*,Asian,NHPI*"
3951,"Height,Contestant"
3952,"Champion,Year"
3953,"Tournament,1st prize ($)"
3954,"Player,#"
3955,"Peak,Elevation (m)"
3956,"Service,Description"
3957,Trial Number
3958,City
3959,"Location,Speed (km/h),Fastest Race Lap"
3961,"Date,Opponent#"
3962,Location
3963,"Name in English,Area (km2)"
3964,"Driver,Points"
3965,Finish
3966,"Japanese Title,Western Title"
3967,Athlete
3968,Result
3969,"Dates,Official guests"
3970,"Home,Season"
3971,"Year,TDs"
3972,Date
3973,"Transmitter,kW"
3974,"Term (French),Temperature range"
3975,"Year,Competition"
3976,Area (km2)
3977,"Name,Date of award,Notes"
3978,Opponent
3979,"Engine,Chassis"
3980,"Party,Date of death"
3981,Result
3982,"Score,Opponent"
3983,"Event,Athlete,Date"
3984,Air Date
3985,"Name,Goals,Opponent"
3986,Venue
3987,"Year,Role"
3988,"Town,Founded"
3990,Season
3992,Won
3993,Year
3994,"Year,Coach"
3995,"Rank,Name"
3996,Gold
3997,"Flight,Date"
3998,"Team,Titles"
3999,Qualified
4000,Representative
4001,Population (2005)
4002,Stadium
4003,Gold
4004,"Year,Award,Result"
4005,Result
4006,"No.,Outcome"
4007,Intersecting road
4008,"Features,Model"
4009,Game
4010,"Date,Result"
4011,"Name,Founded"
4012,City
4013,"Distance,Date,Location"
4014,"Season,Overall Record"
4015,Most recent Promotion
4016,Record
4017,"Country,2000,2001,2002,2003,2004,2005,2006,2007,2008,2009,2010,2011"
4018,"Pick,Player"
4019,Opponent in the final
4020,"Outcome,Date"
4021,Model
4022,Width (km)
4023,"Location,Year,Men's winner"
4025,Gold
4026,Developer
4027,"Name of show,Episodes"
4028,Population (ab)
4029,First issued
4030,Model
4031,Name
4032,Vertical rise
4033,Result
4034,Attendance
4035,"Date,Score"
4036,"Season,Place"
4037,"Matthew,Mark"
4038,Ascended
4040,Gold
4041,"Rank,Athlete"
4042,"Rank,Athlete"
4043,Fate
4044,"Opponent,Date"
4045,"Institution,Enrollment"
4046,"Nation,Silver"
4048,Place
4049,Original air date
4051,"Rank,Nation"
4052,"Pick,Player"
4053,Rank
4054,"Province,Notes"
4055,Surface
4056,"Executions in persona,Executions in effigie"
4057,"Gold,Silver,Bronze,Total"
4058,"Rank,Country"
4059,"Name,Reign"
4060,Game site
4061,Date
4063,"Player,Total"
4064,"Location,Status"
4066,Entered Competition
4067,Votes
4068,Winner
4069,"Seats,Change"
4070,Season
4071,"Name on the Register,Date listed"
4072,"Rank,Nation,Silver"
4073,"No.,Date"
4074,"Position,Team,Won"
4075,Points
4076,"Sequence Identity,Sequence Similarity"
4077,Elevation m
4078,Place
4079,"Club,Round,Aggregate"
4080,Athlete(s)
4081,2011
4082,Name
4083,"Episode title,Romanized title,Translation of title,Broadcast date,Ratings"
4084,Driver
4085,"County,County.1"
4087,Date of Appointment
4088,"Manager,Team"
4089,College/Junior/Club Team (League)
4090,Goalscorers
4091,Matches
4092,"Gold,Total"
4093,"Location served,Name"
4094,"Year,Competition"
4095,Section
4096,Individual
4097,"Men's winner,Time (m:s)"
4098,Name
4099,MPs
4100,New council
4102,"Round,Pick"
4103,"Name,Date of Death"
4104,"Rank,Name,Nationality"
4106,Laps
4107,"Name,Nationality"
4108,"Name,Term began,Term ended"
4109,"Time,Team"
4110,Driver(s)
4112,"Owner,Affiliates"
4113,"Date,Result"
4114,"Player,Total"
4115,Year
4116,Episode title
4117,"Date,Operation"
4118,Formula
4119,"Opponent,Result"
4120,"Year,Competition"
4121,"Year,Other finalists"
4123,Origin
4124,Face Value
4125,"Elected date,Military service"
4126,"Length of use,Last of whiteness"
4127,"Waveband,Limiting magnitude"
4128,"Hospital,Type of Hospital"
4129,"Name,Death"
4130,Target date
4131,"Election,Number of popular votes"
4132,"Venue,Position"
4133,"Year,Competition,Position"
4134,"Nation,Bronze"
4135,Date
4136,Date
4137,"Year,Show"
4138,Title
4139,Area km2
4140,"Game,High assists"
4141,"Home team,Score"
4142,"Round,Selection"
4143,"Result,Record"
4145,"Winner,Years Won"
4146,"Year,Number of contestants"
4147,Player
4148,"Region,Date"
4149,"Horse,Trainer"
4150,Winning Rider
4151,"Name,First operational"
4152,"Player,Avg."
4153,"Name,Years in NBA"
4154,Entrant
4155,Network
4156,"Year,Duration of Strike"
4157,Nationality
4158,"Location,#"
4159,Date
4160,% of popular votes
4161,Attendance
4162,Result
4163,"Second TOPS.1,Second TOPS.2,Second TOPS.3"
4164,"Aircraft,Foe"
4165,"Date,Opponent"
4166,Kilometres Travelled
4168,"Date,Result"
4169,"Average attendance,Club"
4170,Location
4171,"Season,Place"
4173,Name
4174,Tournament
4175,"Team,Winner"
4176,"Nation,Silver"
4177,Titles
4178,"Code,Name"
4179,Points
4180,Name on the Register
4181,Architect
4182,"Athlete,Event,Total Rank"
4183,"Location (districts and/or provinces),Area (km2)"
4184,"Mile,Destinations"
4185,Date
4186,"Municipality,Established"
4187,"First issued,Design,Serial format"
4188,size (steps)
4189,"From,Till"
4190,"Date,Attendance"
4191,Date
4192,"State,City/county"
4193,"Date,Format"
4194,"Ship,Class / type"
4195,"Release date,Album"
4196,Place
4197,Flag bearer
4198,Marriages
4199,"Date,Casualties"
4202,"Winners,Venue"
4203,"District,Vacator,Reason for change"
4204,Rider
4205,Election
4206,Last mention or demise
4207,Signed from
4208,Matches played
4209,"Name,Points"
4210,"26th,27th,28th,29th,30th"
4211,Channel
4212,"Game site,Attendance"
4213,"Film,Weekend Gross (millions)"
4214,Record
4215,"Year,Role"
4216,"Nationality,Player"
4217,Location
4218,Goals
4219,"Nationality,Name"
4220,Release date
4221,"Average Speed (mph),Season"
4222,Area (km2)
4223,Liberal councillors
4224,Face Off Map(s)
4225,"Label,IFPI Israel Certification"
4226,Chromic catgut
4229,Original air date
4230,Bronze
4231,"Location,Destinations,Notes"
4232,Poetry Prize
4233,Result
4235,"Year,Certifications"
4236,Original work
4237,Venue
4238,"Name,Goals"
4240,Members
4241,Country
4242,"Goals,Name"
4243,Weight at birth
4244,Area (km2)
4245,"Athlete,Best mark"
4246,Area (km2)
4247,"Driver,Co-Driver,Car"
4248,Result
4249,Playoffs
4250,Qty. Issued
4251,"Title,Year"
4252,Spec Ops Mission(s)
4253,length of the presidential action
4255,Weight (lbs.)
4256,Church name
4257,1939 census
4258,"Nation,2000"
4259,Opponents
4260,"Pos,Driver"
4262,Notes
4263,"Event,Meeting Gaz de France Paris,Weltklasse Zürich"
4264,"Title,Release date"
4265,"No.,Tournament"
4266,Team
4267,Listing date
4268,"Year,Regular Season"
4269,"Year,Attendance"
4270,"Visitor,Home,Score"
4271,Result
4272,Terrain
4273,"NFL team,Player"
4274,"Athlete,Run 2"
4275,Party
4276,"Venue,Attendance"
4277,Country
4279,Time
4280,"Name,Party"
4281,Component
4282,1970
4283,"Year,English Title,Chinese Title,Role"
4284,"Device,IOPS"
4285,Bernie
4286,Quay length (m)
4288,Competition
4289,Number
4290,"Year,Title"
4291,"Year,Number of contestants"
4292,"Player,Team,Date"
4293,Attendance
4295,Series
4296,"Max speed,Brakes"
4297,"Result,Date"
4298,"Pos,Driver"
4299,Establishment
4300,"Nationality,Name"
4301,"Composer,Title"
4303,Runs
4304,"Title,Album"
4305,"Division,Tier"
4306,Name of place
4308,Date
4309,Height ft (m)
4310,Date
4311,"Pos.,Laps"
4312,"Outcome,Year"
4314,"Year,Game"
4315,Occupation
4316,"Opponent,Result"
4318,Position
4319,"Location,Event,Qualifying Score"
4320,Attendance
4321,"Tenure,Coach"
4322,"Date,Attendance"
4323,"Heat,Athlete"
4324,Lead Vocals
4325,"Visitor,Home,Score"
4327,Location
4329,"Subject,Date"
4330,"Name,Party"
4331,Nation
4332,"Rank,Nation,Total"
4333,"Title,Role"
4335,"Winning Party,Nearest Contesting Party"
4336,Height
4337,"Change in % 2006–2011,Change in % 1996–2011"
4338,Date
4339,"Rank,Nation"
4341,"Season,Place"
4342,"Settlement,Official Name"
4343,Date
4344,Coach
4345,Nation
4346,Constructor
4347,Player
4348,"Company,Industry,Revenue (USD billions)"
4349,"Kerry,Votes"
4350,"Album,Sales"
4351,"From,Until"
4352,"Gold,Silver"
4353,Jurisdiction
4354,"Name,Boat Builder"
4355,"Team 1,Team 2"
4356,"FBS Opponent,Result"
4357,Launched
4358,"2014,2013,2012,2010,2009,2008,2007,2006,2005,2004,2003,2002"
4359,Separation (arcsec)
4360,"Round,Player"
4362,"Team,Wins"
4363,"Venue,Winning Captain"
4364,"Height,Weight"
4365,"Rider,Laps"
4366,"Conference,Quarterfinals"
4367,Name
4368,Points
4369,Year of inauguration
4370,"Community,Area"
4371,"Player,Total"
4372,"Name,Release"
4373,Year
4374,Opponent
4376,Result
4377,"Number,Date"
4378,"Award,Outcome"
4379,"League,Gold"
4380,Drivers
4381,"Competition,Stage,Result"
4382,"Winning team,Losing team,Site"
4383,Event
4384,"Year,Competition,Venue,Notes"
4385,"Player,Strike Rate"
4386,"Country,Points"
4387,"Outcome,No."
4389,"Name,Number"
4390,"Gold,Silver,Bronze"
4391,"Publication,Score"
4392,"Callsign,Network"
4393,Displacement
4394,"Year,Gross Domestic Product"
4395,Date
4396,"Score,Record"
4398,"Rank,Name"
4399,"Host country,Notes"
4400,Player
4402,"Place,Season"
4403,Score
4404,Notes
4405,Floors
4406,Points
4407,"Year,Games"
4408,"Year begun,Year discontinued"
4409,Termination of Mission
4410,"Rank,Nation"
4411,"Athlete,Country"
4412,"Winning team,Losing team"
4413,Position
4414,"Career,Date No. Retired"
4415,Attendance
4416,Rank
4417,"Name,Birth Date,Awarding Age"
4419,"Competition,Goals"
4420,"Entrant,Engine"
4421,Retired
4422,"Model,Starting Price"
4424,Goals
4425,Date
4426,Score
4427,"Player,Team"
4428,"Name,Date of Birth (Age)"
4429,"Location,Status"
4430,Competition
4431,"Rank,Nation,Gold"
4432,"Year,Role"
4433,"CALLSIGN,AIRLINE"
4434,"Dates,Location"
4435,Laps
4436,"Language,females"
4437,"Took office,Left office"
4439,"Political Party,Office"
4440,"Date,Competition"
4441,"Title,Appointed by"
4442,Kategori
4443,"Venue,City"
4444,"Version,Date"
4446,State
4447,"Train,Top speed (km/h)"
4448,"Nation,Gold"
4449,"Name,Awarding Age"
4450,"Courthouse,Jurisdiction"
4451,"Bronze,Nation"
4452,Marker name
4453,Result
4454,Music
4455,4 credits
4456,Opponent
4457,Details
4458,"capacity (persons/hour),Name"
4459,Total
4460,"Rank,Nation"
4462,"Election,Total elected seats"
4463,"Year,Notes"
4465,"Winning Couple,Week"
4466,Position
4467,Internl. tourism arrivals 2010 (x 1000)
4468,"Date,Format"
4469,Result
4470,"Rank,Name"
4471,"Name,Moving from,Moving to"
4472,"Year,Competition,Venue"
4473,"District,Population (2011)"
4474,"Team,Date of vacancy"
4475,Age
4476,Type of game
4477,Timeslot (EST)
4478,"Name,# of prisoners designed for"
4479,Population
4480,Nationality
4481,"Area (km2),Location (districts and/or provinces)"
4482,Share of votes
4483,"Year,Chassis"
4485,Name
4486,Dates
4489,Result
4491,Wins
4492,Penanced
4493,"Winner,Former Incumbent"
4494,"Home team,Visiting team,Score"
4495,"Flight,Date"
4496,CWS appearances
4497,Result
4498,Established
4499,"Candidate,Party"
4500,Budget
4501,"Name,Total"
4502,"Date,Location"
4504,W–L
4505,Puerto Villarroel Municipality
4506,"Name,Took Office"
4507,"Model,Release date"
4508,"Pollutant,Petroleum Coke-fired"
4509,"Name,Result"
4510,Period of reign
4511,Round 1
4512,Nation
4513,Province
4514,Avg.
4515,"Representative,Counties Represented"
4516,Nation
4518,"Team,Domestic tournament,Position"
4519,"Season,Appearance"
4520,"Released,Video title"
4521,"Name,Jockey"
4522,W–L
4524,"Average,Episode"
4525,"Building,City"
4526,"Name,Projects and activities they support"
4527,"Date,Result"
4528,"Category,Result"
4529,Rank
4531,Result
4532,Position
4533,"Location,Wager"
4534,"Year,Competition"
4535,Affiliates
4536,Location
4537,Name
4538,Company (country)
4539,"Record,Athlete"
4540,"Season,Division"
4541,Comment
4542,"Pollutant,Units"
4543,Term of Office
4544,"Date,Outcome"
4545,Mobile Prefixes
4546,"Name,Medal"
4547,"Cyclist,Team"
4548,"Adherents,Jurisdiction"
4549,Time as manager
4550,"Name,Type"
4551,"Club,Entered Competition"
4552,"Winner,Score"
4553,Destination
4554,Prize money USD
4555,Pos
4556,"Rank,Nation,Gold,Silver,Bronze"
4557,Site
4558,Name
4559,Last Title
4560,"Year,League,Playoffs"
4562,"Position,Player"
4563,"Name,Years in NBA"
4566,"Year,4th Venue"
4567,"Second TOPS,Second TOPS.1,Second TOPS.2,Second TOPS.3"
4568,Airing date
4570,Opponent
4571,"Race 1 Time,Race 2 Time,Total Time"
4572,"Author,Year"
4573,US Dollar Exchange
4574,Empowering Legislation
4575,"Year,Title,UK"
4576,Party
4577,Time
4578,Prize money USD
4580,"County,Player"
4582,Result
4583,"Position,Height"
4584,Year
4586,Date
4587,"Year.1,Position.1,Year.2,Position.2"
4588,"Published,Series number"
4589,"Deaths,Crude birth rate (per 1000)"
4590,Ethnicity
4591,"Rank,Name"
4592,"Sr. No.,Name"
4593,Winning Years
4595,Song title
4596,"Player,Position"
4597,"Rider,Points"
4598,Round
4599,Election
4600,Founded
4601,"Responsible Minister(s),Crown Entities"
4602,"Rank,Name,Nationality"
4604,Area (km2)
4605,Promotions
4606,Title
4607,Month
4608,Language
4609,Party
4610,"Name,Nationality"
4611,"Year,Playoffs"
4612,Première date
4613,Judge
4615,Number of episodes
4616,Men's winner
4617,"Name,Total"
4618,"Version,Length"
4619,Population (2010 Census)
4620,"Player,High Checkout"
4621,Bronze
4622,"Affiliation,House Members At Dissolution"
4623,"Year,Position"
4624,"Location,Details"
4625,"Channel,Definition"
4626,Venue
4627,"Population,Population"
4628,Kit manufacturer
4630,"Opponent,Attendance"
4631,"Rank,Player"
4632,Time/Retired
4633,Seats
4634,"Player,Pts,Conv"
4635,"Player,Money ($)"
4637,"Stage,Reason"
4638,"Name,Nationality"
4639,"Year,ATP wins"
4640,"Conference,Bids"
4641,Nationality
4642,"Name,Term of Office"
4643,Gold
4644,Pick #
4645,"Team,Runners-up"
4646,"Name,President(s) served under"
4648,"Place (Posición),Team (Equipo)"
4649,Date
4650,"Role,Year(s)"
4651,"Season,South"
4652,"Festival,Result"
4653,Area in km²
4655,"Year,Losses"
4656,"Ship Name,In Service"
4658,"Site,Attendance"
4659,Result
4660,Carries
4661,"Device,Type,IOPS"
4662,Est. building cost
4663,"Polling Firm,Favor"
4664,max. depth in meter
4665,Second place
4666,Left office
4668,Result
4669,Expression
4670,"Owner,Affiliates"
4671,Distance
4672,"Date,Competition"
4673,"Party,District Office"
4674,NFL team
4675,"Type,Cyclist"
4676,"County,Obama"
4677,Points
4678,Score
4679,Channel
4680,"Rugby League Debut,Rugby Union Debut"
4681,"Title,Year"
4682,"Year,Germans"
4683,"Film,Gross"
4684,Notable works for piano
4685,"Country,Time"
4686,"Gold,Nation,Total"
4687,City
4688,"Role,Notes"
4689,Result
4690,"International passengers,Year"
4691,"Name,EGOT completed"
4692,"Category,Year"
4693,"Location,Name"
4694,Film/Show
4695,"Driver,Constructor,Pos"
4696,Rank
4697,RF
4698,Rugby Since
4699,Min
4701,"Name,Political party"
4702,"MLB season,Losses"
4703,"Name,Location,Kilometers"
4704,"#,Menteri Besar"
4705,Nationality
4706,"Name,Area Acres"
4707,color
4708,"Name,Population"
4709,"Points,Goal Difference"
4710,"Winner,Loser,Location"
4712,"Named trains,Destination"
4713,"Rank,Athlete,Nationality"
4714,Opponent
4717,"Year,Competition,Venue"
4718,"Year,Vote %"
4719,"Date,Result"
4720,"Party,Leader,From,To"
4721,"Driver,Team"
4722,Attendance
4723,Enrollment
4724,Season
4725,"Name,Nationality"
4726,"name,pos.,club"
4727,"Opening date,Title"
4728,Time
4729,Team
4730,"Player,League"
4731,Attendance
4732,Type
4733,Total
4734,"Tribunal,Number of autos da fe"
4735,"Season,Second"
4736,"Engine,Team"
4737,"Height,Weight"
4738,"Location,Founding Date"
4739,80 yd (73 m)
4740,Result
4742,"Name,Location & map links"
4743,"Game site,Attendance"
4744,Year
4745,"Date,Prize Money"
4746,"Withdrawn,Status"
4747,"Team,Player"
4748,"No,Date,Race"
4749,Constituency
4750,"Height,Player"
4751,Location
4752,"Airport,Begin,End"
4753,"Year,English Title,Role"
4754,"Week,Room"
4755,Earnings (US$)
4757,"Best mark,Throw 1,Throw 2,Throw 3,Throw 4,Throw 5,Throw 6"
4758,Album details
4759,Game
4760,"Year,Film"
4761,"Year,1st Venue,2nd Venue,3rd Venue,4th Venue,5th Venue,6th Venue"
4762,"Year,Role"
4763,Location
4764,Team
4765,Gold
4766,Opponent
4767,Gold
4768,Player
4769,"2009–10 team,Name"
4770,"Name,Info"
4771,Football class
4772,"Date,Opponent"
4773,"Award,Result"
4774,Naturalisation by residence
4775,Year
4776,Frequency
4777,"Engine,Compression"
4778,"Rank,Country"
4779,"Population (2010 Census),Area (km²),Density (/km²)"
4780,"Year,Romanians,Slovaks"
4781,Teams
4782,Province
4783,Result
4784,"Rider,Time"
4785,Time
4786,"Nation,Gold,Silver,Bronze"
4787,Party name
4788,Site
4789,"Network name,Owner"
4790,"Grand Prix,Fastest Lap"
4792,"Game,High points"
4793,Party
4794,"Played,Lost"
4795,Start
4796,"Title,Role,Notes"
4797,Notes
4798,"Name,Release"
4799,"Player,Height"
4800,Top scorer (League)
4801,Location
4802,"Name,Nationality"
4803,"Wrestlers,Reign"
4805,Third
4806,"Rank,Name,Time"
4808,"Year,Show"
4809,"Sheriff,Start of term"
4810,Speed [km/h (mph)]
4811,Place
4812,"Driver,Points"
4813,Result
4814,"Quay cranes,Terminal"
4815,Chart positions
4816,"Rank,Representative"
4817,Prose Accessit(s)
4818,Transfer window
4819,Scored
4820,"Inducted by,Year"
4821,Duration (min:sec)
4822,"Champion,Runner-up,Third place"
4823,Skip
4824,Sub­divisions
4825,"Athlete,Event"
4826,"Time,Athlete"
4827,Winner/Number of Stars
4828,"Tournament,1st prize ($)"
4829,Frequency
4830,"Building,Height (CTBUH)"
4831,"Name,Position(s)"
4832,Year
4833,"Name,Occupation"
4834,Time
4835,"Rank,Player"
4836,"Season,Series"
4837,Gold
4838,"Date,Attendance"
4839,"High School,Left"
4840,"Year,Independent councillors"
4841,Result
4842,Player
4843,"Area (km2),County"
4844,Place
4845,"Film,Result"
4846,Population (2005)
4847,"ISO/IEC Standard,Status"
4848,"Pos,Rider"
4849,Points
4850,"Rank,Team"
4851,Number of Members Affected
4852,Established
4853,Round
4855,"Nation,#"
4856,"Game,Score"
4857,"Pos,No,Rider,Manufacturer,Points"
4858,Height
4859,"Event,Time"
4860,1970
4861,Tournament
4862,"Season,Opponent"
4864,"Date,Opponents"
4865,"Defenders,Midfielders,Forwards"
4866,Model
4867,2000
4869,Date
4870,Car
4871,"Organisation,Ownership"
4872,Date
4873,Candidates elected
4874,"Route,Terrain,Date"
4875,Released
4876,Silver
4877,"Season,Place"
4878,Description
4879,Attendance
4880,"Model,Origin"
4881,Points
4882,Year
4883,Name of place
4884,Result
4885,Gold
4886,"Name,Took Office"
4887,Time
4888,"Conference,Bids"
4889,"Team #1,Team #2"
4890,"Year,Title"
4891,"Year,Position"
4892,Composer
4893,"Pos,No"
4894,"Event,Opponent"
4895,"Location,Surface,Score"
4896,Europlug Compatible
4897,"Country,2002,2003"
4898,Season
4899,"Year,Film"
4900,Played
4901,"Year,Playoffs"
4902,"Driver,Time/Retired"
4903,"Constituency,Created"
4904,Winners
4905,"Year,Title"
4906,Attendance
4907,"Constituency,Gain,Loss,Note"
4908,"State,Institution"
4909,Region
4910,"Year,Genre"
4911,"Nation,Gold"
4912,Attendance
4913,Competition
4914,"Apps,Goals"
4915,Historical Affiliation
4916,State
4917,"Seat,State"
4918,"City,Population (2010 Census)"
4919,Record
4920,Named trains
4921,"Feinstein,Seymour,Votes.1,Horne,Votes.2,Meeu.,Votes.3,Boddie,Votes.4,W/I,V's"
4922,Manager
4923,Ownership
4924,Race Name
4925,"Film,Weekend Gross (millions)"
4926,Result
4927,"Player,Free Throws"
4929,"Nation,Silver,Gold"
4930,Founded
4931,Served
4932,"Title,Year"
4934,"City/Municipality,No. of Barangays"
4935,"Player,Nationality"
4936,"Named trains,Year begun"
4937,Area (km2)
4938,Projected increase 2009–2025
4939,"Number,CFU Club Championship"
4940,Label
4941,"Player,Position"
4942,"Name,Number of electorates (2009)"
4943,"Score,Date"
4945,Location
4947,"Score,Year"
4948,"Athlete,Gold"
4949,"Date,Attendance"
4950,Average attendance
4951,Representative
4952,Wager
4953,"Driver,Make"
4954,"Date,Result"
4955,"Undergraduate enrollment,Graduate enrollment,Total enrollment"
4956,"Career,Date No. Retired"
4957,"Player,TD's"
4958,Surface
4959,"Name on the Register,Location"
4960,"Prime Minister,Tenure"
4961,Score
4962,"weight,power"
4963,"Team,Year,Round Result"
4964,Date
4965,"Type (as built),Name(s)"
4966,Average
4967,"Result,Record"
4968,"Conference,attendance"
4969,Third place
4970,"Number,Kilometres Travelled"
4971,"No,Driver"
4973,"Parish,Parish Priest"
4974,"City,Airport,Begin"
4976,"Season,Place"
4977,"First elected,Member"
4978,"Review,Publication"
4979,"Year,Australian Open,French Open,Wimbledon,US Open"
4980,"North,West"
4981,"Name,Time"
4982,Rank
4983,"Record,Game"
4984,Team
4985,"Location,Type"
4986,"Rank,Name"
4987,Current status
4989,Greek League
4990,Championships
4991,Date of Birth
4992,Design
4994,Album
4995,"Withdrawn,Kilometres Travelled"
4996,"Episode,Viewers"
4997,"Show,Channel"
4998,"Location,City or Town"
4999,Island
5000,Result
5001,"Year,Competition"
5002,Opponent
5003,"Year,Playoffs"
5004,"Delegate,Party,Counties Represented"
5005,Year restored
5006,Number of popular votes
5007,Monitoring Department(s)
5008,"Gold,Silver,Bronze"
5009,"Representative,Title,From,To"
5010,"Home team,Away team"
5012,"Number,Notes"
5014,"Loser,Date"
5015,"Season,Place"
5016,# of Employees
5017,"Gold,Silver,Bronze"
5018,"Name,Year Built"
5019,Drawn
5020,"Runner-up,Season"
5021,Party
5022,goals
5023,"ET,Days available"
5024,"City,Population (2001)"
5026,"Title,Comments"
5027,"Gold,Nation"
5028,"Date,Attendance"
5029,"Lower Yazoo Dates,Tensas/Natchez Phases,Cahokia Phases,Cahokia Dates,Ohio/Miss. River Confluence Phases,Ohio/Miss. Dates"
5030,Away
5031,"Stadium,Capacity"
5032,"Gold,Bronze"
5034,"Tournament,Runner(s)-up"
5035,"Act,Year signed"
5036,Name
5037,"Buddhism,Buddhism"
5038,"State,Type,Title"
5040,League.1
5041,"Player,Place"
5042,"Rank,Name"
5043,Caps
5044,"Year,Result"
5045,Birthdate
5047,"FILM,LANGUAGE"
5048,"Name,Profession,Hometown"
5049,County
5051,Directed by
5052,Goal Difference
5053,Attendance
5054,Employees
5055,No. of reigns
5056,"Date,Attendance"
5057,Tower height in meters (ft)
5058,"Rank,Name"
5059,"City/Municipality,No. of Barangays"
5060,Water area km² (sq mi)
5061,"Performer,Air Date"
5062,"Name,First operational"
5063,"Location,Date"
5064,"Film,Year"
5065,Total
5066,"Year,Outcome"
5067,"Actor,Result"
5068,Note
5069,TD's
5070,"Date,Result"
5071,"Name,Years until mandatory retirement"
5072,Nation
5073,"Year,Position"
5074,"Team,Driver"
5075,"Year,Winner"
5076,"Nation,Total"
5077,"Year,Competition,Position"
5078,Entered service
5079,"Film Title,Genre"
5080,"Nationality,From"
5081,"Population,Administrative area"
5082,Total no. of seats in Assembly
5083,"Competition,Event"
5084,Method
5086,Goal Difference
5087,"Season,Place"
5088,"Score,Score.1"
5089,Date
5090,"Party,Name"
5091,"Rank,Total"
5092,"Year,Team"
5094,"Title,Notes"
5095,"Year,Competition"
5096,"Position,Swara"
5098,Vote %
5099,Role/Credit
5100,2.19
5101,Place
5102,"Award,Title"
5103,"Years won,Team"
5105,"Defendant,Arrested"
5106,"Rider,Manufacturer"
5107,Champion
5109,"#,Flag bearer"
5110,Population
5111,Airdate
5112,"Player,Free Throws"
5113,"Released,Title,Artist"
5114,World Green Car
5115,"Population 2006,Population 2011,Change in % 2006–2011"
5116,Result
5117,Year
5118,Winner
5119,"Height,Country,Town"
5120,Colours
5121,"Year,Film"
5122,"Canal,Length (miles)"
5123,Competition
5124,"Winner,Loser"
5125,Driver
5126,"Year,Party Affiliation,Winner,Number of Votes,Party Affiliation.1"
5128,"Windspeed,City"
5129,Elevation m
5130,Player
5131,"Name,Nationality"
5132,Winner
5133,"Date,Winner"
5134,"City,Population (2011),State/Territory"
5135,"University,Winner"
5136,"Date,Visitor"
5137,Season
5138,"Country/Territory,1st Runner-up"
5139,Title
5141,"Season,Tier"
5142,High rebounds
5143,"Year,Hungarians"
5144,"Name,Nationality,Matches played"
5145,Party
5146,"Name,Time (hand)"
5147,W–L
5148,"Venue,Year"
5150,Founded
5151,"Year,Result"
5152,"Opponent,Score"
5153,"Player,Nationality"
5154,"Region,Population"
5155,"Original air date,Title"
5156,"Name,Population (2005)"
5157,County
5158,"Team 2,1st leg,2nd leg"
5159,"Opponent,Venue"
5160,Year
5161,"Year,NBA/ABA draft"
5162,Lane
5163,Natural change
5164,Color commentator(s)
5165,Attendance
5166,"Location,Last mention or demise"
5167,Bronze
5168,"Attendance,Result"
5169,Result
5170,"Year,Regular Season"
5171,"Representative,Special awards at Miss Nepal,Placement in Miss Nepal"
5173,"Name,Population (2011)"
5174,"Rider,Time"
5175,"Year,Playoffs"
5176,"Location,County"
5177,Position
5178,"Location,City"
5179,"Country,PGA"
5180,Land area (km²)
5181,"Year,Time"
5183,"Rider,Points"
5184,"Gold,Season"
5185,"Year,Vote %"
5186,"Title,Role"
5187,"Player,Total"
5188,"Director,Story"
5189,Winner
5190,"State,Last execution date"
5191,Played
5192,"Season,Goals"
5193,"Waveband,Limiting magnitude"
5194,Name
5195,Isolation
5196,Published
5197,"Nation,Silver"
5198,Status
5199,"Title,Year"
5200,"Home team,Away team,Date"
5201,"Year,Actor,Award,Role"
5202,"Model,Notes"
5203,Flag bearer
5205,"Award,Category"
5206,Engine
5207,"Rank,Airport"
5208,Land area (km²)
5209,"Rank,Athlete"
5210,"Year,Laetare Medalist,Position"
5211,"Film,Gross"
5212,"Rank,Name,Nationality"
5213,"Name,Moving from"
5214,Rider
5216,"Name of Trial,Date"
5217,"Year,Assisted Tackles"
5218,Winners
5219,"Model,Origin"
5220,Transfer fee (€ million)
5221,"Season,Opponent"
5222,"Athlete,Total"
5224,"Rank,Country"
5225,"Year,Fumble Recoveries"
5226,Elected date
5227,Venue
5228,"Event,Athlete(s),Time (s)"
5229,"No. of elected,State"
5230,Term of Office
5231,Year
5232,Movements
5233,"Name of M.L.A.,Election Year"
5234,"Year,Inflation Index (2000=100)"
5236,Money ($)
5237,"Season,Pitcher"
5238,Record
5239,"County,Area"
5240,"Position,Notes"
5241,"Year,Stages"
5242,"Arrested,Charge"
5243,Place of Conference
5244,Gold
5245,Casualties
5246,"Role,Film"
5247,Combined days
5248,"Name,Took Office"
5249,"Round,Opponent"
5250,"Year of Presidency,Name of President"
5251,"Nation,Gold,Bronze"
5252,"Role,Title"
5253,"Party,Seats"
5254,"Rank,Country/Territory"
5255,Third Duma
5256,Points
5257,"Area served,City of license"
5258,Flag bearer
5259,"Wins,Team"
5260,Bronze
5261,Sunk by
5262,Number
5263,"Athlete,Country"
5264,Birth Date/Age at start of campaign
5265,Winner
5266,Took office
5267,Nationality
5268,Points
5269,"Name,Took office"
5270,Location
5271,Champion
5272,"Rank,Name"
5273,"Original air date,English air date"
5274,"Year,Competition"
5275,"Title,Release"
5277,"From,To"
5278,"Driver,Car"
5279,Points
5280,"Venue,Date"
5281,"Cyclist,Team"
5282,"Opponent,Result"
5283,"Season,Driver,Points"
5284,"Year,Film,Banner,Note"
5285,"Service,Description"
5286,"Language,Film"
5287,"Player,To par"
5288,Name
5289,"Lift Name,Lift Manufacturer"
5290,Manner of departure
5291,Term expires
5292,"Role,Title"
5293,Title
5294,"Name of Kingdom,Name of King"
5295,Position
5296,Position
5297,"World Car of the Year,World Performance Car,World Green Car,World Car Design of the Year"
5298,"Driver,Year"
5299,"District,Population (2010 census)"
5300,"Name,Date,Nation,Speed"
5301,"Plant name,Employees"
5302,"ISO/IEC Standard,Status"
5303,"Name,Time as manager"
5304,"Date,Attendance"
5305,"Name,College"
5306,Silver
5307,County
5308,Record
5309,Competition
5310,Component
5311,Tier
5312,"Season,Place"
5313,"Metropolitan area,Country"
5314,Time
5315,Site
5316,Notes
5317,"Name,metres"
5318,Opponent
5319,"Losses,Team"
5320,Round
5321,Title
5324,Result
5325,Prize money USD
5326,Date
5327,"Driver,Laps"
5328,Population
5329,Date
5330,"Name,Number,Country of Origin"
5331,"Award,Nominated work,Result"
5333,Setting
5334,Birth date
5335,"Home team,Score"
5336,"Score in the final,Date"
5337,"Name,Years in office"
5338,"Rank.1,Rank.2"
5339,"Film,Role"
5341,"Constructor,Entrant"
5342,"Model,Starting Price"
5343,"Denomination,1949"
5344,"Network name,Owner"
5345,"Country,Time difference"
5346,"Nation,Time"
5347,"Date,Attendance"
5349,"Driver,Time/Retired"
5350,"Club,Nickname"
5353,Number of episodes
5354,Engine
5355,Player
5356,"Name,Time"
5357,"Russian title,English title"
5358,"Origin,Train Name"
5359,color
5360,Country
5361,Standard 3
5362,"Termination of Mission,Appointed by"
5363,Opponent
5364,"Film/Show,Result"
5365,"City/Municipality,Population (2010)"
5366,"Camp,9 Feb"
5367,Summary
5368,Make
5369,"Country,Builder"
5370,Points
5371,Elevation
5372,"UK,US: Billboard Hot 100,US: Billboard R&B,US: Billboard A/C,Australia,Various"
5373,Finishers
5374,"Date,Attendance"
5375,"Opponent,Date"
5376,weight
5377,Name
5378,"Country,Rank"
5379,"Player,Year(s) won"
5380,"Pos,Driver"
5382,Launch
5383,"Title,Notes"
5384,Date
5385,Location
5386,Laps
5387,"Location,Town"
5388,"Region,Date"
5390,Team
5391,"Graduate enrollment,Institution"
5392,Votes
5393,"Poll source,Rob Astorino (R)"
5394,Name
5395,"Season,Competition,Opponent"
5396,Frequency
5398,"Role,Note(s)"
5399,"Interview,Evening Gown"
5400,Gross
5401,"Year,Led"
5402,Position
5403,"Beginning of service,End of service"
5404,"Driver,Points"
5405,"Team,Position"
5406,"Best score,Best dancer(s)"
5407,"Season,Place"
5408,"Year,Avg. Attendance"
5409,"Club,Nickname"
5410,"Playoffs,Open Cup"
5411,"Landmark name,Summary"
5412,"Score,2010"
5413,"Team,Pos."
5414,"Name,Took office,Left office"
5415,International caps
5416,"Date,Attendance"
5417,"Rank,Athlete"
5418,"Date,Attendance"
5419,Time/Retired
5420,"Name,Death date"
5421,"Medal,Name,Sport,Event"
5422,"City/Municipality,No. of Barangays"
5424,Year
5425,"Position,Swara"
5426,"Date,Winner/Runner-up"
5428,Total
5429,Name
5430,Original Owner
5431,"Nation,Gold"
5432,"Time,Rider"
5433,"Wrestler,Combined days"
5434,"Date,Place,Winner"
5435,Average Speed (mph)
5437,Champion
5438,"Player,Position"
5439,"Athlete,Best mark"
5440,"Winner,Result"
5441,Pyramids
5442,"Driver,Team"
5443,Total
5444,"Nominee,Result"
5445,Title (English translation)
5446,"Took Office,Left Office"
5448,"Title,Release"
5449,"Gold,Silver,Bronze,Total"
5450,"Against,Played"
5451,Original air date
5452,"Station,Opened"
5453,Area
5454,"Constituency Name,Political Party"
5455,Country
5456,County
5457,Location
5458,"Party,Name"
5459,Runner(s)-up
5460,"Rank,Name,Notes"
5461,Position
5462,"Original air date,English air date"
5463,Total
5464,Deaths
5465,Div Sec Division
5467,"Match,Team,Match status"
5468,Season
5469,"Year,Order"
5470,Fee
5471,Region
5472,Western Title
5473,"Year,Score"
5474,Position
5475,"Took office,Left office"
5476,"Driver,Laps,Time/Retired"
5477,"Name of place,Lower zip code"
5478,"Rank,Total"
5479,"Edmonton Hundred,Elthorne Hundred"
5480,"Home team,Score,Away team"
5481,"Score,Date"
5482,"Party,Votes"
5483,Language
5484,"Year,Role"
5485,Attendance
5486,Opponent
5489,Competition
5490,"District,Percentage Decadal Growth 2001-2011"
5491,Location
5493,"Year,Pages"
5494,"Week,Opponent,Result"
5495,"Church,City,Weekly collections"
5496,"Result,Loser"
5497,Singing position
5498,"Creature (Other Planes),Page"
5499,Test method
5501,"Artist,Release title"
5502,"Region,Format"
5503,"Game 1,Game 2,Game 3"
5504,Type
5505,Winning Couple
5506,"Passengers,Airline"
5507,"Number,Entered service,Withdrawn"
5508,"Album,Sales"
5509,Weight
5510,Year
5511,"Location,Laps"
5512,"Driver,Constructor"
5513,Current status
5514,Venue
5515,TOPS design code
5516,Winner
5517,Best score
5518,"Location,Race Name"
5519,"Opponent,Result,Date"
5520,"Defendant,Sentence"
5521,"Year,Laetare Medalist,Position"
5522,"Year,Title"
5523,"Region,Date"
5524,"Country,Ship,Class / type"
5525,"Name on the Register,Date listed"
5526,Position
5527,"Administrative area,Population"
5528,Result
5529,High assists
5530,Notes
5532,"Season,Interchange"
5533,"Winning driver,Trophy winner"
5534,Attendance
5535,"Province,Legal districts"
5536,"Name,Fate"
5537,Manufacturer
5538,"Year,Driver"
5539,Took Office
5540,"Year,Pages"
5541,"CALLSIGN,AIRLINE"
5542,"Title,Role"
5543,Car
5544,"Service ID,Bit rate"
5545,Location
5547,Launched
5548,Result
5549,Squad #
5550,Enrollment
5551,Time/Retired
5552,Span
5553,"Driver,Team"
5554,Established
5555,"Year,Film"
5556,"Nationality,Tonnage (GRT),Fate"
5557,"Festival,Year"
5558,"Venue,Attendance"
5559,"Year,Film Title"
5560,"Head Coach,Institution"
5561,Product
5562,"Name,Term of office"
5563,"Title,Director"
5564,Length
5565,Attendance
5566,"Year,Show"
5567,Opponent's Head Coach
5568,Candidates elected
5569,Opponent
5571,First TOPS
5572,Name
5573,"Name of concern,Revenue (Thou.  PLN)"
5574,Hometown
5575,Qualifying Score
5576,Gold
5577,"Position,Competition"
5578,"Year,Outcome,Championship"
5579,"Title,Time"
5580,"Player,Position"
5581,Result
5582,"Result,Record"
5583,Result
5584,Written by
5585,"Year,Title"
5586,"Place,Date"
5587,"Date,Result"
5589,"State,Last execution date"
5590,Opponent
5591,Round
5592,Player
5593,Team
5594,"Rank,Name,Nationality"
5595,"Rank,Name"
5596,"Track,Date"
5597,"Founded,Nickname"
5598,"Coach,Roster"
5599,Team
5600,Title
5601,"Date,Opponent,Attendance"
5602,Type
5603,"Rank,Nation"
5604,Laps
5605,Player
5606,"Wrestler,Time"
5607,"Team 1,Team 2"
5608,Goals Scored
5609,Innings
5610,"Year,Title"
5611,Nationality
5612,Evening Gown
5613,"Pos,Driver"
5614,Date
5615,"Township,Water area km² (sq mi)"
5616,Score
5617,"Title,Role,Notes"
5618,"Festival,Award"
5619,Bronze
5620,Game
5621,"Name,Position,Drainage basin area [km2]"
5622,Date
5623,"Winner,Make"
5624,"No.,Temple"
5625,Barrel length
5626,Global Asia Top 15
5627,"Description,Location"
5628,"Year,Total"
5629,"Design,Serial format"
5630,No. of Ep.
5631,"Tournament,Games played"
5632,"Year,Show"
5633,Points
5634,"Bridge name,Location"
5635,Name
5636,"Rank,Nation,Silver"
5637,"Ed Burke,Roland Burris,Gery Chico,Bill Daley,Tom Dart,Danny K. Davis,Miguel Del Valle,Rahm Emanuel,Bob Fioretti,Luis Gutiérrez,Jim Houlihan,James Meeks,Carol Moseley Braun,Terry Peterson,Patricia Van Pelt-Watkins,William Walls,Other,Undecided"
5639,Judge
5640,Call sign
5641,"Victim(s),Date,Location"
5642,Floors
5643,Date
5644,Release title
5645,Laps
5646,"Release date,Album"
5647,"Score,Location"
5648,Appointed by
5649,"Name,Listing date"
5650,"Party,Name"
5651,"Year,Film,Worldwide Gross"
5652,Player
5653,Notes
5654,Competition
5655,25th
5656,"Title,Channel,Notes"
5657,"Year,Film"
5659,"Competition,Notes"
5660,"Player,Year(s) won"
5662,"Year,System"
5663,"Year,Open Cup"
5664,Puerto Villarroel Municipality
5665,Rank
5667,Ship
5668,"Author,Illustrator"
5669,"Date,Opponent"
5670,Event
5671,"Year,Transfer fee (€ million)"
5672,Age at beginning of (first) term
5673,"Plant Name,Startup Date"
5674,Sex ratio (total)
5675,Points
5676,"Height,Floors"
5677,Population
5678,Partner
5679,Venue
5680,"Name,# used"
5681,"Date,Attendance"
5682,Election
5683,Term
5684,"City/Town/Village,Prefecture"
5685,Area
5686,Result
5687,Score
5688,Established
5690,"Plant name,Employees"
5691,Position
5692,Player
5693,"Rider,Points"
5694,"Date signed,Player"
5695,"Service,2012/13 Total Cost (£million)"
5696,Year
5697,Goals Conceded
5698,"Year,Competition,Venue,Position,Event,Notes"
5700,Date
5701,Title
5702,Athlete(s)
5703,"Channel,Definition"
5704,"Name,Took office,Left office"
5705,"Name,Term Expires"
5706,Year
5707,"District,Population (2010 census)"
5708,Product
5709,"Name,Location"
5710,Division
5711,"Year,World Car Design of the Year"
5712,"Round,Pick,Player"
5713,Titles
5714,"Cup,Europa League"
5715,Result
5717,"Name,Title,From,To"
5718,Date
5719,Athlete
5720,"Nationality,Name"
5721,"Team,Laps"
5722,"Nation,Bronze"
5723,"Rank,Athlete"
5724,"Group,Name"
5725,"Rank,Area"
5726,"Speed [km/h (mph)],Date"
5728,"Run 1,Total"
5729,"Play-by-play,Network"
5730,Length
5731,Date of vacancy
5733,"Model,Fuel"
5734,"Date,Attendance"
5735,"Name,Successful Defenses"
5736,"Year,Unemployment Rate %"
5737,"Introduced,Retired"
5738,"Builder,Notes"
5739,Result
5740,"Written by,Directed by"
5741,"Winner,Album"
5742,"Position,Driver,Car"
5743,"Rank,Time"
5744,Opponent in the final
5745,"Name,Location"
5746,Term
5747,"Finalist,Status"
5749,Separation (au)
5750,"Country,Place"
5751,"Name,Location"
5752,Old municipalities
5753,"Rank,Result"
5754,goals
5755,"Ship,Class / type"
5756,"Name,Moving to"
5757,Score
5758,# used
5759,Opponent#
5760,Name
5761,Attendance
5762,Coach
5763,Number of Concerts
5764,"Competition,Year"
5765,Opponent
5766,"Election year,# of party list votes"
5767,Date
5768,"Year,Car,Rank"
5769,Playoffs
5770,"Nation,Rank"
5771,Model name
5772,Winning Rider
5773,Location
5774,Place
5775,Silver
5776,Points
5777,Date of appointment
5778,Average
5779,Brakes
5780,"District,Number of electorates (2009)"
5781,Year
5782,Jockey
5783,"Film,Language"
5784,"Team,Points"
5785,Score
5786,Driver
5787,Date
5788,Site
5789,OT
5790,"Medal,Sport,Event"
5791,Date
5792,"Wrestler,Combined days"
5794,Club
5795,"Opponent,Venue,Attendance"
5796,"Designation,Constellation"
5797,"Year,Division,Playoffs"
5798,"Class,Type"
5799,"Name,Company,Notes"
5800,The Winner
5801,"Uninominal Deputies,Department"
5802,"Studio,Title,Gross"
5803,Name on the Register
5804,"Year,Quantity"
5805,Urban Area
5806,Singles W-L
5807,"Team,Outgoing manager,Manner of departure,Replaced by,Position in table"
5808,"Name,Population (2007 estimation)"
5809,Driver
5810,"Result,Venue"
5811,"Pos,Points"
5812,"Separation (arcsec),Separation (au),Period (years),Semi-major axis (arcseconds)"
5813,No. of villages
5815,"Year,Race Time"
5816,"year,deaths"
5817,Goal
5818,Bronze
5819,"Place in QT,Nation"
5820,"Monarch,#"
5822,"Location,Municipality"
5823,Attendance
5824,units
5825,Height ft (m)
5826,Goals Scored
5827,Constructor
5828,"Alumni Chapters and Clubs,Province"
5829,"Device,Notes"
5830,"Country,Series premiere"
5831,"Score.1,OT"
5832,Home/Away
5833,"Number,Driver"
5834,Horne
5835,"Opponent,Score"
5836,"Athlete,Olympics"
5837,"City of License,Call Sign"
5839,"Position,Competition,Venue"
5841,"Winners,Years Won"
5844,"Conference,Bids"
5845,"Name,Lifetime"
5846,"Dates,Tournament"
5847,"Year,Avg. Attendance"
5848,"Date,Opponent"
5849,"Year,Film"
5850,"Nation,Bronze"
5851,"Brand,Therapeutic area"
5852,"Driver,Gap"
5853,Country
5854,Pick
5855,Commenced
5856,"Release Date,Title"
5857,Winner/Runner-up
5858,"Date,Opponent"
5859,"Year,Notes"
5860,"Title,Release"
5861,"College,Conf."
5862,"Engine,Driver"
5863,Wins
5864,Country
5865,Bishops
5866,Date
5867,"pos.,club"
5868,Losses
5869,"Date,Scorers"
5870,"Peak Name,Elevation"
5871,"Medal,Name,Sport,Event"
5872,Kategori
5873,"Player,3-dart Average"
5874,"Result,Year"
5875,"Film Title,Genre,Cast"
5876,Gold
5877,Skipper
5878,Position
5879,"Month,Year,Player"
5880,"Show,Role"
5881,Enrollment
5882,"Nation,Years"
5883,"Bronze,Nation"
5884,"Rank,Time"
5885,"Date,Casualties"
5886,"Home,Season"
5887,"Winning Captain,Winners"
5888,"Nationality,Name"
5890,Year
5891,"Model,Last of whiteness"
5892,"Date,Hurt"
5893,Shelters
5894,Team Name
5895,"Street address,Dates of use"
5896,"Country,Player"
5897,Interferometer and observing mode
5898,"Party,Result"
5899,"Pos,Rider"
5901,"A Technical,B Scientific,C Fine Arts,D Improvisational,E Structural"
5902,"Champion,Runner-Up"
5903,"Gold,Silver,Bronze,Total"
5904,"Winner,Date"
5905,"Year,Winner(s)"
5906,"Name,Animal Type"
5907,"Year,Cabinet"
5908,"Persian unit,Imperial Value"
5909,"Date,Result"
5910,Titles
5911,Time
5912,"Year,Title"
5913,"Time,City"
5914,Winner
5915,"Pollutant,Units"
5916,"Team,Country"
5917,Elevation
5918,Driver
5919,"Date of birth,Date of death"
5920,E Structural
5921,"Tournament,Purse ($)"
5923,"Site,Opponent"
5924,"Year,Title"
5925,"Wrestler,No. of reigns"
5926,"Builder,Railway"
5927,Record
5928,"Nation,Gold"
5929,"Year,2nd Venue"
5930,"Year,Position"
5931,Javine H
5932,"Player,College"
5933,"Date,Opponent,Result"
5934,Class / type
5935,Name
5936,Gold
5937,"Tournament,Games played"
5938,"Manufacturer,Numbers"
5939,"Player,Year(s) won"
5940,"Nation,Gold"
5941,Years connected
5942,"Event,Athlete"
5943,"Year,Position"
5944,"Name,Founded"
5945,"Rank,Nationality"
5946,"Year,Event"
5947,"Player,Result,Date"
5948,Time
5949,"Builder,Length"
5950,High
5951,"Institution,Location"
5952,Title
5954,Date
5956,Points
5957,Wins
5958,"Event,Notes"
5959,"Nation,Years"
5960,"Team,Final"
5961,"Year,Unemployment Rate %"
5962,UEFA Cup
5963,Frequency
5964,"Season,Place"
5965,Assist/pass
5966,"Rider,Manufacturer"
5967,Pct
5968,"Year,Competition,Venue,Position"
5969,"Name,Party"
5970,"Finished,Horse,Trainer"
5971,"Result,Country"
5972,Punts Returned for Touchdown
5973,"Position,Position.1,Position.2"
5974,"Name,First operational"
5975,Title
5976,Days
5977,"Town,School"
5978,"Year,Title,Role"
5979,"Province,Density"
5980,"Rank,Name,Country"
5982,"Año,Role"
5983,"City,Country,IATA,ICAO,Airport"
5984,Game Site
5985,Weight (lbs.)
5986,"Competition,Venue"
5988,Time
5989,Occupation
5990,"Player,Σ Points"
5991,Party Leader(s)
5992,Population
5993,TPB Release date
5994,"Number,Withdrawn"
5995,"Driver,Laps"
5996,Abbreviation
5997,"Gold,Silver,Bronze,Total"
5998,"Driver,Entrant,Chassis"
5999,"Show,Notes"
6001,Position
6002,"Prion State,Year Identified"
6003,"Region,Country"
6004,"Laetare Medalist,Position.1"
6005,"Season,Place"
6006,"Name,Completed"
6008,"Type,Diagonal (mm)"
6009,Date
6010,"Airline,Destination(s)"
6011,Singers
6012,COMMENCED OPERATIONS
6013,"Pos,Driver"
6014,"Month,Day,Visitor,Home"
6015,"City/Municipality,City/Municipality.1"
6016,Level
6017,Opponent
6018,Date Finish
6019,"No.,Outcome"
6020,Rank
6021,Established
6022,"Rank,Bib"
6023,"City,Round 3"
6024,"Date,Region,Format"
6026,"From,Occupation"
6027,First issued
6028,Winners
6029,"Entrant,Constructor,Chassis,Engine,Tyre,Driver,Rounds"
6030,Opponent
6031,"Position,Notes"
6032,Aggregate
6033,"Event,Athlete"
6034,"Nationality,Rank"
6035,"Player,County"
6036,"Role,Notes"
6037,"Film,Language"
6038,"Nation,Silver"
6039,"Outcome,Date"
6040,Air Date
6041,Attendance
6042,"Silver,Bronze"
6043,TPB Release date
6044,Laps
6045,"Club,Goals"
6046,"Artist(s),Concert"
6047,Total
6048,TV
6049,"Date,Attendance"
6050,Artist
6051,Date
6052,"Event,Notes"
6053,Completed
6054,"Total passengers,Change"
6055,"Amanda,Bernie,Javine H,Julia,Michelle"
6056,Team
6057,Team
6058,"Competition,Position"
6059,"Region,Population"
6060,Tournament
6061,Date Built
6063,Attendance
6065,Venue
6066,"Player,Position,Height"
6067,"Introduced,Reintroduced"
6068,Gold
6069,"Name,Nationality"
6070,"Rank,Name"
6071,Distance
6072,Scored
6073,"Club,Aggregate"
6074,"Name,Time"
6075,Place
6076,Year
6077,"Nation,Gold"
6078,"Game,Score"
6079,"Title,Status"
6080,"From,To,Name"
6081,Reason for Vacancy
6082,Battle
6083,Club
6084,Original air date
6085,"Country,2003"
6086,Average receipt per visitor 2009 (USD/turista)
6087,Population
6088,"Skip,Season"
6089,"Film,Language"
6090,"Team,Engine"
6091,"Place,Date"
6092,"Award,Result"
6093,Chassis
6094,"Name,Term as a Deputy Judge"
6095,City/Town/Village
6096,"Name,Total"
6097,"District,Land area (km²),Population (2010 census)"
6098,Political party
6099,"Country,Ship"
6100,"Laps,Driver"
6102,No.
6103,"Year,Show,Role"
6104,Driver
6105,"Swimmer,Time"
6106,Make
6107,"Title,Credit,Role"
6108,Dates
6109,"Number,Livery"
6110,"Community,Population"
6111,"Player,Free Throws"
6112,"Airport,Passengers handled"
6114,Length
6115,Date
6116,Passengers handled
6117,"Album,Peak US"
6118,Name in English
6120,"Competition,Event"
6121,"Opponent,Date"
6122,"Country,2012"
6123,"Name,Nationality"
6124,Identification (Notches)
6125,"Player,Total"
6126,Building Status
6129,"Winning team,Losing team"
6130,Winner
6131,"Title,Director"
6132,Constructor
6133,Month
6134,Date
6135,"Type,Technologies"
6136,Rank
6137,Bronze
6139,Population 2011
6140,"Rank,Name"
6141,"Year,Competition"
6142,"Party,Result"
6143,"Date from,Date to"
6144,Player
6145,"Artist,Points"
6146,Opponent
6147,Jurisdiction
6148,Genre
6149,"Nation,Gold"
6150,Opponent
6151,Qualified
6152,"Date,Scored"
6153,"Player,Country of origin*"
6154,"Home,Season"
6155,Venue
6157,"Nation,Model"
6158,"Game site,Attendance"
6159,Year
6161,"Film Title,Notes"
6162,"Name,Land area"
6164,"Pick,Player"
6165,Qormi
6166,Points
6167,Result
6168,Company
6169,"Console,Computer,Handheld,Smartphone"
6170,"Feinstein,Seymour"
6171,"Date,Location,Event"
6173,Winner
6174,Title
6175,Notes
6176,Constructor
6178,Withdrawn
6179,"Opponent,Round"
6181,"Outcome,No."
6182,"Seats,Party"
6183,Official population
6184,Venue
6185,"Date,Home"
6187,Gold
6188,Score1
6189,"Location,Size (m)"
6190,Venue
6191,"Ethnicity,Buddhism"
6192,Intersecting road
6193,"Height,Contestant"
6194,"County,Total"
6196,GER Nos.
6197,"Team #1,Spectators"
6198,"Player,Pos."
6199,"Area (km2),County"
6200,Player
6201,Names of districts
6202,"Location,Country"
6203,"Year,Film"
6204,Completed
6205,"Year,Result"
6206,"Rank,Time"
6207,"Gold,Silver,Bronze,Total"
6208,Temp.
6209,"Votes,Percentage"
6210,"Power (kW),Location"
6211,Driver
6212,Party
6213,Type
6214,"Year,Result"
6215,Result
6216,Date
6217,"Year,Men's winner,Women's winner"
6218,Owner
6219,"Opponent,Competition"
6220,"Horse,Owner"
6221,Party
6222,"Year,Games"
6223,Place
6224,"Administration,Division"
6225,"Laps,Driver"
6226,"Title,Genre(s)"
6227,"Nation,Total"
6228,"Title,Role"
6229,City / State
6230,"Country,Distance (m)"
6231,Enrollment
6232,"Team,Won"
6233,"Party,Second Duma"
6234,Term as a Deputy Judge
6235,Tournament
6236,Event
6237,Manufacturer
6238,Publication
6239,"Name,Number"
6240,"Opponent,Result"
6241,Total
6242,Total
6243,"Date,Film"
6244,"Outcome,No."
6245,City
6246,"Place,Children,Elderly"
6247,Casualties
6248,Gold
6249,Time
6250,"District,Population (2010 census)"
6251,"number,symbol,name,30th"
6252,"Undergraduate enrollment,Graduate enrollment,Athletic nickname"
6253,"Title,Actors"
6255,Date
6256,"Year,Republican Party"
6257,"Tie no,Date"
6258,"Driver,Time/Retired"
6259,"Parish Est,Church"
6260,"Year,Track,Number"
6261,"Year,Game of the Year"
6262,Owner
6263,Interview
6265,Sales
6266,"Tier,Division"
6267,Women's winner
6268,"Nationality,Name"
6269,"YEAR,FILM,LANGUAGE"
6270,"Year,Player,College"
6272,Location
6273,"Position,Event,Notes"
6274,"Nation,Silver"
6275,Lead Vocals
6276,Release date
6277,World Record
6279,"Finish,Manager"
6280,Total
6281,Notes
6282,"Name,Fee"
6283,Finished
6284,Date
6286,"Call Sign,City of License"
6287,"Town/Village,Population"
6288,Points
6289,Result
6290,Turnover
6292,Established
6293,"Title,Music"
6295,"Season,Place"
6296,Ranking points
6297,"Regular Season,Avg. Attendance"
6298,"Film,Language"
6300,Name
6301,Player
6302,"Nation,Silver"
6303,Silver
6304,Points
6306,"Year,Final"
6307,Result
6308,"Rank,Finish"
6309,"Driver,Time"
6310,"Province,Legal districts"
6312,World Green Car
6315,"Season,Place"
6316,Unnamed: 0
6317,"Team,Laps"
6318,"Gold,Silver,Bronze"
6319,"1999,2000"
6320,"Athlete,Ski time"
6321,Country
6322,"Year,Round"
6324,"Opponent,Time"
6325,Prize money USD
6326,"Team,Basic elements"
6328,"Year,Competition"
6329,"Length,Remixed by"
6330,Athlete
6331,Manner of departure
6332,Date of appointment
6333,Show
6334,NFL Team
6336,"Year,Location"
6337,"Enrollment,Historical Affiliation"
6338,"Gender,Weight at birth"
6339,"Nation,Gold"
6340,Innings
6341,"Year,Games"
6342,"County,Obama"
6343,"Year,Division"
6344,Title
6345,Area km²
6346,"Nation,Bronze"
6347,"Drop(s),Multiplayer Map(s),Spec Ops Mission(s)"
6348,Winning score
6349,"Opponent,Result"
6350,"Area served,City of license"
6351,"Release date,Single title"
6353,"Driver,Average Speed (mph)"
6354,"Representative,Counties Represented"
6355,Date of birth
6356,"Nationality,Player"
6357,"Driver,Laps"
6358,"Total Finals,School"
6359,Transfer fee (€ million)
6360,"Name,Took Office,Left Office"
6361,"State,Party"
6362,"Film,Note"
6363,"Represent,Age"
6364,Opponent
6365,"Place,Children"
6366,Reason for change
6367,Platforms
6368,"Score,Result"
6369,Opened
6370,Date
6371,Gold
6372,Gold
6373,"Title,Year"
6375,"Date,Place,Disc.,Second,Third"
6376,"Year,Album"
6377,Laps
6378,Winner
6379,Result
6380,Landmark name
6381,"Year,Liberal councillors"
6382,Subject
6383,"Team,Points"
6384,"Tribunal,Number of autos da fe,Executions in persona,Executions in effigie,Penanced,Total"
6385,"Player,Position"
6386,Away team
6387,"Cyclist,UCI World Tour Points"
6388,"Home team,Away team"
6389,"Air date,Viewers (millions)"
6390,Area km2
6391,"Category,Result"
6392,"Opponent,Surface"
6393,"Award,Year,Category,Work"
6394,"Area served,City of license"
6395,"Height,Name"
6396,"Car,Engine"
6397,Points
6398,"Artist,Album"
6399,"Athlete,Date"
6400,"Date of vacancy,Replaced by,Date of appointment"
6401,Vacator
6402,Constellation
6403,"Score,Score.1"
6404,"Operator,Route Number"
6406,"Country,Plant Name"
6407,District
6408,"Nation,Silver"
6409,Wins
6410,"Rank,Nation,Total"
6411,Combined Tackles
6412,Notes
6413,Team
6414,CWS appearances
6415,"Original title,English title,Role"
6416,"NFL Team,Player"
6417,"Driver,Points"
6418,Running Time (pts)
6419,Name of place
6420,"Award,Notes"
6421,"Call-sign,Programming"
6422,"Winner,Percentage of Votes"
6423,"Year,Notes"
6424,"Run 1,Run 2,Total"
6425,"Name of M.L.A.,Election Year"
6426,"Club,From,Until"
6427,"Season,Goals"
6428,Title Reign
6430,"Nation,Total"
6431,"Took office,Left office"
6432,City/Location
6433,"Event,Type"
6434,"Ethnicity,1970 census"
6435,Date
6436,"Name,Population (2007 estimation)"
6437,"Athlete,Date"
6438,"Top scorer (Total points),Venue (Location)"
6439,"Player,Nationality"
6440,"Date,Opponent"
6441,Outcome
6442,"Released,Video title"
6443,Venue
6444,"Name,Date of appointment"
6445,Nationality
6446,"Name,Party"
6447,"Opponents,Score"
6448,"Bronze,NPC"
6449,Height
6450,"Player,Final"
6451,"Location,Competition"
6452,"Country,Place"
6454,Ship
6455,"Nation,Total"
6456,"Population,Municipality,Island"
6457,"Score,Score.1"
6458,"Kilometers,Name"
6459,Winner
6461,"Opponent,Score"
6463,Competition
6464,"Film,Role"
6465,"Date,Winning team,Winning team.1,Losing team,Losing team.1"
6466,"GF,Season"
6467,"Score,2011"
6468,Location
6469,"Date,Visitor,Home,Score,Score.1"
6470,Gender
6471,"Finalist,Status"
6472,"Year,Position,Position.1,Position.2"
6473,Ideology
6474,"year,deaths"
6475,Player
6476,"Año,Title,Role,Channel"
6477,"Play-by-play,Color commentator(s)"
6478,"Official Name,Population"
6479,"Year,Position"
6480,"Group,Members"
6481,"Position.1,Year.2"
6482,"Year,Notes"
6483,Victor
6484,"Department,Total Deputies"
6486,Year
6487,"Channel,Title,Year"
6488,"Party,Name"
6489,"Team #1,Team #2"
6490,"Year,Numer of Jamaicans granted British citizenship"
6491,Record
6492,"Year,Actor,Award,Category,Role"
6493,Original airdate
6494,"Administrative area,Administrative centre"
6495,Film Title
6496,Cahokia Phases
6497,"Call-sign,RF,Programming"
6498,Result
6499,Date
6500,"Pick,Player"
6501,"Win,Date"
6502,Metric Value
6503,"Season,Team"
6504,2nd leg
6505,"Township,Population"
6506,"Representative,Party"
6507,Launched
6508,Gold
6509,Organization
6510,Points
6511,"Competition,Venue,Position,Notes"
6512,Goals Scored
6513,2004
6515,"Position,Player"
6516,"Year,Guest(s) of Honour"
6517,"Season,Position"
6518,"Name,Type,Formed"
6519,Age
6520,"Medal,Sport,Event"
6521,Date
6522,"Nation,Silver"
6524,"Party,Name"
6525,"Feinstein,Votes,Seymour,Votes.1,Horne,Votes.2,Meeu.,Votes.3,Boddie,Votes.4,W/I,V's"
6526,Second
6527,Visiting team
6528,"Parish Est,Church"
6529,US: Billboard Hot 100
6530,"Country,Athlete"
6531,"Main author,No. of patients"
6532,"No.,Song,Length (m:ss)"
6533,Date
6534,Wrestlers
6535,Rank
6536,Tournament
6537,"Truck(s),Team"
6538,"Year,Winner"
6539,"Year,Competition,Venue"
6540,"City,Country"
6541,Name
6542,Year
6543,"Country,Rank"
6544,"Final Opponent,Team"
6546,"Rank,Name"
6547,Opponent
6548,"Literacy rate,Headquarters"
6549,"Season,Races"
6550,Result
6551,"Series number,Key,Composed,Published,Opus No."
6552,"City,Density (ab/km²)"
6553,"Player,Games Played,Points"
6554,Floors
6555,Province
6556,"Team 1,Agg.,Team 2"
6557,"Date,Win"
6558,"Winner,Date"
6559,Ages attained (years)
6560,Gold
6562,"Rank,Nation"
6563,"Release Date,Title"
6564,Title
6565,"Position,Name"
6566,"City,Population (ab)"
6567,"Played,% Won Overall"
6570,Opponent
6571,Opponent
6572,"Airline,Service Date(s)"
6573,"Date,Attendance"
6574,"winner,margin"
6575,Opponent
6576,"Athlete,Country"
6577,Battle
6578,"From,Until"
6579,Opened
6580,"Chinese,Pinyin"
6581,"Punt Return Attempts,Year"
6582,"Athlete,Run 2"
6583,Season
6584,Genre
6585,"Therapeutic area,Pathology"
6586,Country
6587,Opponent
6588,Manufacturer
6589,Type
6590,"Name,Nationality"
6591,"Score,Date"
6592,"Nation,Silver"
6593,"Builder,Location,Ship"
6594,Year
6595,Delegate
6596,"Audio channels,Service ID"
6597,"2010 arms sales (US$ m.),Company (country)"
6598,"College,NFL team,Player"
6600,"Votes,Party"
6601,Number of stars
6602,Attendance
6603,"Year,City,No. of Athletes"
6604,Census subdivision
6605,"Tribunal,Penanced"
6606,"Men's winner,Women's winner"
6607,Opponent
6608,"Swimmer,Country"
6609,"Date,Attendance"
6611,Party
6612,"Year,Game"
6613,Fee
6614,Pts
6615,"Riding,Votes"
6616,"Selection,College"
6617,"University,Years Won"
6618,"Version,Development cycle"
6619,"Gold,Silver,Bronze,Total"
6620,Year of listing & ref(s)
6621,"Date,Result"
6622,Built
6623,"Athlete,Rank"
6624,Place
6625,"Region,Catalog"
6626,"Year,Champion"
6627,"Title,Role"
6628,Wins
6629,Pages
6632,"Marriage date,President"
6633,"Year,Film"
6634,"Final position,Song title"
6635,North
6636,Total GDP (nominal) (billion US$)
6637,"#,Date"
6638,Date
6639,"Episode title,Romanized title,Translation of title,Broadcast date,Ratings"
6640,"Year,Role"
6641,"Galaxy,Chivas"
6642,"Name,Year"
6643,Track
6644,"Name,Rank"
6645,"Team 1,Team 2"
6646,"Rider,Total Points"
6647,Title
6648,Weight (kg)
6649,"Took office,Left office"
6650,Community
6651,"Network,No."
6652,"State,To"
6653,Artist(s)
6654,"Finished,Post"
6655,Team (Equipo)
6656,"Venue,Opponent,Score,Result,Competition"
6657,"Race Name,Winner"
6658,"Year,Film Title"
6659,"Title,Role,Notes"
6660,"Pos,Driver"
6661,"Competition,Stage,Opponent"
6662,Driver
6663,Result
6664,"Year,Location"
6665,"Title,Year,Budget"
6666,"Team,Wins"
6667,Laps
6668,Driver
6669,"Competition,Venue"
6670,Goals
6671,Attendance
6672,Notes
6673,"Company,Mobile Prefixes"
6674,Venue
6675,"Team #1,Team #2,Spectators"
6676,"Year,Result"
6677,"Nation,Silver"
6678,"Manager,League"
6679,Date
6680,"Year,Film"
6681,"Chinese,Pinyin"
6682,"Driver,Laps"
6683,"Constituency number,Number of electorates (2009)"
6685,"Award Ceremony,Film/Show"
6686,"Released,Title"
6688,"Driver,Constructor"
6689,"Driver,Season"
6690,"Name,Area (Km2)"
6691,"County,Wins"
6693,Type
6694,"Rank,Time"
6695,"Venue,Position"
6696,"Nation,Points,Games"
6697,Attendance
6698,Points
6700,"City of license,Network"
6701,COMMENCED OPERATIONS
6702,"Year,Notes"
6703,Year
6704,Livery
6705,"Place,Player"
6706,Sunk by
6707,Goalkeeper
6708,"Date,Result"
6709,Margin of victory
6710,"Year,Competition"
6711,"Date,Score,Delta"
6712,Total Finals
6713,"Province,Language"
6714,"Wrestlers,Location"
6715,L
6716,Role
6717,"Location,Venue"
6718,"Opponent,Method,Event,Date,Round,Time,Location,Notes"
6719,Fate
6720,Pole Position
6721,"Winner,Last win"
6722,"Candidate,Votes"
6723,"Township,Population density /km² (/sq mi)"
6724,"Club,Season"
6726,Location
6727,"Team,College"
6728,"Election Year,Party Affiliation"
6729,"Name,Left office"
6730,"Year,Label"
6731,"Location,Type"
6732,"Qual,Final"
6733,"Designation,Parish"
6735,"Number/name,Disposition and Location"
6737,"Season,Position"
6738,"City,State/Province"
6739,Ethnicity
6740,Laps down
6741,"Pos.,Athlete"
6742,"#,Flag bearer"
6743,"Year,League"
6744,"NFL Team,Player"
6745,Position
6747,Attendance
6748,"Score,Competition"
6750,Venue
6751,"GF,GA"
6752,"Time,Qualification"
6753,"Dates,Official guests"
6754,"Country,Points"
6755,Driver
6757,"Episodes,Title"
6758,"Nation,Gold"
6759,"Round,Winning Driver"
6760,"Profession,Office"
6761,"Name,Party"
6762,"Player,Points"
6763,"Location,Number of arrays"
6764,"Name of concern,Employees"
6765,Drop
6767,"Date of birth,Age"
6768,Name
6769,Player
6770,"Party,Leader"
6772,"Player,Country"
6773,"EGOT completed,Emmy,Grammy,Oscar,Tony"
6774,Weight
6775,Result
6776,"Name,From"
6777,"YEAR,SONG"
6778,"Outgoing manager,Replaced by"
6779,Title
6780,Men's winner
6781,Current Location
6782,Date
6783,CWS best finish
6784,Club
6785,Position
6786,Games
6787,Athlete
6788,Drafted by
6789,"Date,Win"
6790,km
6791,"Player,Country"
6792,"Office started,Office ended"
6793,"Xbox 360 release date,PlayStation 3 release date"
6794,Band number
6795,"Women's winner,Year"
6796,Winner
6797,"Major Third,Perfect Fifth,Minor Seventh"
6798,"Driver,Time/Retired"
6799,"Year,Top 10"
6800,Visiting team
6801,"Rank,Nation"
6802,"Home team,Away team,Date"
6803,Luke
6804,Occasion #
6805,Singing position
6806,"Year,Film"
6808,"Album,Label"
6809,Result
6810,Result
6811,"Rank,Name"
6812,"Method,Round"
6813,Published
6814,Main Presenter
6815,Location(s)
6816,"Model,Introduced"
6818,"Rank,Mountain Peak"
6819,"Weight,Name"
6820,Voter Turnout
6821,"Name,Date"
6822,Previous council
6823,Result
6824,"Number,Withdrawn"
6825,Bronze
6826,"Year,3rd place"
6827,"Stadium,Last Season"
6828,"Construction Time,Typ"
6829,Afrikaans
6830,"Date,Team,Opponent"
6831,"Party,Leader,From,To"
6832,Party
6833,"Player,Minutes Played"
6834,"Country,Series premiere"
6835,"Symbol,Meaning"
6836,"Competition,Position"
6837,Length
6838,Directed by
6839,"Team,Name"
6840,"Coach,Pct."
6841,"Builder,Type"
6842,"Winner,Result"
6843,Opponent
6844,"Rank,Name"
6846,Result
6848,"Year,Location"
6849,"Competition,Year"
6850,Year built
6851,"Name,Description"
6852,"Launched,Completed"
6853,"Player,County"
6854,Sunk by
6855,"From,Name"
6856,"Medal,Sport,Event"
6857,Secretary of State
6858,Attendance
6859,Goals
6860,Total score
6862,Competition
6863,"Title,Première date"
6865,Gold
6866,"Number,Entered service"
6867,Results
6868,"Year,Notes"
6869,Age
6870,Date
6871,"Name,Term of Office"
6872,"Name,Years until mandatory retirement"
6873,Behind
6876,Release
6877,Theme phrase
6878,"Name,First year in this position"
6879,"Gold,Silver"
6880,"City,Population (2011)"
6881,"Network,Viewers (millions)"
6882,Face Value
6883,"Date,Attendance"
6885,Place
6886,"Title,Role"
6887,"Film,Language"
6888,Result
6889,"Year,Position"
6892,Date
6894,"Year,Title,Role"
6895,Date
6896,"Rank,Country"
6898,Nation of citizenship
6899,EGOT completed
6900,"Took office,Name"
6901,Attendance
6902,#
6904,"Champion,City"
6905,"Player,Country"
6906,Transmitter
6907,"Year,Romanians"
6908,"Location,Surface"
6909,"Tribunal,Executions in effigie"
6911,Location
6912,Result
6913,Year
6914,"Name,Date"
6915,Network
6916,"Name,President served under"
6919,"Player,Games Played"
6920,Year
6921,"Enrollment,Institution"
6922,Choke
6923,"Year,Role"
6924,"Player,Games started"
6925,IBM Model Number
6926,Game site
6927,"Fastest Lap,Grand Prix"
6928,"Nation,Gold"
6929,"Team 1,Team 2"
6930,"NFL team,Player"
6931,"Date,Winning Team"
6932,Year
6933,Name
6934,District
6935,Result(s)
6936,"Album title,Year"
6938,Pyramids
6939,"Pos,Rider"
6940,Gold
6941,"Medal,Name,Sport"
6942,"Name,Date"
6943,"Financial year,Profit before tax"
6944,"Represent,Contestant"
6945,"Name,Term of office"
6947,"Race,Track"
6948,"Cyclist,Reason"
6949,"Party,Member"
6950,"Bib,Athlete"
6952,Country
6954,Date
6955,"Miss Northern Ireland,Placement at Miss World"
6956,Property
6957,"Season,Pitcher"
6958,Ship
6959,"Name,Completed"
6960,"Nation,Gold"
6961,"Date,Opponent,Score"
6963,"Title,Contents"
6964,Years participated
6965,Tournament
6966,Age
6967,Silver
6969,"Year,Competition,Venue,Position,Notes"
6970,"Year,Final"
6971,"Finished,Team"
6972,"Year,Result"
6973,"Year,Team,Co-Drivers"
6974,Engine
6975,Type
6976,Attendance
6977,"Name,Term of Office"
6978,Reserves (Rex Hartley Medal)
6979,"Official guests,Dates"
6980,"size (cents),just (cents)"
6981,"Opponent,Result"
6982,Area (km2)
6983,Time
6984,"Industry,Revenue (USD billions)"
6985,"Name,Location"
6986,Rnd
6987,Score
6988,"Name,Took Office"
6989,Save
6990,"Year,Hungarians"
6991,Gold
6992,Truck(s)
6994,"Year,Fumble Recoveries"
6996,"Nation,Silver"
6997,Rd.
6998,"Took office,Left office"
6999,Winning team
7000,"2000,2001,2002,2003,2004,2005,2006,2007,2008,2009,2010,2011,2012"
7001,Opponent
7002,"Title,Budget"
7003,"Name of M.L.A.,Election Year"
7004,"City,Country"
7005,World Record
7006,"State,Swimsuit"
7007,"Tie no,Home team,Away team"
7009,Result
7010,"Poll source,Andrew Cuomo (D)"
7011,"Pos,Driver"
7012,"Location,Venue"
7013,Silver
7014,Opponent
7015,Attendance
7016,Matches
7018,Silver
7019,"Year,Playoffs"
7020,"Competition,Position"
7021,"Gold,Nation"
7022,"Player,Country"
7023,Car
7024,"Year,Competition"
7025,"Month,Year,Player"
7026,"Name,Nationality"
7027,"Status,Ship Name"
7028,Volts
7029,"Opponent,Score,Result"
7030,Attendance
7031,"Candidate,Votes"
7032,"Nation,Silver"
7033,Formed
7034,Team
7036,Opponent
7037,Constructor
7038,"City/Town/Village,Prefecture"
7039,"Name,Party"
7040,"Rank,City"
7041,"Year,Competition"
7042,Number
7043,Finalist
7044,"Rank,Country"
7045,Winning score
7046,Silver
7047,Total
7048,Results
7049,Name
7050,Driver
7051,Place in QT
7052,"Composer,Date"
7053,Club
7054,"Nation,Gold"
7055,Result
7056,"Publication,Score"
7057,"Date,Result"
7058,Relegations
7059,Year
7060,County
7061,Athlete
7062,Opponent
7063,"Year,Event"
7064,"Length of use,Last of whiteness"
7066,Left
7067,"Home stadium,Capacity"
7068,Gold
7069,Cruise (km/h)
7070,"Season,Place"
7071,"Date,Opponent"
7072,"Opponent,Wins"
7073,Men's winner
7074,Year
7076,"Opponent,Assist/pass"
7077,Volts
7078,"Location,km"
7079,"Rank,Heat,Name"
7080,"Year,Title"
7081,"Wins,Losses"
7082,Main Presenter
7083,Scotland scorer(s)
7084,"Rank,Nation"
7085,"Nationality,Name"
7086,"Medal,Name"
7087,"Champion,Champion.1"
7088,District
7089,Region
7090,Album
7091,"Date,Result"
7092,Year
7093,"Name,Left office"
7094,"Outcome,Year,Opponent,Score"
7095,"Host(s),Days available"
7096,"Name,Nationality"
7097,"Opponent,Competition"
7098,"Year,Location"
7099,"College,Player"
7101,Date
7102,Time
7103,"Province,Density"
7104,Seats
7105,Location
7106,"Driver,Pos"
7107,"Opponent,Week"
7108,"Title,Year"
7109,Points
7110,Dates
7111,Division
7112,Team
7113,"Date,Trial Number"
7114,Competition
7116,Goal
7118,"Name,Weight (lbs.)"
7119,"Opponent,Score"
7120,Year
7121,1952
7122,Year
7123,"caps,name"
7124,"Title,Original Album"
7125,"Wins,Losses"
7126,"Wins,Points"
7127,"Party,Votes"
7128,Result
7129,Bishops
7130,"Wrestler,Time"
7131,Event
7132,Time
7133,"Rider,Manufacturer"
7134,Height
7135,"Season,Level"
7137,Enrollment
7138,Party Affiliation
7139,Formed
7140,Role
7141,"Area served,City of license,VC"
7142,"Stadium,Capacity"
7144,"Year,Title"
7145,"Rank,Title"
7146,Date
7147,"Competition,Venue,Position,Notes"
7148,"Date,Score"
7149,Result
7150,Result
7151,"Place,Player"
7152,City
7153,"Name,Architect,Location"
7155,"Ceremony,Outcome"
7157,"Year,Role"
7158,Event
7159,"Nation,Gold"
7160,"Team,Winners,Runners-up"
7161,"Name,Hometown"
7162,"Team 1,Team 2"
7163,"Religious group,Literacy (%)"
7164,Area (km²)
7165,"Show,Year"
7166,"Year,Gold"
7167,Year
7168,"Venue,Played"
7169,75 °C (e.g. radiator and DHW)
7170,Runner-up
7171,Function
7172,"Driver,Points"
7173,"Pos,Driver"
7174,"Date,Works number"
7175,"Institution,Historical Affiliation,Primary Conference"
7176,"Nation,Total"
7177,Enrollment
7179,"Nation,Silver"
7180,"Party,District,Counties Represented"
7181,"Artist,Release title"
7182,"Nationality,Fate,Date"
7184,Date
7185,Season tickets
7186,"Opponent,Result"
7187,"No.,Date/time"
7188,Opponent
7189,"Builder,Year"
7190,Position
7192,"Year,Open Cup"
7193,Competition
7194,"Tournament,Winner"
7195,Gold
7196,"Team,Final"
7197,"Gold,Bronze"
7198,"Train Name,Origin,Destination"
7199,Original Ethnic Community
7200,Year
7201,Party
7202,"Name,2.05"
7203,"Name,Time"
7205,"Position,Notes"
7206,"Date,Result"
7207,"Title,Year"
7208,"No.,Air date,Network,Viewers (millions)"
7209,"Network name,Owner"
7211,Location
7212,"Pick,Player"
7213,"Player,Result,Date"
7214,Time
7215,Result
7216,"Team,Drivers,Laps"
7217,"Rank,Name"
7218,Venue
7221,"Rank,Nation"
7222,"Venue,Attendance"
7223,Original Album
7224,"Rank,Nation"
7226,Air Date
7227,Number of episodes
7229,"No. of villages,Name of Kingdom"
7230,"Gold,Silver,Bronze"
7231,Name
7233,Runs
7234,"Obama,Total"
7235,"caps,goals"
7236,Model
7237,"Year,Film"
7238,"Party,Representative"
7239,Position
7240,"Map or catalog,Time created"
7241,Time
7243,"Competition,Season,Round"
7244,"Opponent,Home/Away"
7245,Founded
7246,Enrollment (2010-11 & 2011–12)
7247,Deaths
7248,Name
7249,"Train,Top speed (km/h)"
7250,"Stage,Reason"
7251,Total length
7253,"Term start,Term end"
7254,Film
7255,"Name,Nationality"
7256,Date
7257,Race Name
7258,Championships
7259,"Home team,Score"
7260,Laps
7261,"Match,Match status"
7262,"Regions,Release"
7263,Years won
7264,"Ship,Notes"
7265,Date
7266,Team 2
7267,Served
7268,Established
7269,Points
7270,"Result,H / A"
7271,Title
7272,"Pos,No,Driver,Constructor,Laps,Time/Retired,Grid"
7273,"Chumps,3rd Couple"
7274,"Driver,Year"
7275,Country
7277,Points
7278,"Year,Title"
7279,"Name of show,Episodes"
7280,Release Date
7282,"Year,Film"
7283,"Landmark name,Date Built"
7284,"Committee,Party"
7285,"Rank,Name"
7286,Total GDP (nominal) (billion US$)
7287,Laps
7288,"Winner,Date"
7289,"Location,Municipality"
7290,"Player,School"
7291,"Gold,Silver,Bronze,Total"
7292,"Nickname,Institution"
7293,Settlement
7294,"Laps,Time/Retired"
7295,Date
7296,"No.,Date,Opponent,Score"
7297,Attendance
7298,"Role,Notes"
7299,English title
7300,"Composed,Published"
7301,3 credits
7302,Intersecting road
7304,Charter type
7305,"Title,Episode"
7306,Attendance
7307,"Released,Title"
7308,"Week,Attendance"
7309,Points
7310,"City,Country"
7312,"Outcome,Date"
7313,"Year,Numer of Jamaicans granted British citizenship"
7314,"Currency,Region"
7315,Year
7316,"Name,Time"
7317,Points
7318,"Title,Language"
7319,"Entered Service,Kilometres Travelled"
7320,"Team,Games"
7322,Number
7323,Result
7324,"Rank,Athlete,Nationality"
7325,"Election year,# of constituency votes"
7326,"COMMENCED OPERATIONS,AIRLINE"
7327,Nationality
7328,"Location,Status"
7329,"Rank,Name,Nationality"
7330,Title
7331,Candidates
7332,"Year,Miss Northern Ireland,Placement at Miss World"
7333,"Year,Competition,Event"
7334,"Township,Population density /km² (/sq mi)"
7335,"Goal,Result"
7336,Nationality
7337,"Pos,Driver"
7338,"Country,Rank"
7339,"Signed,Ratified"
7340,"Place,Team"
7341,Date
7342,"Andrew Cuomo (D),Rob Astorino (R)"
7344,"Name,# of prisoners designed for"
7345,"Nation,5 Hoops"
7346,"Athlete,Time"
7347,"Nation,Bronze"
7348,Première date
7349,"Team,County"
7350,"Nation,Gold"
7351,District
7352,Event
7353,Serial format
7354,"Nation,Bronze"
7355,Event
7356,"Pos.,Season"
7357,"Team,Titles"
7360,Flag bearer
7361,"Title,Role"
7362,"Rank,Athlete,Nationality"
7363,Days
7364,"Rank,Nation"
7365,Coach
7367,"Name,From,Till"
7368,"Year,Romanians"
7369,"Edition,Opponent"
7370,Year
7371,"Design,Slogan"
7372,"Xbox 360 release date,PlayStation 3 release date"
7373,"Ship Name,Class"
7374,Result
7375,"Year,Number of contestants"
7376,"Gold,Silver"
7378,Deduction(s)
7379,"Year,Title,System"
7380,"Nation,Gold"
7381,"Name,Height"
7382,Result
7383,Result
7384,Result
7385,"Polling Firm,Favor"
7386,Representative
7387,"Rank,Nation"
7388,"Country,Place"
7389,Number
7390,"2010/11,2011/12"
7391,Nation
7392,"Role,Title"
7393,Competition
7394,Date
7395,"Position,Competition,Year"
7396,Name on the Register
7397,Men's winner
7398,"Party,Senator"
7399,"Final,Final.1,Final.2,Semi,Semi.1"
7400,Multiplayer Map(s)
7401,Genre
7402,"Weight,Player"
7403,City/Municipality
7404,Outcome
7405,"Year,Top 5"
7406,"Result,Nominated work"
7407,Engine
7408,"Province,Population"
7409,"Driver,Laps"
7410,Signed
7411,Outright Titles
7412,Result
7413,"Mouth,Mouth coordinates"
7414,"Year,Bronze"
7415,Competition
7416,"2 credits,5 credits"
7417,"Year,Gold"
7418,"Name,District"
7419,Design
7420,"NFL Team,Player"
7422,"Name,Cylinders"
7423,"Name,Nationality"
7424,"Episode title,Ratings"
7425,"Driver,Chassis,Engine"
7426,"Laps,Points"
7427,"Year,Money list rank"
7428,Condition
7429,PGA
7430,"Year,Location,Bronze"
7431,"Role,Note(s)"
7432,Producer(s)
7433,"Year,Position"
7434,"Name,Place"
7435,Final Points
7436,Points
7437,"Name,Population"
7438,"Surface,Tournament"
7440,Season
7441,"Position,Pick #"
7442,Notes
7443,Ship
7444,Name
7445,"Township,Population"
7446,Car
7447,"Date,Result"
7448,"Name,Goals scored"
7449,Points
7450,Name
7451,Men's winner
7452,"Year,Title"
7453,"Play-by-play,Color commentator(s),Sideline reporter(s)"
7454,Studio
7455,"Nation,Total"
7456,Venue
7457,"Contestant,Age"
7458,"Game,Developer"
7459,Type
7460,"Player,Nationality"
7461,"Team,Rider"
7462,Winner
7463,Population (2009)
7464,Speed
7465,Nationality
7466,League Apps
7467,"Opponent,Score"
7468,Points
7469,"Administrative area,Population"
7470,"Pos,Points"
7471,Record
7472,Fence
7473,Points
7474,"Performer,Air Date"
7475,"Andrew Cuomo (D),Rob Astorino (R)"
7476,"Team,Winners"
7477,"Station,El. (m)"
7478,Opposition
7479,"Area served,City of license,VC"
7480,"Date,Result"
7481,Number of contestants
7482,"Team,Titles"
7483,Time
7484,Kit manufacturer
7486,"Rank,Hospital,# Beds"
7487,"#,Position,Class"
7488,"Opponent,Score"
7489,"Name,Notes"
7490,Wins
7491,"River,Name"
7492,"Location,Attendance"
7493,"Year,Reserves (Rex Hartley Medal)"
7494,Place
7495,"Employer,# of Employees"
7496,Result
7497,"Venue,Position"
7498,"Rank,Nation,Total"
7500,Result
7501,"Gold,Location"
7502,"Athlete,Nationality"
7503,"Location,Date/time"
7504,Appointed by
7505,Township
7506,Competition
7507,"Producer(s),Title"
7508,"Year,Nominated work"
7509,Incumbent
7510,"Matches,Wins,Draws,Losses"
7511,"Venue,Position"
7512,"Season,Pos."
7513,"Name,Notes"
7514,"Name,Population (2011)"
7515,Competition
7516,Location
7518,"2008,2013"
7519,Weight
7520,"Season,Pos."
7521,"Rank,Cyclist"
7522,"Final,Final.1,Final.2"
7523,"Year,Title"
7524,"#,Flag bearer"
7525,"Year,1st Venue,2nd Venue,3rd Venue,4th Venue,5th Venue,6th Venue"
7526,"IEC World Plugs Type1,Standard"
7527,Year of inauguration
7528,"Season,FA Cup"
7529,Hand
7530,"Year,Men's runner-up"
7531,"Year,No. of Ep."
7532,Wager
7533,Place
7534,"Name,Term began"
7535,"Rider,Points"
7536,1956
7537,CWS appearances
7538,"Network,Title"
7539,Place
7540,"Year,Opponent"
7541,Silver
7542,Sent Home
7543,Population
7544,"Home Team,Away Team"
7545,Viewers (m)
7546,Course
7547,Name
7548,"Title,Status"
7549,Nationality
7550,"Home,Score.1"
7551,"President,Year"
7552,Date
7553,English Title
7554,Dead
7555,"White,Black"
7556,"Nation,Gold"
7557,Casualties
7559,"Date,Attendance"
7560,"Type,Year"
7561,"Year,Original label"
7562,Year
7563,Spec Ops Mission(s)
7564,Bronze
7565,Outcome
7566,"Competition,Venue"
7567,Result
7568,"Year,Men,Sport"
7572,Result
7573,Country
7574,Time
7575,Year opened
7576,Named for
7577,Nation
7578,Total
7579,"Year,Competition"
7580,"Date(s),Description"
7581,Scored
7582,Pages
7583,Date
7584,Directed by
7585,"Outcome,Date,Score"
7586,"Position,Club"
7587,Make
7588,"Driver,Engine"
7589,Player
7590,"Game,Opponent,Score"
7591,Date
7592,Venue
7593,"Rider,Manufacturer"
7594,Games in campaign
7596,Points
7597,"Year,Venue,City,Country"
7598,"Name,Stations"
7599,"Rank,Lane"
7600,Date
7601,"Gold,Silver,Bronze"
7602,Unnamed: 0
7603,Laps
7604,"Album,Label"
7605,"Winners,Notes"
7606,Points
7607,Tournament
7608,"Winning team,Winning team.1,Losing team,Losing team.1"
7609,Fate
7610,Position
7612,"Original Artist,Song Choice"
7613,"Event,Winner"
7614,"Leader,From,To"
7615,kW
7616,"Site,Attendance"
7617,"Score,Result"
7618,Title
7619,Attendance
7620,Baltic States(Resettled in Poland during war)
7621,"Coach,Seasons"
7622,Attendance
7623,"Type of attack,Date"
7624,Position(s)
7625,Date of award
7627,#
7629,Event
7630,"Venue,Position"
7631,"Player,Country"
7632,"Rank,Athlete,Nationality"
7633,Elevation
7634,Kategori
7635,"Year,Size"
7636,"S.No.,Name of Kingdom"
7637,Club
7638,"For,Against,Difference"
7639,"Year,Advanced strategy"
7640,"Institution,Gained university status"
7641,Type
7642,"Rank,Athlete"
7643,Year
7644,"Driver,Co-Driver"
7645,"Nation,Silver"
7646,Launch year
7647,"Año,Title,Role"
7648,"Opponent,Result"
7649,"Conf (Overall),Tiebreaker"
7650,Event
7651,Goals Scored
7652,"City,Altitude (mslm)"
7653,"Landmark name,Summary"
7654,Manufacturer
7655,Laid down
7656,"Qualification Tournament,Place in QT,Sailor"
7657,Chart Position
7658,Exited administration
7660,"Slalom,Giant Slalom"
7661,Grid
7662,"Year,Position"
7663,College/Junior/Club Team
7664,"Year,Winners,Runner-up,3rd place"
7665,Name
7666,Flower colour
7667,Outcome
7668,"Candidate,Votes"
7669,"Location,Coordinates"
7670,"Rank,Nationality"
7671,"Fate,Date"
7672,"City,Population"
7673,"Stadium,Capacity"
7675,Score
7676,Bronze
7677,"Nation,Total"
7678,"Australian Open,French Open,Wimbledon,US Open"
7679,Elected Party
7680,"Name,Formed"
7681,"Nation,Total"
7682,"Competition,Round"
7683,"Year.2,Position.2"
7684,Date
7685,"Competition,Venue,Notes"
7686,"Venue,Attendance"
7687,"Laetare Medalist,Position"
7688,"Year,Tournament"
7689,Score
7690,"Company,Number of Members Affected"
7691,"Entered service,Locomotive"
7692,"Name,Nationality"
7693,Goals for
7694,Party
7695,"Edmonton Hundred,Elthorne Hundred,Gore Hundred,Isleworth Hundred,Spelthorne Hundred,London City Within the Walls,London City Without the Walls,Inns of Court and Chancery,Westminster City and Liberty"
7696,Opponent
7697,"Player,Money ($)"
7698,Capacity (rides/hr)
7699,Minor Seventh
7700,Type
7701,English Title
7702,"Rank,Athlete"
7703,"Origin,Destination"
7705,Gold
7706,1964
7707,Result
7708,"Rank,Time (hand)"
7709,"Responsible Minister(s),Empowering Legislation"
7710,"Gold,Location,Date"
7711,Silver
7712,"Year,English Title,Chinese Title,Role"
7713,"Model,Launch"
7714,Date
7715,"Gold,Silver,Bronze,Total"
7716,"Country,Zone"
7717,Land area (km²)
7718,"Nations,Events"
7719,"Division,Section"
7721,Total passengers
7722,"Number,Entered Service"
7723,"City,Height (CTBUH)"
7724,Month
7725,Name
7726,Result
7728,"Name,Variant Name(s)"
7729,"Ed Burke,Roland Burris,Gery Chico,Bill Daley,Tom Dart,Danny K. Davis,Miguel Del Valle,Rahm Emanuel,Bob Fioretti,Luis Gutiérrez,Jim Houlihan,James Meeks,Carol Moseley Braun,Terry Peterson,Patricia Van Pelt-Watkins,William Walls,Other,Undecided"
7730,Birth Date
7731,"Rank,Name"
7732,Result
7733,"Date,Attendance"
7734,Pinyin
7735,"1st Team,2nd Team"
7737,EEPROM
7738,Date
7739,Title
7740,Rank#
7741,"Year,Show,Role"
7742,Class
7744,"Draws,Opponent"
7746,Region
7747,Team
7748,Name of place
7749,Result
7750,Result
7751,Notes
7752,GB
7753,Matches
7754,Album
7755,"Athlete,Event,Race 1 Time"
7756,Score
7757,"Name,Lifetime"
7758,"Title,Gross (worldwide)"
7759,Result
7760,"Place of manufacture,# used"
7761,"Stadium,Capacity"
7762,Term as a Deputy Judge
7763,"Venue,Year"
7764,"Date,Name"
7765,"Pick,Player"
7766,"Champion,Season"
7767,"Title,Platforms"
7768,"Name,Took office"
7769,"Rider,Pos"
7770,Date
7771,Year Built
7772,"Gold,Silver,Bronze"
7773,"Population served,Station name"
7774,"Season,East"
7775,"Date,Competition"
7776,"Developer,Title"
7778,"Airport name,Type"
7779,"Date,Result"
7780,"Year,Result"
7781,"Location,City or Town"
7782,"Season,Skip"
7783,Loser
7784,"Transfer fee (€ million),Player"
7785,"Name,Height"
7786,Time
7787,Trainer
7788,"Competition,Score"
7789,Result
7790,Number of contestants
7791,Edition
7792,"Date,Works number"
7793,"Number,Number.1,Number.2"
7794,"Country,Opening date"
7795,Lower Yazoo Phases
7796,Year built
7797,"name,goals"
7799,"Role,Year,Title"
7800,"Venue,Date"
7801,"Year,Competition,Position"
7802,Year of Presidency
7803,Area (mm2)
7804,"Gold,Nation"
7805,"Competition,Notes"
7807,"Grand Prix,Constructor"
7808,City
7809,Round
7810,"Gold,Silver,Bronze"
7811,Result
7812,Performances
7813,"Nation,Gold"
7814,Name
7815,Result
7816,"Opponent,Date"
7817,"Location,Name"
7818,"Name,Distance"
7819,Competition
7820,"Nationality,Fate"
7821,"Took office,Left office"
7822,"Season,Place"
7823,"Credited With,Publisher"
7824,"Nation,Total"
7825,Gore Hundred
7826,Brakes
7827,Length
7828,"Pos.,Name"
7829,Date signed
7830,Distance at maximum (LY)
7831,"Opposition,Win%"
7832,"Men's winner,Women's winner"
7833,"Name,Transfer fee"
7834,Description
7835,"Nation,Silver"
7836,Score
7837,Rank
7838,"Season,Date"
7839,Name
7840,"Year,Position"
7841,"Tribunal,Number of autos da fe,Executions in persona,Executions in effigie"
7842,Notes
7843,"Date,Opponent,Venue,Result,Scorers"
7845,Title
7846,"#,Player"
7847,"Notes,Separation (arcsec)"
7848,Score1
7849,Town/Village
7850,"Origin,Destination"
7851,"Start date of (first) term,End date of (final) term"
7852,"University,Winner"
7854,"Airline,Comments"
7855,Date
7856,"Rank,Nation"
7857,Team
7858,Champion
7860,"Team #1,1st match"
7862,Result
7863,"Mine,Comments"
7865,"name,goals,club"
7866,Opposition
7867,"Rider,Manufacturer"
7868,Flag bearer
7869,"Name,Description"
7871,"Ceremony,Award,Outcome"
7872,Owner
7874,Founded
7875,Date
7877,"Name,# of prisoners designed for"
7878,"Won,Matches"
7879,Length
7880,Canal
7881,Gold
7882,"Constituency,Region"
7883,"Year,Regular Season"
7884,"Date,Attendance"
7886,Manufacturer
7887,Floors
7888,Name
7889,Surface
7891,"Country,Goals"
7892,"Venue,Capacity"
7893,"Gold,Total"
7894,"Gang,Name"
7896,"Name,Date"
7898,"Team 1,Team 2"
7899,"Title,Actors"
7900,"Goals,Apps"
7901,"Country,Points"
7902,Sub­divisions
7904,Runner(s)-up
7905,"Date,Outcome"
7906,"Official Name,Parish"
7907,"Player,NBA/ABA draft"
7908,"Population,Most spoken language"
7910,"State,Average"
7911,"Year,Matches"
7912,"Speed [km/h (mph)],Train"
7913,Score
7914,Party
7915,Established
7916,Attendance
7917,"Time,Name"
7918,"Year,Qual"
7919,"Pole Position,Winning Rider"
7920,"Hungarians,Germans"
7921,Evening Gown
7922,"Pick #,Player"
7923,Country
7924,"Year.1,Final.1"
7925,Year
7926,Result
7927,Projected increase 2009–2025
7928,"Ritu,Seasonal festivals"
7929,Attendance
7930,#
7931,Player
7933,Original title
7934,Level
7935,"Performer,Album/Single"
7936,"Visitation (2009),National park"
7937,"Date,Visitor,Home"
7939,"Driver,Year"
7940,"#,Political Party"
7941,Playoffs
7942,"Score,2007,2008,2009,2010,2011,2012,2013"
7943,Opponent
7944,"Rank,Name,Nationality"
7945,Record
7946,"Player,Games Played"
7947,Winning score
7948,"Township,Population"
7949,"Driver,Constructor"
7950,"Location,Status"
7951,"Party,Leader"
7952,"Date,Score,Record"
7953,Surface
7954,"Party,Votes"
7955,Year
7956,Created
7957,Laps
7958,Party Leader(s)
7959,Engine
7960,"Floors,Year"
7961,"Opponent,Played"
7962,"Location,Mile"
7963,"Country,Artist,Points"
7964,Organisation
7965,"Round,Country"
7966,Winner
7967,"Player,For"
7968,District
7969,Competition
7970,Player
7971,"Player,Nationality"
7972,Attendance
7973,"Airline,Service Date(s)"
7974,Score
7975,"Rank,Player"
7976,Attendance
7977,Date(s)
7978,"Date,Result"
7979,"Year,Competition,Notes"
7980,"Chip,Flash size"
7981,"Nation,Total"
7982,"Born,Died"
7983,"Urban Area,Density (People/km²)"
7984,"Political party,Ministry"
7985,"Player,Country"
7986,Fin
7987,"Competition,Position"
7988,"Year,Open Cup"
7989,Date
7990,"1995,2004,2005,2006,2007"
7991,"Year,Best"
7992,Javine H
7993,"Finished,Horse"
7994,Airing date
7995,"Player,Country"
7997,"Year,Regular Season"
7998,"Manufacturer,Year"
7999,"Year,Award,Nominated work"
8000,"Player,To"
8001,"Name,Nationality,Time"
8002,"Team 1,Team 2"
8004,Show
8005,"Season,Goals"
8006,Attendance
8007,"Winning team,Winning team.1,Losing team,Losing team.1"
8008,"Party,Votes"
8009,"Whitworth size (in),Threads per inch"
8010,Attendance
8011,"Position,Competition"
8013,Date
8014,"Tournament,Attendance"
8015,Date
8016,"Season,Position"
8017,"Result,Opponent"
8018,"Win,Opponent"
8020,"Year,Venue"
8021,"Position,Position.1"
8022,"Gold,Nation"
8023,Position
8024,"Channel,Organisation"
8025,"Name,First elected"
8026,"Year,Film"
8027,"Player,Country"
8029,"Name,Launched"
8030,"Winning driver,Winning team"
8031,Released
8033,Record
8034,"Location,Municipality"
8035,"Vacator,Reason for change"
8036,"Nation,Event"
8037,Result
8038,"Outcome,Tournament"
8039,"Team,Winners"
8040,Win %
8041,Date
8042,"Name,Term began,Term ended"
8043,"Country,Time"
8044,"Year,Pos."
8045,"City/Town/Village,Prefecture"
8046,"Year,Seats"
8047,Average attendance
8048,Venue
8049,"Average population (x 1000),Unnamed: 0"
8050,Location
8051,"Driver,Laps"
8052,Lead
8053,Date
8054,"Rank,Player"
8055,"Name,Height"
8056,"Role,Notes"
8058,"Election year,% of constituency votes"
8059,"Year,Champion"
8060,"Film,Year,Opening Weekend (three day)"
8061,"City,Country"
8063,"Original work,Date"
8064,Site
8065,"Country,Distance (m)"
8067,"Property,Test method"
8068,Country
8069,"Afrikaans,Dutch,English"
8070,"City/Municipality,No. of Barangays"
8071,Name
8072,Winning Driver
8073,"Round,Winning Rider"
8074,Date
8075,"Opponent,Scored"
8077,"Driver,Constructor,Time/Retired"
8078,"Year of inauguration,Tramway"
8079,2002
8080,Steals
8081,"Tournament,Purse ($)"
8082,"Date,Opponent"
8083,"Year,Competition,Position"
8084,"Number,Implied probability"
8085,"City,Stadium"
8086,Victor
8087,"Marriage date,President"
8088,Year
8089,"Nation,Silver"
8090,"Opponent,Result"
8091,Span
8092,"Season,#"
8093,Score
8094,"Population,Township"
8095,"Builder,Notes"
8097,"Score,Score.1"
8098,Venue
8099,"Team,Points"
8100,"Title,Date of creation"
8101,"Date,Wrestlers"
8102,Total length
8103,Date
8104,"Competition,Position"
8105,Category
8106,"Rank,Nation"
8107,Total
8108,Processor
8109,Opposing team
8110,Competition
8111,"District,Senator,Counties Represented"
8113,"No. of Premierships,Premiership Years"
8114,Prefecture
8115,Silver
8116,"Name,Number of electorates (2009)"
8117,"Playoffs,League"
8118,"From,To"
8119,Qty. Issued
8120,Date
8121,"Party,Took office"
8122,Region
8123,"Nationality,Rank"
8124,"Driver,Constructor"
8125,"Position,Player"
8126,Height
8127,"Position,Player"
8128,"Year,Team"
8129,Venue
8130,"Works Number,Gauge"
8131,Club
8132,Games
8133,"Athlete,Country"
8134,"Undergraduate enrollment,Graduate enrollment"
8135,"Year,Galaxy"
8137,"League,Year"
8138,"Stadium,Capacity"
8139,Emission Standard
8140,Site
8141,Founding Date
8142,Location
8143,Ship
8144,"Released,Video title"
8145,Constituency
8146,"Driver,Year"
8147,"Left,High School"
8148,"Film,Role"
8149,U.S. Open
8150,"Pos.,Athlete"
8151,Player
8152,"Year,Competition,Result"
8153,Name
8154,"Category,Nominated work,Result"
8155,"Winning team,Winning team.1"
8156,"Name,Successful Defenses"
8157,"Circuit,Screens"
8158,"Gold,Silver,Bronze"
8159,"Party,Votes"
8160,"Network name,Programming type"
8161,Round
8162,City/Municipality
8163,Pyramids
8164,"Number,Withdrawn"
8165,Video title
8166,Location
8167,"Title,Original Album"
8168,"Date,Attendance"
8169,Closed
8170,"Type,Diagonal (mm)"
8171,Result
8172,"Opponent,Date,Attendance"
8173,"Pos.,Name"
8174,"Date,Score"
8175,"Rank,Country/Territory"
8176,Country
8177,Result
8178,"Rank,Name"
8179,"Player,Rebounds"
8180,"Name,Time"
8181,Location
8182,"Season,Assists"
8183,# Beds
8184,Location
8185,President
8187,"Poland,Sudetendeutsch"
8188,Population (2002 census)
8189,Completed
8191,Bronze
8192,Time (hand)
8194,Opponent
8195,"1960,1956"
8196,Result
8197,"Year,Result"
8198,"Population estimate (2011),County"
8199,Weight
8200,"Year,Roma"
8201,Min
8202,"Year,Earnings (US$)"
8204,GB
8205,Floors
8206,"Length of use,Last of whiteness"
8207,Core diameter (in)
8208,Australian Open
8209,"Year,Winner"
8210,Hand
8211,Playoffs
8212,"Opponent,Result"
8213,"Country,Run 1,Run 2"
8214,1964
8215,Year
8216,Date
8217,"Released,Title,Format"
8218,"Type,Description"
8219,"Cyclist,Team"
8220,"Dead,Hurt"
8221,"Winning team,Date"
8222,"Model,Introduced"
8223,"Municipality,Location"
8224,"Season,Place"
8225,Eliminated
8226,Name
8227,Player
8228,Release
8229,"Year,Title"
8230,"Nation,Silver"
8231,"Music,Lyrics"
8232,"Attendance,Date"
8233,League
8234,"Gold,Silver,Bronze"
8235,"Nationality,Name"
8236,"Draws,Losses"
8237,Season
8238,"Date,Game,High assists"
8239,"Nation,Qualification Tournament,Sailor"
8240,Enrollment
8241,Total Points
8242,"Nationality,Tonnage (GRT),Name"
8243,Nation
8246,Opponent
8247,Runners-up
8248,"Title,Budget"
8249,"Team,Finished"
8250,"Opponent,No."
8251,"Weight,Player"
8252,"2006,2009,2010,2011"
8253,1st Runner-up
8254,City
8255,"Creator,Time created"
8256,"Player,TD's"
8257,Nationality
8258,Avg.
8260,"Team #1,Team #2,1st match"
8261,"Party,Result"
8262,Founding Date
8263,Formula
8264,"Celebrity guest(s),Original airdate"
8265,"Driver,Laps"
8266,"Nation,Bronze"
8267,"Cyclist,UCI World Tour Points"
8268,Constructor
8269,"Nation,Gold"
8270,"Year,Men's winner"
8271,"Name,Length"
8272,symmetry
8273,Songwriters
8274,"Outcome,No."
8275,"Outright Titles,School"
8276,"Weapon name,Range (max)"
8277,"Experiment Name,Payload Carrier Hardware"
8278,Year
8279,"Title,Console"
8280,"Against,Played"
8281,"Area served,City of license,VC"
8282,Prize Money (USD)
8283,"Second TOPS,Second TOPS.1,Second TOPS.2,Second TOPS.3"
8284,"Nation,Gold"
8285,"Year,Open Cup"
8286,"Result,Record"
8287,"Competition,Venue"
8288,"Country,Weapon description,Quantity delivered"
8290,"Pos,Driver"
8291,"Member,Party"
8292,"Name,Took office"
8293,"Appointed by,Representative"
8294,Power rating
8295,"Opponent,Result"
8296,"Pick #,Player"
8297,Country
8298,"Title,Location/GPS Coordinates"
8299,Third
8300,S.No.
8301,Case
8302,"Year,Film,Note"
8303,Type of game
8305,World Record
8306,"Population,Population"
8307,"Candidate,Votes"
8308,"From,To,Name,Position"
8310,Result
8311,"AIRLINE,COMMENCED OPERATIONS"
8312,Date
8313,Date
8314,Year
8315,"Performer,Year"
8316,Date
8318,"Region,Label"
8319,"Rank,Nation,Total"
8320,B Scientific
8321,State
8322,Competition
8323,"Club,Championships"
8324,Laid down
8325,Player
8326,Driver
8327,"Province,Density"
8328,Gold
8329,"Team,Drivers"
8331,"Rank,Nation"
8332,Name
8333,Result
8334,"Community,Airport name"
8335,Name
8336,"Population (2010 Census),Area (km²),Density (/km²)"
8337,Year
8338,Fastest Lap
8340,"Jockey,Age"
8341,"Week,Result"
8342,"Name,Nationality"
8343,"Circuit,Sites"
8344,Undecided
8345,"Pos,Points,Rider"
8346,"Nickname,Enrollment"
8347,"Athlete,Run 1"
8348,Venue
8350,"Year,Competition"
8351,"Pump type and source,Typical use"
8352,"Model name,Date"
8353,"Year,1st Venue,2nd Venue,3rd Venue,4th Venue,5th Venue,6th Venue"
8354,"Age,Name"
8355,"Year,Album"
8356,Opponent
8358,Record
8359,Company (country)
8361,Team
8362,"Player,Points defending"
8363,"Player,Pos."
8365,"Nation,Bronze"
8366,"Name,From,Fee"
8368,Athlete
8369,"Rank,Nation,Total"
8370,"Year,Record"
8371,"Office,#"
8372,name
8373,"Name,Faith,Type"
8374,Venue
8375,Team
8376,"Type,Max Speed (km/h)"
8377,"Points,Team"
8378,Result
8380,"Pos,No"
8381,"Area (km2),Name in English"
8382,"#,Player"
8383,"Season,Head Coach"
8384,"Tournament,Opponent"
8385,"Country,Winning Rider"
8386,"Location,County"
8387,Result
8388,"City,Country"
8389,"Season,Goals"
8390,"Visitor,Home"
8391,"Year,GER Nos."
8392,Director
8393,Partner
8394,"Year,President"
8395,"Won,Drawn,Lost"
8396,Current Location
8399,"Club,Goals"
8400,Race
8402,"Player,Position"
8403,"Department,Special Indigenous or Campesino Deputies"
8404,Race
8405,Number of votes
8406,Year Built
8407,City or town
8408,"Driver,Team"
8409,"No.,Title (Latin),Title (English translation),Subject,Date"
8410,Year
8412,Total
8413,Exited administration
8414,Population
8415,Final Points
8416,"Title,Pages"
8417,"Player,NFL Team,College"
8418,Position
8419,Area Acres
8420,"Wrestlers,Notes"
8421,"Brand,Therapeutic area"
8422,"Rank,Nation"
8423,Role
8424,Time
8425,"Home team,Away team,Score,Score.1"
8426,Year ended
8427,"Temperature range,Temperature range.1"
8428,"Rank,City"
8429,"Date,Attendance"
8431,"Position,Name"
8432,"Venue,Scored"
8434,Birth date
8435,Year
8436,"Year,Losses"
8437,"Play-by-play,Color commentator(s)"
8438,No. of Ep.
8439,"Model,Starting Price"
8440,District
8441,"Pos,Driver"
8443,Model
8444,"Network,Callsign"
8445,"Name,Club,From,Until"
8446,Events
8447,"1st match,2nd match"
8448,Race Name
8449,Opponent
8450,"No.,Date/time"
8451,Season
8452,"Winning score,Margin of victory"
8453,Age (ethnicity)
8454,Save
8455,"Bishops,Adherents"
8456,Place
8457,Avg. Start
8458,Opponent
8459,"#,Celebrity guest(s)"
8460,Power
8461,"Game Site,Attendance"
8462,Year
8463,"First issued,Notes"
8464,"Year,English title"
8465,Years
8466,Age
8467,"Year,Laps"
8468,Population
8469,"District,Name,Party"
8470,Result
8471,Institution
8472,Marriages
8473,"Year,Film,Banner"
8474,"Relationship with predecessor,Name"
8475,"No.,Title (Latin)"
8476,Technologies
8477,Most spoken language
8478,"Opponent,Date"
8479,Date
8480,"Year,Winner"
8481,Win
8482,"Score,Opponent"
8483,"Date,City/Location"
8484,"Candidate,Votes"
8485,"Menteri Besar,Took office"
8486,State
8487,Result
8488,"Candidate,Party"
8489,"Name,Goals"
8491,"Competition,Notes"
8493,Population
8494,"Election year,# of constituency votes"
8495,"Team,Drivers"
8496,"Date,Attendance"
8497,"No.,Tournament"
8498,Name
8499,Country
8500,"Team,Regular Season Won"
8501,Population (2011)
8502,Fourth Duma
8503,Sent Home
8506,Location
8508,"Year,Competition"
8509,Notes
8510,"Athlete,Country"
8511,"Party,%"
8512,"Club,Goals"
8513,"City,Percentage"
8514,Representative
8516,"Date,Attendance"
8517,"3 credits,2 credits"
8518,Location
8519,Won
8521,"Nationality,College/Junior/Club Team (League)"
8522,"Wins,Losses"
8523,"Name,Result"
8524,Gold
8525,Women's winner
8526,"Result,Record"
8527,Date
8528,Winner
8529,Date
8530,2010s
8531,"School,Town"
8534,Volts
8535,"Secretary of State,Prime Minister"
8536,"Driver,Make"
8537,Number of counties
8538,Date of law
8539,"Year,Women's winner"
8540,"Finalist,Age"
8541,"Location,City"
8542,"Player,Team"
8544,"Ship,Location,Location"
8545,"Source,Publication date"
8546,"Location,County"
8547,"Votes,Margin"
8548,Year
8549,"Rank,County"
8550,Formula
8551,"Date,Location"
8553,Points
8554,"Title,Year"
8555,Opponent
8556,"Year,Result"
8557,"Area (km2),County"
8558,"Act,Year signed"
8559,"Population,Area (km2)"
8560,Title
8561,Nationality
8562,"Country,Runners-up"
8563,"Party,Name"
8564,"Name of place,Number of counties"
8565,"Artist,Song Title"
8566,Champions
8567,"Soproni Liga,Name"
8568,"Venue,Event"
8569,"Home stadium,Capacity"
8570,Title
8571,Builder
8572,"Released,Title"
8573,"Nation,Total"
8574,"Name,Fee"
8575,Date
8576,"Driver,Points"
8577,Position
8578,"Year,Award,Result"
8579,Gold
8580,Team
8581,Appearance
8583,"Year,Team,Co-Drivers"
8584,"AIAN*,NHPI*"
8585,"Role,Year,Chinese Title"
8586,Result
8587,"Network,Character name"
8588,"Make,Pos."
8589,Women's Individual
8590,"Whitworth size (in),Core diameter (in)"
8591,"Date,Attendance"
8592,Date
8593,"No.,Date"
8594,"Town/Village,Island"
8595,Years in NBA
8596,"State,Last execution date,Method"
8597,Date
8598,Nation
8599,"Winner,Jockey"
8600,"Season,Place"
8601,"Athlete,Time"
8602,"Seasons,Team"
8603,Team 2
8604,"Delegate,Party"
8605,"Flag bearer,Season"
8606,"Date,Opposition"
8608,Pos.
8609,"Fastest lap,City/Location"
8610,Place
8611,"Nation,Bronze"
8612,"City,Country,Airport,Begin,End"
8614,Lower Yazoo Phases
8615,"Name,Intersecting routes"
8616,Laps
8617,Venue
8618,"Name,Population (2011 census)"
8619,"Opened,Closed"
8620,"Pick,Player,School/Club Team"
8621,"Year,Host,Gold"
8622,"Round,#"
8623,Total released
8624,Station
8626,"From,To"
8627,Bonus
8628,"Year,Position"
8629,Scored
8630,"Pick,Player"
8631,"Athlete,Event"
8632,"Nation,Total"
8633,Top speed
8634,"City,Country"
8635,"Athlete,Event,Race 1 Time"
8636,"Date,Attendance"
8637,"Sheriff,Sheriff.1,Sheriff.2"
8638,"International passengers,Year"
8639,Artist
8640,Pole position
8642,"Name,Birth Date"
8643,"Player,Σ Points"
8644,"Score,Date"
8646,Date(s)
8647,Away Team
8648,"Rider,Points"
8649,"Competition,Position"
8651,Date
8652,"Round,Pick"
8653,Engine
8654,Episodes
8655,"Home team,Away team,Attendance"
8656,"#,Date"
8657,"Rank,Country"
8658,"Nation,Gold"
8659,Position
8660,"Score,Record"
8662,Cable Television Station
8663,"Year Built,Works Number"
8664,Semifinalists
8665,"Pick #,Player"
8666,Title
8667,Main cast
8668,"Pump type and source,Typical use,35 °C (e.g. heated screed floor),45 °C (e.g. heated screed floor),55 °C (e.g. heated timber floor),65 °C (e.g. radiator or DHW),75 °C (e.g. radiator and DHW),85 °C (e.g. radiator and DHW)"
8669,"Year,Name,Time"
8670,"Ship Name,In Service"
8671,Show
8672,"Party,Winner,Party.1"
8673,"Place,Season"
8674,"Wrestler,No. of reigns"
8676,Sport
8677,"Year,Film"
8678,"Wrestler,Time"
8679,Votes
8680,"Rank,Nation"
8681,Type
8682,Opponent
8683,"Year,Position,Competition"
8684,Notes
8685,"Year,Title,Credit"
8686,"Issue Date,Album,Artist"
8687,Floors
8688,"Year,Company,Duration of Strike"
8689,"Year,Film"
8690,Location
8691,"Place,Most spoken language"
8692,Name
8693,Year
8694,"Medal,Name,Sport,Event"
8695,"Building,Year"
8697,Population
8698,Time
8699,"Defendant,Sentence"
8700,"Ch.Wins,Team"
8701,"Year,Film"
8702,"Nation,Gold"
8703,Site
8704,Laps
8705,Gold
8706,"Year,Reserves (Rex Hartley Medal)"
8707,Final-Score
8708,"Name,Source,Definition"
8709,"Type,Power [W]"
8710,Competition
8712,"Opponent,Result"
8713,Final Points
8714,Victor
8715,Visitor
8716,"Athlete,Best mark"
8717,"Festival,Award,Year"
8718,"Year,Title,Role"
8719,"Name,From,Till"
8720,"Location,World rank"
8721,"Driver,Constructor"
8722,"Player,Transfer fee (€ million)"
8723,"Wrestler,Combined defenses"
8725,"Movements,Season"
8726,"Opponent,Score"
8727,"Name,Company"
8728,"Year,Competition"
8729,Team
8730,Year
8731,"Year,Gold"
8732,Date
8733,"Award Ceremony,Film/Show"
8734,"Year,Game of the Year"
8736,"Year,Result"
8737,"Player,Money ($)"
8738,2018
8739,"Genre,Regions"
8740,Result
8742,"Rank,Name"
8743,Scorers
8744,"Name,Goals"
8745,"Map or catalog,Time created"
8746,"Division,Section"
8750,"Men's winner,Women's winner"
8751,"Courthouse,City"
8753,Power (kW)
8754,Formed
8755,"Position,Competition,Year"
8756,"Year,Tournament"
8757,Broadcast date
8758,"Year,Name of show"
8759,Military service
8760,Cylinders
8761,"Former Incumbent,Winner,Cause"
8762,"Serial format,Serials issued"
8763,"Name,Value"
8765,"From,To,Name"
8766,Semi-Final Points
8767,"Rank,Name,Nation"
8768,Total
8769,Gold
8770,Latin name
8771,"Company,Duration of Strike"
8772,"Player,Result"
8773,Unnamed: 0
8774,"Name,Fee"
8775,"Winner,Year"
8776,"Year,Result"
8777,"Province,Party"
8778,"Crossing,Location"
8779,"Worst dancer(s),Worst score"
8780,"Team 1,Team 2"
8781,"Goal,Date,Opponent"
8782,Opening date
8783,"Venue,Notes"
8784,"Name,Nation"
8785,"Year,Author,Illustrator"
8786,Laps
8788,"Formed,Eliminated"
8789,Events
8790,"Year,Venue"
8791,Country
8792,Flag bearer
8793,"Devanagari,ISO 15919,UNRSGN,IAST"
8794,"Date,Result"
8795,"Won,Lost"
8796,Disposition and Location
8797,Launch year
8798,Date
8799,Result
8800,"Name,Left Office"
8801,"Drivers,Laps"
8802,Run 1
8803,Opponents
8804,Type
8805,"Driver,Constructor,Chassis"
8806,Opening act
8807,Party
8808,"Name,Took Office,Left Office"
8810,Laid down
8812,"Personal name,Relationship"
8813,Venue
8814,Title
8815,"Name,Nationality"
8816,"Rank,Name,Nationality"
8817,"Name,Formed"
8818,"Driver,Constructor"
8819,Album
8821,"Name,Time"
8822,"Date of Award,Honour/Award Title"
8823,Nation
8824,"Year,Score,Runner-up"
8825,Championship
8826,"Track number,English title"
8827,"City,Percentage"
8828,"Season,Roster"
8829,"Genre,Role"
8831,"Title,Director"
8832,"Rank,Nation"
8833,"Year,Competition"
8834,Player
8835,"Members,Caucusing"
8836,"Best,Location"
8837,"2 credits,3 credits,4 credits,5 credits"
8838,Place
8839,Average attendance
8840,"Circuit,Date"
8841,Runners-up
8842,"Year,Competition"
8843,"Season,Level"
8844,Number/name
8845,"City,Ranking"
8846,"Founding Date,Years Active"
8847,"Year,Guest(s) of Honour"
8848,Dates
8849,Affiliation
8850,Event
8851,Drafted by
8852,Earthed
8853,Position
8854,"Country,Result"
8855,Dates
8856,"Country,Total GDP (nominal) (billion US$)"
8857,"Constituency number,Number of electorates (2009)"
8858,"Season,Place"
8859,"Pos,Driver"
8860,Took office
8861,Time
8862,Away Team
8863,"Level,Movements"
8864,Title
8865,Finalist
8866,Date
8867,Internl. tourism arrivals 2010 (x 1000)
8868,Playoffs
8869,"Destination,Origin"
8870,Role
8871,"Athlete,Run 1"
8872,"Result,Date"
8873,Season tickets
8874,"Release,Title"
8875,Title
8876,Date
8877,Wins
8879,"Album,Sales"
8880,"From,To,Name"
8881,Nationality
8882,Title
8883,"Driver,Points"
8884,"Winner,Result,Loser"
8885,"Party,Seats,Change"
8886,Time
8887,Years as tallest
8888,Year
8889,"Film,Worldwide Gross"
8890,"Transmitter,kW,BBCA,BBCB,D3&4,SDN,ARQA,ARQB,Pol.,A.G."
8891,"Number,Withdrawn"
8892,"Kilometers,Name"
8893,Height
8894,Score
8895,Party/Electoral Alliance
8897,"Year,Title"
8898,"Player,Team"
8899,Year
8900,"Year,Film"
8901,Co-Driver
8902,"Name,Result"
8903,"Name,Party"
8904,"City,Country"
8906,"Rider,Grid"
8907,"No.,Date,Tournament"
8908,"Startup Date,Country"
8909,"Name,College"
8910,Type
8911,Elections won
8912,"Region,Format"
8913,"Crown Entities,Responsible Minister(s)"
8914,Fee
8915,"Title,Year"
8916,"Date,Round"
8917,"Race Name,Location"
8919,Team
8920,Platform
8921,"Pos.,Driver"
8922,"Score,Score.1"
8923,Age at beginning of (first) term
8924,"Season,Place"
8925,"Version,Year"
8926,"Nation,Silver"
8927,Change
8928,"Location,County"
8929,Total
8930,"NFL Team,College"
8931,Model
8932,"Height,Name"
8933,"Nation,Bronze"
8934,Scorers
8935,Tonnage (GRT)
8936,Date
8937,Party
8938,Current Use
8939,"Location,Venue"
8940,Distributor
8943,"Team #1,Team #2,1st match,2nd match"
8944,Lifetime
8945,Ward
8946,Away team
8947,District
8948,Device
8949,Original Owner
8950,District
8951,Stamp set
8952,"Artist,Points"
8953,"Genre,Film Title"
8954,Established
8955,Season
8956,"Men's winner,Time (m:s)"
8957,"Film,Notes"
8958,"Area served,City of license,RF"
8959,"Driver,Pos"
8960,"Constituency,Loss"
8962,Club
8963,Date
8964,"Beginning of service,End of service"
8965,City
8966,Silver
8967,Asian
8968,"Network,Callsign"
8971,"Title (Latin),Subject"
8972,"Driver,Time/Retired"
8973,Date listed
8974,Name
8975,"Year,Winner"
8976,Date
8977,Games played
8978,"Team,Sacks"
8979,Interescting highway
8980,"Position,Swara"
8981,"Cyclist,Team"
8982,"Year,Number of Members Affected"
8983,Church name
8984,"Name,Birth date"
8985,"Rank,Nation"
8986,"Surface,Round"
8987,Score
8988,Year
8989,Target date
8990,Water %
8991,"Area,Date"
8992,"Stadium,Capacity"
8993,Qty. Issued
8994,Height
8995,Score
8996,Production
8997,"Rank#,Date"
8998,Gold
8999,"Position,Name"
9000,"Code.1,Code.2,Code.2"
9001,"Athlete,Time"
9002,Party Leader(s)
9003,Date
9004,"National Team,Title(s) represented"
9005,The Winner
9006,"Athlete,Best mark"
9007,"Rank,Name"
9008,Votes.1
9010,Region
9011,Marker text
9012,"Election year,# of overall seats won,+/–"
9013,Album
9014,"Year,Title"
9015,Location
9016,State/ Province
9017,Result
9018,"Year,Player"
9019,"Role,English title"
9020,"Competition,Year"
9022,"Stadium,Capacity"
9023,Name
9024,"Result,Record"
9025,"Against,Lost"
9026,State
9027,Time/Retired
9028,"Competition,Notes"
9029,Year
9030,"Season,Driver,Points"
9031,Polling Firm
9032,"Opponent,Result"
9033,Founded
9034,"High School,Join Year"
9035,Goals for
9036,Winner
9037,Region
9038,Attendance
9039,"NASL,CFU Club Championship"
9040,Year
9041,Defenders
9042,Gold
9043,City
9044,"Date,Name of ship"
9045,"1986,1989,1991,1997,1999,2000,2003,2005,2007,2009,2011,Years"
9046,"Division,Place"
9047,"Season,Europe"
9049,Driver
9050,Elevation
9051,Record
9052,"Name,Sport,Event"
9053,"Year,Show,Role"
9054,"City,Country,Airport,Begin,End"
9055,Year
9056,"Season,Driver,Races"
9057,Sites
9058,College
9059,Position
9060,"No.,Date"
9061,Bronze
9062,"Title,Role,Notes"
9063,Transmitter
9064,"Date,Tournament"
9065,"Club,Home,Away"
9066,"Name,Title"
9067,"Year,Original title"
9068,Year discontinued
9070,"Crown Entities,Category / Type"
9071,"National Team,Number of stars"
9072,"Album title,Year"
9073,Name
9074,Position
9075,caps
9076,Fourth place
9077,"Year,Competition,Position"
9078,"College,NBA/ABA draft"
9079,"Represent,Contestant"
9080,Show
9081,"Races,Position"
9082,Points
9083,"School Year,Class AAAA"
9084,Tarxien
9086,Height
9087,Venue
9089,Lost
9090,Name
9092,"Rank,Nationality"
9093,Regional strength
9094,"Unnamed: 0,Marker name,Location,City or Town,Marker text"
9095,"Finished,Horse"
9096,"Ship Name,Project Number"
9097,Song title
9098,Event
9100,"Network name,Affiliates"
9101,Time created
9102,"Name,Fate"
9103,"Rank,Finish"
9104,"Placement in Miss Pokhara,Year"
9105,"Category,Title,Result"
9106,Birth date
9107,Points for
9108,"Country/Territory,Miss Supranational"
9109,Boddie
9110,"Name,FL Trophy"
9111,"Date,Surface"
9112,"Year,Album,Label"
9113,"Elthorne Hundred,Gore Hundred"
9114,2007 arms sales (US$ m.)
9115,Surface
9116,Gauge
9117,Result
9118,Season
9119,Advocate
9120,EEPROM
9122,km
9123,"Product,Input Format,Output Format"
9124,Pos
9125,"Gold,Silver,Bronze"
9126,Constituency
9127,Pole Position
9128,Gold
9129,Time
9130,"Opponent,Round"
9131,"Nation,Total"
9132,"Pole Position,Winning Rider"
9133,League
9134,"Year,Title"
9135,Format
9136,"Title,Surname"
9137,Country
9138,Current/Last Known Team
9140,"Name,Time"
9141,"Year of election,% of popular vote"
9142,"Country,Total GDP (nominal) (billion US$)"
9143,"Date,Save"
9144,"Date,Opponent,Result"
9145,"Rank,Team"
9146,"Artist,Title"
9147,Articles
9148,Draw
9149,Town/Village
9150,College
9151,Points
9152,"Power (kW),Location"
9153,Call sign
9154,"Nation,Gold,Silver,Bronze"
9155,# used
9156,"Player,Nationality"
9157,"Score,2013"
9158,"Home team,Away team"
9159,Attendance
9160,"Author,Length (first edition)"
9161,Release
9162,"Site,Date"
9164,"Week,3rd Couple"
9165,Competition
9166,Title
9167,Perfect Fifth
9168,Date
9169,"Name,Year,Total goals"
9170,"Athlete,Total"
9171,Winner
9172,Home team
9173,"Model,Class"
9174,Flash size
9175,Total
9176,Services
9177,"Year,Site"
9178,National Team
9179,"Date,Surface"
9180,Name
9181,Last elected
9182,Beginning of service
9183,"Year,Competition,Venue"
9184,"Pos,No"
9185,"Location,Number of arrays"
9186,Opponent
9187,"Season,Place"
9188,"Tournament,Margin of victory"
9189,"Mayor (2010–2013),Income Class (2010)"
9190,"Winner,Cause"
9193,"Player,Nationality"
9194,"Album,Label"
9195,Role
9196,Bronze
9197,"Ethnicity,1926 census,1939 census,1959 census,1970 census,1979 census,1989 census,2007 estimate"
9198,"Wrestler,Combined days"
9199,"Spec Ops Mission(s),Face Off Map(s)"
9200,"Stadium,Capacity"
9201,"Name,Notes"
9202,"Visitor,Home"
9203,"Opposition,Competition"
9204,Outcome
9205,"km,Intersecting road"
9206,"Year,Car"
9207,"Wheat,Rice"
9208,"Season,Opponent,Decision"
9209,Attendance
9210,"Album/Single,Year"
9211,Rider
9212,"Location,Status"
9213,Position
9214,Première date
9215,Opponent
9216,Notes
9217,"Year,Notes"
9218,"City,Courthouse"
9219,Venue
9220,"Title,Comment"
9221,Laps
9222,"Year,Role"
9223,"interval name,size (steps)"
9224,"Pick #,NHL team"
9225,Established
9226,"Channel,Ownership"
9227,Wins
9228,Bronze
9229,Model
9230,Type
9231,"Driver,Engine"
9232,"Took office,Left office"
9233,"Club,Apps."
9234,Time
9235,"Year,Reg. Season"
9236,"Date,Opponent,Score"
9237,Car
9238,"Name of place,Counties"
9239,"Name of ship,Tonnage"
9241,"Player,College"
9242,"Year,Role"
9244,"Player,School"
9245,"Score,Opponent"
9246,"Nation,Bronze"
9247,"Date of birth,Club"
9248,"Date,Opponent,Venue"
9249,"Season,Place"
9250,"Player,Height"
9251,"Player,Nationality"
9252,"Player,Country of origin*"
9253,"Nation,Silver"
9254,"Car,Power"
9256,Flight
9258,"Winners,Year"
9259,"Status,Year"
9260,Midfielders
9261,Points
9262,Week (Stage)
9263,"Rank,Name"
9264,Time
9265,"Year,Game of the Year"
9266,Attendance
9267,"Team,Drivers"
9268,"Rank,Urban Area"
9269,"Name of place,Principal county"
9270,"Year,Name"
9271,Listing date
9273,Remarks
9274,"Name,Location"
9275,Per capita income
9276,Name of place
9277,Opponents
9278,"Name,Moving from,Moving to,Fee"
9279,"Frequency,Call sign"
9280,"Date,Opponent"
9281,"Name,Notes"
9282,"Name,Term began,Term ended"
9284,"Dates of use,Named for"
9285,"Year,Order"
9286,"Community,Airport name"
9287,"max range (km),Model"
9288,"Pick #,Player"
9289,"Site,Attendance"
9290,Division
9291,"Year,Name"
9293,Result
9294,"Driver,Team"
9295,Year
9297,Team
9298,"Opponent,Competition"
9299,Innings
9300,"Season,Color commentator(s)"
9301,Place
9302,Goals Against
9303,Player
9304,"Year,Album"
9305,"Capacitor type,Volts"
9306,City
9307,Place
9308,Month
9309,"Rank,Name"
9310,Squad #
9311,COMMENCED OPERATIONS
9313,Current distance
9314,Credited With
9315,Birth date
9316,Finish
9317,"Year,Genre"
9318,"Rd,Pick,Player"
9319,"AIAN*,White"
9320,"Won,Lost"
9321,"Year,Film"
9322,"Score,Opponent,Game"
9323,"Date,Site"
9324,"Film,Role"
9325,Fourth place
9326,"Rank,Name"
9327,Term end
9328,Result
9329,"Time/Retired,Driver"
9330,"Name,Took Office,Left Office"
9331,Date listed
9332,"Award,Category,Title"
9333,Year
9334,"Film,Language"
9335,"Name,Gender,Age"
9336,"Year,Men's winner"
9337,Titles
9338,"Nation,Bronze"
9339,Shoot Location
9340,Wins
9341,"Rank,Nationality"
9342,"Nation,2007"
9343,"Competition,Category"
9344,Surface
9345,"Rank,Name,Nationality"
9346,Date
9347,Frequency
9348,"Province,Area (km²)"
9349,Original work
9350,"Year,Position,Notes"
9351,"Tie no,Away team"
9352,"Show,Role"
9353,Time
9354,Runners-up
9355,"Pick #,Nationality"
9356,Tonnage
9357,"Reign,Days held"
9358,"Name,Built,County"
9359,Moving from
9360,Result
9361,"Population 2006,Province"
9362,"Termination of Mission,Presentation of Credentials"
9363,"Language,males"
9364,"Russian title,English title,Lyrics"
9365,"Creature (Other Planes),Page"
9366,Episodes
9367,"Opponent,Played"
9368,Genre
9369,Date
9370,"Year,Civil Liberties"
9371,"Men's winner,Year"
9372,"Athlete,Time"
9374,"No.,President served under"
9375,"Film,Language"
9376,Total time in office
9377,Laid down
9380,"Player,TD's"
9381,School
9382,size (steps)
9384,"Names,Images"
9385,Opponent
9386,"Date,Opponent,Score,Result"
9387,"Parish,Parish Priest,Founded"
9388,"2001,2011"
9389,Appointed
9390,"Gold,Silver,Bronze"
9393,"Reign,Date"
9394,Natural change
9395,Country
9396,"Number,Name"
9398,Party Leader(s)
9400,"Party,Active Voters,Inactive Voters"
9401,El. (m)
9402,Race Title
9403,"Rank,Name"
9404,"Score1,Opponent"
9405,"Place,Player"
9406,"Denomination,1880"
9407,"Airline,Destination(s)"
9408,Athlete
9409,"Team,County"
9410,"League,Sport"
9411,Advanced strategy
9412,"Community,Area"
9413,Total
9414,"Stadium,Capacity"
9416,Seat
9417,"Title,Directed by"
9418,"Rank,Team"
9419,"Name,Years until mandatory retirement"
9420,"Competition,Notes"
9421,Year
9423,"Boat #,Fate"
9424,"Landmark name,Summary"
9425,Gold
9426,"Year,Title"
9427,Score
9428,Ended
9429,Laid down
9430,"Winners,Years won"
9432,MPs
9433,"Office,Political Party"
9434,"State,No. of candidates"
9435,Type
9436,Athlete
9437,"Role/Credit,Album / Name"
9438,"Year,Competition"
9439,Year
9440,Polling Firm
9441,"Name,Municipality"
9442,Sent Home
9443,"Date,Number"
9444,"Winner,Team"
9445,"Truck(s),Driver(s)"
9446,"Canal,Year opened"
9447,Country
9449,"Competition,Venue"
9450,"Opponent,Score"
9451,"Athlete,Ski time"
9452,Attendance
9453,Result
9454,Sum
9456,Name
9457,Born
9458,"Rebounds,Player"
9460,"Speed (mph),Category"
9461,"Event,Notes"
9462,Builder
9463,"No.,Tournament"
9464,Genre
9465,Average receipt per visitor 2009 (USD/turista)
9466,"Wins,Club"
9467,Time
9468,"Title,Release date"
9469,"Directed by,No. in season"
9470,"Car,Power"
9471,"Rank,Athlete,Country,Time,Notes"
9472,"Bronze,Athlete"
9473,"Name on the Register,Location"
9474,"Name,Location"
9475,"Nominated work,Result"
9476,"Name,Height ft (m)"
9477,"Date,Site"
9478,"Rank,Nation"
9479,Name(s)
9480,"Single title,Irish Charts,UK Singles Chart position"
9481,"Date Start,Date Finish"
9482,"Date,Opponent"
9483,"Artist,Points"
9484,Driver
9485,"Name,# used"
9486,Kilometres Travelled
9487,"Silver,Bronze"
9488,"Gold,Silver,Bronze"
9489,"Season,Position"
9490,"Year,Open Cup"
9491,"Gold,Silver,Bronze"
9492,"Venue,Competition,Notes"
9493,"Pos,Driver"
9494,Silver
9495,Competition
9496,Employees
9497,"Uninominal Deputies,Department"
9498,"Gold,Nation"
9499,Winner
9500,"Name,Grammy"
9501,"Name,Date of Death,Ceremony,Year"
9502,"Length,Version"
9503,"Full Name,Nickname,Gender,Weight at birth,Meaning"
9504,"Region,Date"
9505,"Old municipalities,Seat"
9506,Date of Award
9507,"Company,Duration of Strike"
9508,Interchange
9509,"Bronze,Location"
9510,"AIRLINE,COMMENCED OPERATIONS"
9511,Date
9512,"Rank,Airport"
9513,"Encoding,Implied probability"
9514,date
9515,"Venue,Country"
9516,Home Team
9517,Points
9519,Player
9520,Attendance
9522,Date
9523,Host or site
9524,"Bronze,Nation"
9525,Chinese
9526,"Date,Attendance"
9527,"Protein,Natural Host"
9528,Gold
9529,"Region,Label"
9530,Type of game
9531,Opponent
9532,"Year,Result"
9533,"Race,No"
9534,"Devanagari,ISO 15919,UNRSGN,IAST"
9535,Pole Position
9536,Public Access
9537,"Year,Title,Artist"
9538,Total time in office
9540,Tier
9541,"Sheriff,Sheriff.1,Sheriff.2"
9542,Appointed by
9543,"Building,Years"
9544,"Year,Competition,Venue,Position,Event,Notes"
9545,"Rank,Athlete"
9546,"Venue,Attendance"
9547,"Intersecting road,km"
9548,"Chip,Flash size"
9549,Floors
9550,"Election year,# of overall seats won"
9551,"Player,Position"
9552,Pos.
9553,"Opponent,Aggregate"
9554,Opponents
9556,Silver
9557,Date
9558,Competition
9559,"Race Title,Date"
9560,"Season,Place"
9561,"Year,Format(s)"
9562,Home Team
9563,Fate
9564,"Crown Entities,Monitoring Department(s)"
9565,Name
9566,Label
9567,"Church Name,Year Built"
9568,"Region,Team,Finished"
9569,"Population,Town/Village"
9570,"Diver,Final Points"
9571,"Role,Notes"
9572,Men's Individual
9573,"Member,Party"
9574,"Driver,Laps"
9575,Pinyin
9576,Film
9577,Population
9578,"Score,Delta"
9579,Third place
9580,"Año,Title"
9581,"Year,Competition,Position"
9582,Opponent
9583,Gold
9584,"Opponent,Week"
9585,"District,Party"
9587,Competition
9588,"Region/Country,Total"
9589,"Driver,Co-driver"
9590,"Film,Opening Weekend (three day)"
9592,"Year,Film"
9593,Name
9594,Class
9596,Air Date
9597,"Name,Club"
9598,"Year,Round"
9599,"Rank,Athlete"
9600,"Population (2010 Census),Area (km²)"
9601,"Dead,Hurt"
9602,"Athlete,Throw 6"
9603,Time
9604,Ring name (Birth name)
9606,"Nation,Silver"
9607,"Title,Broadcaster"
9608,Coach
9609,Goals
9610,Result
9611,"Flight,Result"
9612,"Name,Time"
9613,"Date,Score"
9614,Race Title
9615,"Final,Final.1"
9616,"Venue,Position"
9617,"Opponent,Result"
9618,"Season,Competition,Round,Club,Home,Away,Aggregate"
9619,Date of creation
9621,"Stadium,Capacity"
9622,"Candidate,Votes"
9623,"Name,Club,From,Until"
9624,"Date,Opponent"
9625,"Classification,Constellation"
9626,"Score,Date"
9627,"Opposition,Source,Publication date"
9628,"Title,Language"
9629,Scorers
9630,Length
9631,Location
9632,"Input Format,Output Format"
9633,"World Car of the Year,World Performance Car,World Green Car,World Car Design of the Year"
9634,"Subject,Date"
9635,Score
9636,"Apps,Name"
9637,"Away team,Score"
9638,"Election,Total votes"
9639,Score
9642,"Opponents,Scotland scorer(s)"
9643,"Season,Pos."
9644,"Games,Points"
9645,Winning Party
9646,"Release,Type"
9647,Driver
9648,"Weapon name,Caliber (mm)"
9649,"Assists per game,Tournament"
9650,"Area km²,Density /km²"
9651,"Model,Origin"
9652,"Opponent,Result"
9653,"Number,Race"
9654,Population
9655,"City/Municipality,No. of Barangays"
9656,"Year,Under 18's (Bruce Wilkinson Medal)"
9658,Year
9659,"Year,Winner,Score"
9661,"Place,Player"
9662,Result
9663,"City,Country"
9664,"Tournament,Opponent,Score"
9665,"Year,Conservative councillors"
9666,Standard
9667,Rider
9668,"Pos.,Driver"
9669,"Year,Manager"
9670,Nation
9671,"Club,Points"
9672,No. of Ep.
9673,"Driver,Entrant"
9674,Winner
9675,A Technical
9677,"Winner,Tournament"
9678,"Loser,Date"
9679,"males,females"
9681,"Nation,Total"
9682,Rank
9683,"Medal,Sport,Event"
9684,"Year,IFPI Israel Certification"
9685,Area Acres
9687,Record
9688,"Rank,Country"
9689,Name
9690,"Nation,Gold"
9691,"Player,Year"
9692,"Represented,Contestant,Height"
9693,Date
9694,"Name,Notes"
9695,"Courthouse,Jurisdiction"
9696,"Height,Player"
9697,"Team 1,Team 2"
9698,"Win,Loss"
9700,Champion
9701,Name
9702,Cyclist
9703,"Rank,Total"
9704,"Chip,Frequency [MHz]"
9705,"Title,Platforms"
9706,City
9707,Score
9708,"Team,Titles"
9709,Result
9710,"Type of attack,Victim(s)"
9711,"Winning team,Losing team,Year"
9712,Transferred to
9713,"number,symbol,30th"
9714,Capacity (rides/hr)
9715,"Gold,Silver,Bronze,Total"
9716,Jockey
9717,"Finish,Notes"
9719,"Season,Position"
9720,Title
9721,Chief
9722,"Athlete,Country"
9723,"W,T,L"
9724,Opponent
9725,Max Speed (km/h)
9726,Venue
9727,Years Since Divergence from Human (mya)
9728,Title
9729,"Name,Location,# of prisoners designed for"
9730,Most Recent Position Angle
9731,Attendance
9732,"Team,Finished"
9733,"Nation,Total"
9734,Title
9735,"Season,Goals"
9736,"Community,Region"
9737,Club
9738,"Title,Role"
9739,"Name of mill and grid reference,Location"
9740,"Film Title,Year"
9741,Competition
9742,Time
9743,"Call Sign,Format"
9744,"Year,Position,Event"
9745,"Rider,Manufacturer,Time/Retired"
9746,"Year,Combined Tackles"
9747,"City/county,Population served"
9748,Kickoff
9749,attendance
9750,Event
9751,Venue
9753,Province
9754,"Title,Publisher"
9755,"Province,Area (km²)"
9756,"Year,Guest(s) of Honour"
9757,Points
9758,"Place of manufacture,# used"
9759,Result
9760,"Location,Intersecting routes"
9761,"Opponent,Notes"
9762,"Name,Nationality"
9763,Height
9764,"Species,Total released"
9765,"Pts,Date"
9766,"Name,Year Built,Current Status"
9768,"Player,Europa League"
9769,"Network,Callsign"
9771,Bank
9772,"Event,Winner"
9773,"Lift Name,Type"
9774,"Serial No,Kilometres Travelled"
9775,"Year,Film,Publisher,Director,Distributor,Notes"
9776,"Year,Position"
9777,"Miss Northern Ireland,Placement at Miss World"
9778,Finalist
9779,Year of inauguration
9780,Result
9781,"Pos,Driver"
9782,"Wrestler,Eliminated by,Time"
9783,Opponent
9785,"Season,Place"
9786,"Nation,Bronze"
9787,Venue
9788,Player
9789,"Player,Nationality"
9790,Role
9792,Name
9793,Winner
9794,"Device,IOPS"
9795,Greek League
9796,"Competition,Venue"
9797,"Weight,Player"
9798,Week
9799,"Feinstein,Votes"
9802,"Played,Drawn"
9804,Fourth Duma
9805,"State,Incumbent,Party,Result,Candidates"
9806,Country
9808,"Country,Finals Total"
9809,"Builder,Type"
9810,Driver
9811,"Team,Position in 1993–94"
9812,"Player,Nationality"
9813,"Nation,Bronze"
9814,"Team 1,Team 2"
9815,"Delegate,First Elected"
9816,"winner,no"
9817,Country
9819,Competition
9820,Episode title
9821,"City,Dates of use"
9822,"Title,Character,Broadcaster"
9823,"Responsible Minister(s),Category / Type"
9824,"Name,Works number"
9825,"Rank,Nation"
9826,"Year,Earnings (US$)"
9827,"Role,Film"
9828,Affiliates
9829,"Name,Year dissolved"
9830,Opponent
9831,"Office started,Office ended"
9833,"Score,Opponent's Score,Result"
9834,40 yd (37 m)
9835,"1993,1996,1999,2007,2011,2015"
9836,"Finished,Horse"
9837,"Airport,Passengers handled"
9838,"Year,Final.1"
9839,Elevation (m)
9840,Date
9841,Shelters
9842,"Tournament,Winner"
9843,Level
9844,"Wins,Draws,Losses"
9845,"Club,Date of departure,Replacement,Date of appointment"
9846,Fate
9847,"Team,Time"
9848,Weight
9849,"Opponent,Game Site"
9850,"Title,Notes"
9852,Racing series
9853,"From,Till"
9854,"Stadium,Capacity"
9855,Year
9856,Level
9857,Time
9858,"Name,Date of Birth (Age)"
9859,"Pos,Driver"
9860,"Yacht,Launch year"
9861,Starters
9862,"Year,Film,Role"
9863,Ideology
9864,Game of the Year
9865,Women's winner
9866,Gold
9867,Prev. points
9868,Temple
9869,"Name of M.L.A.,Election Year"
9870,"Name on the Register,Date listed"
9871,"Player,Legs Won"
9872,Date
9873,Outcome
9874,Average
9875,"Name,Nationality"
9876,"Player,School"
9877,"League.1,Win"
9878,"Year,Competition"
9879,Rider
9880,"Name,Birth"
9881,Opponent
9883,"Name,Nationality"
9884,"Date,Result"
9885,"First public release date (First edition),Latest public release date (edition)"
9886,Goals Scored (GF)
9887,"Date,Attendance"
9889,"interval name,size (steps)"
9890,"Tier,Division"
9891,"Driver,Points"
9892,"Year,Position"
9893,Actor/Actress
9894,Team
9895,"Call sign,Network"
9896,"Pos.,Time"
9897,"Competition,Notes"
9898,Role
9899,"Men's winner,Year"
9900,"Year,Result"
9901,Venue
9902,Gold
9903,"Height ft (m),Name"
9904,"Year,1st Venue,2nd Venue,3rd Venue,4th Venue,5th Venue,6th Venue"
9905,Film
9906,"Date,Attendance"
9907,"Team,Driver"
9908,"Reign,Wrestlers"
9909,"Votes,Percentage"
9910,"Network,Character name"
9911,"OT,City,State/Province"
9912,"Drafted by,Year"
9913,"Opening date,Closing date"
9914,Share of votes
9915,"Unnamed: 0,Chinese"
9916,Scorers
9917,Result
9918,"Host / Location,Division I Overall,Division II Overall"
9919,Destination(s)
9920,"Census subdivision,Population 2011"
9921,Name
9922,"Country,Distance (m)"
9923,Product
9925,Location
9926,Winner
9927,Names
9928,Order #
9929,"Pump type and source,35 °C (e.g. heated screed floor)"
9930,Pages
9931,"Pick,Team,Position"
9932,Area in km²
9933,Span
9934,Time
9935,Silver
9936,Record
9937,Event
9938,Coach
9939,Name
9940,Opponent
9941,"Date,Attendance"
9942,"Age,Years until mandatory retirement"
9943,Staying councillors
9944,"Event,Winner,Second"
9945,Yacht
9946,"Publisher,Title"
9948,Date
9949,"Community,Target date"
9950,Result(s)
9951,"Year,Title"
9952,"Height,Year"
9953,"Rider,Manufacturer"
9954,Name
9955,"TOPS design code,Electrical system"
9956,"Rider,Manufacturer"
9957,Competition
9958,"Place,Player"
9959,"Name,Number"
9960,"Opponent,Score"
9962,"Nation,#"
9963,"Nation,Total"
9964,"Year,Date"
9965,#
9967,Number
9968,"Name,Time"
9970,No.
9971,New points
9972,"Name,From,Until"
9973,"Team,Motorcycle"
9974,Metric Value
9975,Name
9976,"Lift Name,Year installed"
9977,"Première date,Title"
9978,"Name,Date"
9979,"Final Opponent,Score"
9980,"Number,Length (mi)"
9981,"Conference,Win %"
9982,"Event,Athlete(s)"
9983,"Name,Event"
9984,First Name
9985,"Candidate,Votes"
9986,Years
9987,"Nation,Bronze"
9988,"Country,Result"
9989,Pick #
9990,Founded
9992,Years Played
9993,"Year,Title"
9994,"Author,Title"
9995,"Year,Competition,Venue,Position,Notes"
9997,"City/Town/Village,Temple"
9998,"Athlete,Total"
9999,"Year,National Champion"
10000,"Nation,Silver"
10001,"Outcome,Score"
10002,"Network,Mobile Prefixes"
10003,Program
10004,1948
10005,"Seasons,Team,Ch.Wins"
10007,Separation (arcsec)
10008,Total
10009,Silver
10010,"Location,Destinations"
10011,"Name,construction year"
10012,"Rank,Nation"
10013,"Winner,Party.1"
10014,Tier
10015,"Event,Notes"
10016,Service
10017,Season
10018,Highest Seller
10019,Site
10020,Competition
10021,Result
10022,Speed
10024,"Member,First elected"
10025,Executions in persona
10026,"Name,max. depth in meter"
10027,"Township,Population"
10028,"Pick #,NFL Team"
10029,Population served
10030,Result
10031,Model
10032,Death year
10035,Opponents
10036,Winner
10037,Establishment
10038,"Church name,Community"
10039,"Ranking,Company,Revenue (USD billions)"
10040,Earthed
10041,Top scorer (League)
10042,"Date,Winner/Number of Stars"
10043,"Name,Description"
10044,Position
10045,"Dates,Official guests"
10046,Name
10047,First year in this position
10049,"Player,No."
10050,Puerto Villarroel Municipality
10051,"Date,Goalscorers"
10052,District
10053,"Year,Site,Winning team"
10054,Type
10055,"Year,Wins,Team(s)"
10056,Line
10057,"Took office,Left office"
10058,Gold
10060,"Code,District,Headquarters"
10061,First titular
10062,Year
10063,"Country,2009 Winter Universiade,2007 WJCC,2007 WWCC,2008 WJCC,2008 WWCC"
10064,"Season,Division"
10065,"Home city,Team"
10066,"Year,Hungarians,Roma"
10067,"#,Title,Version,Length"
10068,"Year,Winner,Breeder"
10069,Winner
10070,"Location,Destinations"
10071,"Rank,Player"
10072,"Year,5th Venue,6th Venue"
10073,"Date,Attendance"
10074,"Score,Competition"
10075,"Year,Location"
10076,"Tournament,Date"
10077,"Party,Percentage"
10078,"Date,Opponent"
10079,Wins
10081,"Region,Label"
10082,"Year,Result"
10083,Entered
10084,2006 attendance
10085,Coach
10086,"Election,Number of votes"
10087,"Team,Matches,Won"
10088,Runner-up
10089,"Status,Location,Reactor type"
10090,"Name,Date of Birth (Age)"
10091,"Year,Title"
10092,Label
10093,"Competition,Position"
10094,Laps
10095,Competition
10096,"Terminal,Operator"
10097,"State,Total no. of seats in Assembly"
10098,"Athlete,Country"
10099,Frequency
10100,"ISO/IEC Standard,Status"
10101,"Team 1,Team 2,2nd leg"
10102,Platforms
10103,"Year,Artist"
10104,"Club,Entered administration"
10105,"Stadium,Capacity"
10106,"Country,2005"
10107,"Birth date,Death date"
10110,Final score
10111,"Pick #,Player"
10112,"%,Votes"
10113,Team
10114,Driver
10115,Year
10116,1972– 1979
10117,"Date,Event"
10118,Location
10119,Format
10121,Winning Years
10122,"Height,Weight"
10123,Appearance
10124,Laps
10125,"Model,Released"
10127,Time
10128,Evening Gown
10129,Elevation (m)
10130,"Home team,Attendance"
10131,Details
10132,"Year,Title,Role,Notes"
10133,Record label
10135,Name
10137,"Position,Player"
10139,Record
10140,Album
10141,Fate
10142,Player
10143,Prime Minister
10144,Sub­divisions
10145,"Attendance,Opponent"
10146,"Time,Note"
10147,"Year,Event"
10148,"Runner-up,Year"
10149,Network
10150,Flag bearer
10151,Size
10152,Player
10153,"Event,Notes"
10154,Country
10155,"Winner,Opponent"
10156,"Year,Name,Birth Date"
10157,"Flag bearer,Season"
10158,Honour/Award Title
10159,"District,Land area (km²),Population (2010 census),Density (persons/km²)"
10160,Episodes
10161,"Nationality,Player,College/Junior/Club Team (League)"
10162,"Whitworth size (in),Threads per inch"
10163,"Place,Player"
10164,"Week,Result"
10165,UCI World Tour Points
10166,"Tribunal,Executions in persona,Executions in effigie"
10167,Opponent
10168,Result
10169,"Season,Club"
10170,Date
10171,"Region/Country,Total"
10172,School
10173,Year
10174,"Pick #,CFL Team"
10175,"Outcome,Tournament"
10176,"Player,Total"
10177,Year
10179,"Place,Player"
10180,"Cyclist,Reason"
10181,"Visitor,Score"
10182,Apparent Magnitude
10183,"Team,Points"
10184,"Name,EGOT completed"
10185,"Rider,Manufacturer,Points"
10186,Name
10187,"Nation,Bronze"
10188,Result
10189,"Year,Round,Against,Scorers"
10190,"Basic elements,Tumbling,Stunts,Tosses,Pyramids"
10192,Team
10193,Code name
10194,Tier
10195,Rider
10196,"Origin,Destination"
10197,Model
10198,Area (km²)
10199,Slogan
10200,Females
10202,"No.,Term of Office"
10203,TV
10204,"Score,Result"
10205,"Party,Candidate"
10206,"Year,Role"
10207,Film Title
10209,"Winners,Year"
10211,Comment
10212,Winnings
10213,Fate
10214,"Marker name,Location"
10215,City
10216,"Name,Population (2005)"
10217,"Year,City,Country"
10219,"Position,Player"
10220,"Year,Title"
10221,Club
10222,"Year,Competition"
10223,Make
10224,"Month,Day,Visitor,Score,Home,Score.1"
10225,Year(s)
10226,Train Name
10227,"Athlete,Time"
10228,"UNRSGN,Comment"
10229,"Date listed,Summary"
10230,Power rating
10231,"Season,Place"
10232,"Year,Venue"
10233,Location
10234,"Name,Year"
10235,"Nationality,Notes"
10236,2000
10237,Première date
10240,Season
10241,Venue
10242,"Name,Nationality"
10243,Venue
10244,"Name,Office started,Office ended"
10245,"Finalist,Age"
10246,"Protein,Natural Host"
10247,"Population,Language"
10248,"Year,Album"
10249,"Opponent,Score"
10250,"Name,Total"
10251,"State,Last execution date"
10252,Location
10253,Score
10256,"Year,Men's winner"
10257,Regular Season
10258,Result
10259,"Name,max. depth in meter"
10260,"Type,Max Speed (km/h)"
10261,Incumbent
10262,"Truck(s),Driver(s)"
10263,#FIDE
10264,"Score,2008,2013"
10265,Name
10266,Bowling center
10267,"Year,Role"
10268,"Score,Opponent"
10269,Competition
10270,"Name (Birth–Death),Monarch"
10271,Chivas
10272,Record
10273,"Pick,Position"
10274,"Season,Apps"
10275,Total time in office
10276,Women's Team
10277,Helipads
10278,"Group,Members,Caucusing"
10279,Date
10280,"Rider,Pos"
10281,"School Year,Class A"
10282,Year completed
10283,"Rider,Points"
10284,Outcome
10285,"School Name,Establishment"
10286,Bit rate
10288,"Place,Date"
10289,"Tie no,Attendance"
10290,"Train,Comments"
10291,"#,Date"
10292,Gender
10293,Winner
10294,"Preliminary Rank,Final Rank"
10295,First section opened
10296,"Season,Driver,Points"
10297,"Prev. points,Date"
10298,"Pick,Player"
10299,Opponent
10300,Date
10301,Competition
10302,Play-by-play
10303,"Year,Vote %"
10304,Dance
10305,Result
10306,World Record
10307,Player
10308,"Driver,Co-driver,Points"
10309,"Air Date,Viewers (m)"
10310,Top speed
10311,Athlete
10312,"Year,Independent / Other"
10314,Ch.Wins
10315,"Year,Maps"
10316,Winner
10317,Date
10318,"Year,Position"
10319,Class
10320,Municipality
10321,"Year,Award,Result"
10322,Status
10323,Opponent
10324,"Player,Money ($)"
10325,"Type,Power [W],Input range [V]"
10327,Winners
10328,"Name of President,Year of Presidency"
10329,"Serial Name,Role"
10330,"Year,Competition"
10331,Location
10332,"Season,Position"
10333,"Year,Tournament"
10334,"Date,Score"
10335,Country
10336,Date
10337,FBS Opponent
10338,"Role,Title"
10340,"Winner,Party Affiliation"
10341,"Department,Total Deputies"
10342,Competition
10343,"Sheriff.2,Start of term.2"
10344,"Floors,Name"
10345,"Denomination,2011"
10346,Opponent
10347,"Rank,Athlete"
10348,"Date,Competition"
10349,"Employer,# of Employees"
10350,"Date of Death,Year"
10351,"Year inducted,Goals"
10352,"Song choice,Result"
10353,Laps
10354,"#,Name (Birth–Death)"
10355,"Nation,Total"
10356,"2014,2013,2012,2010,2009,2008,2007,2006,2005,2004,2003,2002"
10357,Number
10358,Kerry
10359,Wager
10360,"Place,Team"
10362,Location
10363,Enrollment
10364,km
10365,Game
10367,"Team 1,Team 2"
10369,Face Value
10370,"Player,Withdrew due to"
10371,"Mine,Dates"
10372,"Year,Australian Open"
10373,"Selection,Position"
10374,"Year,Output Growth Rate %"
10375,Result
10376,"Year,Earnings (US$)"
10378,Winner
10379,"Title,Notes"
10381,Family name (in bold) and personal name
10382,Competition
10383,"Flight,Date"
10384,Rank
10385,Mobile Prefixes
10386,Country
10387,Name
10388,"Location,Game"
10389,Weight (lbs.)
10391,"District,Counties Represented"
10392,Notes
10394,"City,Surface (km²)"
10395,Weight
10396,Points
10397,No. in season
10398,Birthday
10399,First Duma
10400,Second
10401,Score
10402,Country
10403,#
10404,"Year,Finishers"
10405,"Result,Opponent"
10406,Area Acres
10407,"Competition,Event,Notes"
10408,Year installed
10409,"Finalists,Average"
10410,Members
10411,"Whitworth size (in),Threads per inch"
10412,Name on the Register
10413,"Date,Film"
10414,"Name,Party"
10415,"Name,Population (2002 census)"
10416,Product
10417,"Date,Opponent,Result"
10418,"Ship Name,Status"
10420,"Driver,Time/Retired"
10421,Total
10422,Note
10423,"Nation,Total"
10424,"Name,Time"
10425,"Rank,Representative"
10426,College
10428,"Rd.,Pole Position"
10429,#
10430,Year
10431,Weight
10432,"Pos,Driver"
10433,"Position,Artist"
10434,"Position,Competition"
10435,"Start,Penalties (P+P+S+S)"
10436,Language
10437,"Date,Name"
10438,"Round,Pick,Team"
10439,Result
10441,"Home stadium,Club"
10442,"Name,Type"
10443,Casualties
10444,"Nation,Silver"
10445,Name
10446,"Average population (x 1000),Unnamed: 0"
10447,Took office
10448,"Season,Place"
10449,"Year,Regular Season"
10450,"Nationality,Tonnage (GRT)"
10451,"Name,Term began,Term ended"
10452,"Competition,Venue,Position"
10453,Ethnicity
10454,"No.,Title (Latin)"
10455,"Year of election,% of popular vote"
10456,Duration of follow-up years
10457,"Home team,Away team"
10458,"Team,Drivers,Laps"
10459,"Titles,Runners-up"
10460,Site
10461,"Year,Competition,Position"
10462,"Community,Airport name"
10463,Score
10464,First elected
10465,"School,Enrollment (2010-11 & 2011–12),Football class"
10466,Position
10467,Total
10469,Position
10470,Won
10471,Opponent
10472,"Result,Competition"
10473,"Opponent,Result"
10474,"Year,Role"
10475,"Opponent,% Won Overall"
10476,Age
10477,"Place,Player"
10478,"Enrollment,Institution"
10479,"Bronze,Event"
10480,"Win,Matches"
10481,"Seat,Member"
10482,"Winner,Year"
10484,Location
10485,"Driver,Make"
10486,"Year,Regular Season"
10487,Date
10489,"Name,Nationality"
10490,"Nation,Bronze"
10492,"Secretary of State,Prime Minister"
10493,Race
10494,"Role,Year"
10495,"Date,Attendance"
10496,"Year,Bronze,Silver"
10498,Established
10500,"Completed,Year of listing & ref(s)"
10501,margin
10502,"Opponent,Result"
10503,"Candidates elected,Year of election"
10504,Title
10505,"Took office,Left office"
10506,Runs
10507,"Year,Film"
10508,"Density (Persons per km2),District"
10509,Result
10510,Opponents
10511,"Name,Birth Date/Age at start of campaign"
10512,Span
10513,"Year,Champion.1,Runner-Up.1"
10515,"Nation,Gold,Silver,Bronze"
10516,"Visitor,Home"
10517,"Artist(s),1978 album,2002 album"
10518,Winning Team
10519,Withdrew due to
10521,Election year
10522,Years in NBA
10523,Site
10524,"Tenure,Coach"
10525,"Athlete(s),Date,Time (s)"
10526,City
10527,"Took office,Left office"
10528,Year
10529,"Year,Charleston Southern's Head Coach"
10530,"Rank,Nation"
10531,Notes
10532,"Year,Kickoff Attempts"
10533,Affiliation
10534,Date
10535,Release date
10536,Counties
10539,"Year,Network"
10540,Height (m)
10541,Winner
10542,Language
10543,"Nation,Time"
10544,Record
10545,Time
10547,Minutes played
10548,"Feinstein,County"
10549,"No,Driver"
10550,"Height m (ft),Country,Completed"
10551,Time
10552,Term as a Deputy Judge
10553,Score
10554,"Date,Attendance"
10555,Silver
10556,"YEAR,FILM"
10557,"Year,Reserves (Rex Hartley Medal)"
10558,District(s)
10559,Rahm Emanuel
10560,Opened
10561,"Brand,Therapeutic area"
10562,"English title,Japanese"
10563,"Year,Vote %"
10565,Cahokia Phases
10566,"Album,Release Date"
10567,"Total apps,Total goals"
10568,Wine
10569,"Rank,Name"
10570,"Year,Edition"
10571,"Name,First operational"
10572,"Team,GF,GA,GD,Pts."
10573,"Location,Notes"
10574,"Episode title,Romanized title,Translation of title"
10575,"Title,Year"
10576,"Released,Video title"
10577,"Score,2007,2008,2009,2010,2011,2012,2013"
10578,"Title,Year"
10579,Establishment
10580,"Name,Date"
10581,Platform
10582,"Location,Date"
10583,Winning Driver
10584,Silver
10585,"Elevation,Peak Name"
10586,"Draw,Team"
10587,In Service
10588,Years
10589,Dub No.
10590,"Pos,Driver"
10591,Votes
10592,Date of vacancy
10593,"Position,Competition"
10594,First served
10595,Points
10596,Club
10598,"Champions,Runners-up,Semifinalists,Quarterfinalists"
10599,World Performance Car
10600,"Name,Population (2005)"
10601,"Rank,Nationality"
10602,Venue
10603,Transfer fee (€ million)
10604,"Title,Release"
10605,"City,Name"
10606,College
10608,Country
10609,"Opened,Closed"
10610,"Division,Position"
10611,"Year,Competition,Event"
10612,Date
10613,Conference
10616,Conf (Overall)
10617,"Name,Notable as"
10619,"State,Last execution date"
10620,"Election year,# of party list votes"
10621,"Candidate,Votes"
10622,"District,Area Size (km²)"
10623,"Edition,Year,Men's winner"
10624,Post Season Won
10625,Country
10626,"Year,Result"
10627,Position
10629,"Location,Description"
10630,"Assists Per Game,Points Per Game"
10631,"Event,Notes"
10632,"State,Judge"
10633,"Year,Tied"
10634,Advocate
10635,"GD,Team"
10636,"Religious group,Literacy (%)"
10638,"km,Intersecting road"
10639,Winner
10640,"Name,Notes"
10641,"Country,Rank"
10642,"Runners-up,Team"
10643,"Name,Nationality"
10644,"Name,Nationality"
10645,"Circuit,Screens"
10646,"Year.2,Position.2"
10647,Opponent
10648,Scorers
10649,"City,Passengers"
10650,Class
10651,"Wins,Losses,Ties"
10652,"City,Passengers"
10653,Label
10654,City
10655,City
10656,Score
10657,"Party,Result"
10658,Land area km² (sq mi)
10659,Regular Season
10660,"Year,Silver"
10661,"Country,Top representation level"
10662,Construction Time
10663,"Athlete,Time"
10664,"Format,Catalog"
10666,"Nation,Total"
10667,Date
10668,"Venue,Opponent"
10669,"Rank,Nation,Total"
10670,"Sport,Gold"
10671,"Film,Notes"
10672,"Team,Average"
10673,"Nation,Bronze"
10674,Season
10676,"Championship,Outcome"
10677,Length
10678,"Province,Municipalities"
10679,"Competition,Position"
10680,"First issued,Serials issued"
10681,"Year,Winners"
10682,Age
10683,"Athlete,Date,Meet,Place"
10684,"Player,Career"
10685,"Season,Races"
10686,"Live births,Deaths"
10687,Location
10688,"Winner,Location"
10689,Result
10690,Published
10691,Gold
10692,"Year,Fumble Recoveries"
10693,Date
10695,"Name,Goals scored"
10696,Player
10697,"Year,Role"
10698,Venue
10699,Team
10700,"Competition,Venue"
10701,"Place,Player"
10702,"Year,Name"
10703,Floors
10704,"Name,Party,Took Office"
10705,National park
10706,Season
10707,"Won,Drawn,Lost,Difference,Points"
10709,"length of the presidential action,notes"
10711,"Year,Competition"
10712,"Competition,Position"
10714,First ascent
10715,"units,Property"
10716,Withdrew due to
10717,"Rank,Country/Territory"
10718,"Nation,Total"
10719,Listing date
10720,"Contestant,Age"
10721,"Percentage of lead shot in 30-inch circle at 40 yards,Identification (Notches)"
10722,"Place,Season"
10723,"Competition,Position"
10724,TV Time
10725,"Code,Year"
10727,"Club,League Goals"
10728,"Name,Season"
10729,Hardness (Mohs' scale)
10730,Production
10731,"Name,Nationality"
10732,Silver
10733,"Rank,Nation"
10734,Artist
10735,Chart positions
10736,"Player,Free agency tag"
10737,"Season,Points"
10738,Elevation
10739,"Rank,Nation"
10740,Max. Players
10741,Seats
10743,"Driver,Time/Retired"
10744,Silver
10745,Consoles
10746,"Song,Artist(s)"
10747,Aggregate
10748,"Building,Floors"
10749,"Date,Result"
10750,Venue
10751,"Score,Record"
10752,Administrative area
10753,"Name,Date of birth"
10754,"Name,Formed"
10755,Population
10756,Place
10757,"City of license,Callsign"
10758,Year
10761,Club
10763,"Player,School"
10764,Year Identified
10765,"Position,Driver"
10766,Away team
10767,Score
10768,Year
10769,Building Status
10770,Area Hectares
10771,Location
10772,"Main author,Actuarial freedom from infective endocarditis"
10774,"Year,3rd place"
10775,Operation
10776,"Date,Attendance"
10777,"Date,Championship"
10778,Sales
10780,"Party,Date of death"
10781,"Rank,Circuit"
10782,"Tier,Division,Pos.,Notes"
10784,Points
10785,"Truck(s),Driver(s)"
10786,Result
10787,"Beginning of service,End of service"
10789,Constellation
10790,Tower height in meters (ft)
10791,Points
10792,"Qld Cup Premierships,Team"
10794,Season
10796,Face Value
10797,Year
10798,"Winner,Team"
10799,"Place,Total"
10800,"Player,Team"
10801,"Ecclesiastical Jurisdictions,Area (km2)"
10802,Position
10803,Time
10804,"Name,First elected"
10805,"Gold,Silver"
10806,"Name,Death"
10807,"Pitcher,Location"
10808,Opposition
10809,€0.50
10810,"1993,1996,1999,2007,2011,2015"
10811,Winning Party
10812,"Name,Years as tallest"
10813,"Career,Date No. Retired"
10814,State
10815,FA Cup
10817,"Publication,Score"
10818,"Year,Winner"
10819,"Year,Regular Season"
10821,Occupation
10822,"Position,#"
10823,Date
10824,"Number/name,Year"
10825,"Nation,Bronze"
10827,"Player,Transferred to"
10828,"Round,Round.1"
10829,"Rank,Belt Alternate 1,Belt Alternate 2,Belt Alternate 3,Belt Alternate 4"
10830,"Score,Score.1"
10831,First issued
10832,"Rank,Nation"
10833,Score
10834,Age
10835,"Tumbling,Stunts,Tosses,Pyramids,Deductions,Total score"
10836,"Height,State"
10837,Nation
10838,"Year,Finish"
10839,Opponents
10840,Date of appointment
10841,"Rank,Name"
10842,"Pos,Class"
10843,"Country,Finals Total"
10844,"Year,Role,Notes"
10845,Establishment
10847,"Director,Cast,Release date"
10848,"Year,Gold"
10849,"Year,Laps"
10850,Interception Return Yards
10851,Party
10852,"Region,Date,Format"
10853,"Population (2010 Census),Area (km²)"
10854,"Term as a Deputy Judge,Reason for termination"
10855,"Act,# Albums released under Bad Boy"
10856,"Winner,Season"
10857,"School Name,Establishment"
10858,Venue
10860,Current magnitude
10861,Population
10862,#
10863,"Men,Sport"
10864,"Took Office,Left Office"
10865,"Rank,Swimmer"
10866,Date
10867,Attendance
10868,"State,Name"
10869,Result
10870,Venue
10871,District
10872,"Opponent,Round"
10873,Member
10874,"Date of Death,Name"
10875,"Rank,Athlete"
10876,"Film,Gross"
10877,Race Name
10878,"Hospital,City,County,Type of Hospital"
10879,World Green Car
10880,Club
10881,Competition
10882,"Film,Details"
10883,"Date,Opponent"
10885,Housemates
10886,"Pos.,Driver"
10887,Date
10888,"Rank,Name"
10889,"Coach,Ties"
10890,"Paralympic,Sport.4"
10891,"Album#,Label"
10892,"Year,Title"
10893,"National Team,First worn"
10894,"Album,Peak US"
10896,Nationality
10899,"Date,Competition"
10901,"Treaty,Ratified"
10902,Score
10903,"County,Total"
10904,Points
10905,Founded
10906,Population
10907,First issued
10908,"Opponent,Crowd"
10909,"Points,New points"
10910,"Entered service,Withdrawn"
10911,"Rank,Name"
10912,Projected increase 2009–2025
10913,Reason for termination
10914,Country
10915,Monasteries
10916,"Name,type"
10917,"Courthouse,City"
10919,"Club,Aggregate"
10920,Location
10921,"Candidate,Votes"
10922,Host / Location
10923,"Level,Season"
10924,Date
10925,"Captain,Sunk by"
10926,"Model,Barrel"
10927,"Party,Seat"
10928,Points
10930,Points
10931,Attendance
10932,Appearances
10933,Bit rate
10934,Coach
10935,Team
10936,Result
10937,Year
10938,"Date,Opponent in the final,Score in the final"
10940,"%,Votes"
10941,"Year,Year.1,Year.2"
10942,"Party/Electoral Alliance,Seats"
10943,"Year,Round"
10944,"Rank,Country"
10945,"Stage,Cyclist"
10946,Tyre
10947,"Tournament,Host country"
10948,Wrestler
10949,Gauge
10950,"Nationality,Matches played"
10951,"Party,Leader"
10952,"Film,Worldwide Gross"
10953,Place
10954,"Matches,Innings"
10955,Model
10956,"Name,Current Location"
10957,Name
10958,Participants
10959,"Player,Year"
10960,Gold
10961,No. of villages
10962,Establishment
10963,Wrestler
10964,"Medal,Name"
10965,Bronze
10966,"Swimsuit,Interview,Evening Gown"
10967,"Nation,Total"
10968,"Rank,Athlete"
10969,"Date,Film"
10970,"Conference,Win %"
10971,"Rank,Athlete"
10972,"Year,Competition,Venue"
10973,"Position,Competition,Venue"
10974,"Date,Pts"
10975,Floors
10977,"Previous council,New council"
10978,Location
10979,"Nation,Bronze"
10980,"Name,Until"
10981,Penanced
10982,Name
10983,"Name,Birth date"
10984,Race Name
10985,"Victim(s),Type of attack"
10986,"Date,Attendance"
10987,"Location,Output (MW AC)"
10988,"Rank,Name,Nationality"
10989,Appearances
10990,Competition
10991,"Rank,Name"
10992,Silver
10993,Result
10994,Opponent
10996,"Service,Notes"
10997,Relative cost
10998,"Year,Title"
10999,"Number,League Two"
11000,Opponent
11001,"Year,Award,Result"
11002,"Home,Opponent"
11003,Show
11004,"Service,Description"
11005,"Polarised,Europlug Compatible"
11006,"Nation,Bronze"
11007,Σ Points
11008,Casualties
11009,"Nationality,Time"
11010,Score
11011,Team
11012,Competition
11013,"Name,Nationality"
11014,Runs
11015,"Name,Reign"
11016,Score
11017,Pos.
11018,Player
11019,"Poll source,Sample size"
11020,"Name,Distance"
11021,"Player,Nationality"
11022,Trial Number
11023,"Cyclist,UCI World Tour Points"
11024,Poll company
11025,Driver
11026,Name
11027,Result
11028,"Nationality,Name"
11029,"Label,Region"
11030,Seasons
11031,"No.,Term of Office"
11032,Venue
11033,"Athlete,Total"
11034,"Hospital,City,County,# Beds"
11035,"Crown Entities,Empowering Legislation"
11036,"Party,Name"
11037,Player
11038,"Season,Place"
11039,"Crystal Bicycle (Best Professional Cyclist),Best Young Rider"
11040,Lower Yazoo Dates
11041,"Opponent,Attendance"
11042,Name
11043,"College,Conf."
11044,"Home team,Score,Away team"
11045,"Frequency,Callsign"
11046,Nationality
11047,Introduced
11049,"Driver,Co-driver,Car"
11050,"Rank,Nation"
11051,Points
11052,Date
11053,"Star,Distance at maximum (LY)"
11054,"Driver,Constructor"
11056,Main Presenter
11057,Away team
11058,"Player,College"
11059,"Year,Number of contestants"
11060,Elevation
11061,"Wrestlers,Days held"
11062,"Name,Nationality"
11063,Gross Capacity (MWe)
11064,"Urban Area,Population (2001 Census)"
11065,Position
11066,Laps
11067,"Rank,Nation"
11068,notes
11069,Player
11070,Rugby League Debut
11071,Venue
11072,Most Recent Position Angle
11073,"Date,Attendance"
11074,"Player,Total"
11075,"Feinstein,County"
11076,Name
11077,Capacity
11078,"Result,Home team"
11079,Party
11080,"Year,No. of Athletes"
11082,Season
11083,"Pos.,Driver"
11084,"Party,Leader"
11085,"Name,CFU Club Championship"
11086,"Stadium,Capacity"
11087,"Gold,Silver,Bronze,Total"
11088,"Year,Film"
11089,"Design,Notes"
11090,Destination
11092,Honour/Award Title
11093,"Team,Location"
11094,Fee
11095,"Country,Points"
11096,Total
11097,"Artist,Title"
11098,Mission result
11099,Player
11100,"#,Wrestlers"
11101,Avg. Finish
11102,Date
11103,League Cup
11104,"Pos,Driver,Team"
11105,Area (sq miles)
11106,Obama
11107,Film
11109,"Pos,Driver"
11110,"Sum,Population (2008),Population (2009)"
11112,Name
11113,Circuit
11114,"Reign,Days held"
11115,Wager
11117,Name
11118,Surface
11119,"Athlete,Event,Total Rank"
11120,"Year,Film"
11121,Surface
11123,"Tournament,Runner(s)-up"
11124,"Title,Year"
11125,"Result,FBS Opponent,Opponent's Head Coach"
11126,"Competition,Position"
11127,Color
11128,"Round,Pick,Player"
11129,"Score,Score.1,Year"
11130,Year
11131,"Latitude,Longitude"
11132,Natural change
11133,"Airline,Destination(s)"
11134,"Rank,City"
11135,Constructor
11136,"Año,Title"
11137,"Nation,Bronze"
11138,"Winner,Team"
11139,"Region,Final Opponent"
11140,Genre
11141,"Name,Nationality"
11142,"Performer,Air Date"
11143,Result
11144,Attendance
11145,"Candidate,Votes"
11146,"Driver,Laps"
11147,"Player,Year"
11148,"Player,Avg."
11149,City of License
11150,Competition
11151,"Driver,Winnings"
11152,Winning Driver
11153,Political Rights
11154,"Country,Place"
11155,Drivers
11156,"Year,Title"
11157,"Area Ha,Area Acres"
11158,"Race name,Time"
11159,"Length [km],Confluence [by Lahn-km],Mouth elevation [m above MSL]"
11160,"Year,Competition,Venue"
11161,Population
11162,Status
11163,Elevation m
11164,"County,Total"
11165,"Name,Residence"
11166,"Year,Host"
11167,"City,Time"
11168,"Rank,Nation"
11169,"Ordered,Name"
11170,"Year,Score"
11171,"Film,Language"
11173,Season
11174,"Wrestlers,Date"
11175,Employees
11176,Name
11177,"Manager,Team"
11178,"Gold,Report"
11179,National park
11180,Thermal Cond.
11181,"Medal,Name"
11182,Member
11183,Years in NBA
11184,"Location,Name of mill and grid reference"
11185,"1995,2004,2005,2006,2007"
11186,Opponent
11187,"Location,Details"
11188,"Stadium,Seated"
11189,"Pos.,Driver"
11190,"Name,Location,# of prisoners designed for"
11191,"Driver,Grid"
11192,"Date,Song choice"
11193,Silver
11194,"Pick #,Player"
11195,Name
11196,Opponent
11197,Building
11199,"Urban Area,Population (2001 Census)"
11200,"From,Till"
11204,Introduced
11205,"Championship,Opponent in the final"
11207,"Director,Title"
11208,Song title
11209,"Name,Birth Date"
11210,Loss
11212,"Election,Seats in the parliament"
11213,"Place,Total"
11214,"Year,Position"
11215,Pos.
11216,"Year,Category,Nominated work"
11217,US Open
11218,City
11219,"Points,Wins"
11220,Date
11221,Name of place
11222,"Year,Competition,Position"
11223,Women
11224,"Athlete,Rank"
11225,"Rank,Film"
11226,Winner
11227,"Winner,Most Leading Laps"
11228,Score
11229,Attendance
11231,Starters
11232,"Loser,Winner"
11233,"Gold,Silver"
11234,Winner
11235,Years Played
11236,Completed
11237,"Player,Transfer fee (€ million)"
11238,"Name,Number,Country of Origin"
11239,"Ethnicity,Islam"
11240,"Year,Game of the Year"
11241,"Artist,Highest Position"
11242,Points
11243,"Play-by-play,Color commentator(s)"
11244,Pos
11245,"Name,Height"
11246,Length
11248,"Date,Opponents,Result,Score"
11249,"Medal,Sport"
11250,"Dates,Location"
11251,Nation
11253,Most Recent Position Angle
11254,"Year,Title"
11256,Rank
11257,"Location,Date"
11258,Member
11259,# of votes
11260,Location
11261,"Year,Regular Season"
11262,Members
11263,"Year,Film"
11264,Points
11265,Rider
11266,"Title,Album"
11267,Enrollment
11268,"Score,Victor"
11269,"Winner,Date"
11270,"Nation,Total"
11272,"Title,Termination of Mission,Appointed by"
11273,Wins
11275,"Bronze,Nation"
11276,"Format,Licensee"
11278,Laps
11279,"Nation,Gold"
11280,"Position,Position.1,Position.2"
11281,"Year,Player"
11282,Date Of Birth
11283,"Serial Name,Role"
11284,Name of place
11286,"Year,Award"
11287,"Rank,Nation"
11288,"Year,Images"
11289,Player
11290,"Class,Type"
11291,Site
11293,"Year,Driver"
11294,Opposition
11296,Name
11297,"Township,Water area (mi²)"
11298,Champion
11299,Sample size
11300,"Introduced,Reintroduced"
11302,"Year,ATP wins"
11303,"Rank,Athlete,Notes"
11304,Length
11306,"Place,Team"
11307,Result
11308,Built
11309,"Season,Matches"
11310,Sport
11311,"Player,College"
11312,Author
11313,Result
11314,"Name,Nationality,Notes"
11315,"Athlete,Nation"
11316,"2000,2001,2002,2003,2004,2005,2006,2007,2008,2009,2010,2011,2012"
11317,Position
11318,"Opponent,Year"
11319,Community
11320,Hakka pinjim
11321,Stadium
11322,"Year,Event"
11323,Result
11324,"Role,Year"
11325,"Name,From,Till"
11326,"Mountain Peak,Mountain Range"
11327,Elevation (m)
11328,Competition
11329,"Year,Venue.1,Latin Result"
11330,"Year,City,No. of Events"
11331,"Film,Weekend End Date"
11332,"Name,Death"
11333,"Title,Material,Location/GPS Coordinates"
11335,"Title,TPB page number"
11336,"Date,Opponent"
11337,Position
11339,"Nation,Silver"
11340,"Year,Playoffs"
11341,Race
11342,School
11343,Sacks
11344,"Definition,Channel"
11345,"Year,Show"
11346,Name
11348,"Builder,Date"
11350,"Name,Height ft (m)"
11351,"Athlete,Nationality"
11352,"Date,Name"
11353,"Year,President"
11354,Team
11355,First elected
11357,"Margin of victory,Tournament"
11358,Show
11359,"Stamp issue date,Qty. Issued"
11360,"Entrant,Driver"
11362,"Name,Took office"
11363,"Contestant,Height"
11364,"Year,Winners,Runner-up"
11365,Ideology
11366,Ship
11367,# Albums released under Bad Boy
11368,"Born,Died"
11369,Date
11370,Gross
11371,Song
11372,"Company (country),2009 arms sales (US$ m.)"
11373,Collected material
11374,Location
11375,"Opponent,Date"
11376,"Network name,Programming type"
11377,"Name,Weight (lbs.)"
11378,Founded
11379,"Loss,Constituency"
11380,Position
11381,"Enrollment,Institution"
11382,County
11383,City/Municipality
11384,"Ages attained (years),Protestant and other Christian"
11385,Population
11386,Result
11387,Rnd
11388,"Year,Position"
11389,"Nation,Total"
11390,Language
11391,"Pos,Points"
11392,"First Name,Surname"
11393,Winning Driver
11394,"Major Third,Perfect Fifth,Minor Seventh"
11395,"Nation,Gold"
11397,"Driver,Entrant"
11398,Place
11399,"Rider,Points"
11400,"Bronze,Nation"
11401,"1952– 1960,1961– 1971,1972– 1979,1980– 1989,1990– 2001,2002– 2010,2011– 2013,Total"
11402,"Nation,Total"
11403,Name in English
11404,Last Title
11405,"Year,Team,Punt Return Attempts,Punt Return Yards,Longest Punt Return"
11406,Date
11407,Qld Cup Premierships
11408,"Pick,Player"
11409,"Network name,Owner"
11410,Birthplace
11411,"Species,Height"
11412,"Date,Competition,Scored"
11413,"Rank,Finish"
11414,"name,goals"
11415,Gender
11416,"Class,Note"
11417,name
11418,Mag.
11419,Driver
11421,1948
11422,"Date,Result"
11423,"Year,Playoffs"
11424,Church name
11425,"Winner,Jockey"
11426,Club
11427,"Opponent,Date"
11428,"Date,Result"
11430,Speed
11431,"Rank,Athlete,Time"
11432,"Year,Event"
11433,Pick #
11434,"Women's winner,Time.1"
11436,"Pos.,Driver,Time"
11437,"Year,Position"
11438,"Opponent,Date"
11439,"Championship,Surface"
11440,Team
11442,"Year,Car"
11443,"Season,Opponent"
11444,"Party,Active Voters"
11445,"Team 1,Team 2"
11446,"Stadium,Capacity"
11447,"Driver,Date"
11448,"Opponent,Score"
11449,"Rank,Team"
11450,Title
11451,Year
11452,Length
11453,Total
11454,"Date,Attendance"
11455,Licence*
11456,"Player,Nationality"
11457,"Title,Year"
11459,"Opponent,Top scorer (Total points)"
11460,Opponent
11461,"Year,Democratic Party,Majority"
11462,"Tenure,Coach"
11463,Fillrate MPixels/s
11465,Peak
11466,"Season,Place"
11467,Points
11468,Appointed by
11469,"No.,Partner"
11470,"Name,Nationality"
11472,Seats Won
11473,"Nation,Time"
11474,"Rank,Name"
11475,Majority
11476,Time
11478,Name
11479,Organisation
11480,Circuit
11481,Round
11482,"Title,Time"
11483,"Pos,Points"
11484,Competition
11485,"Year,Event"
11486,"MLB season,League"
11487,Points for
11488,"Club,Name,Until"
11489,"Name,Position"
11490,Margin of victory
11491,"Single title,German Charts,Irish Charts"
11492,"Athlete,Time"
11493,"Artist,Title,Format"
11494,Score
11496,"District,Land area (km²),Population (2010 census)"
11497,"Position,Event"
11498,"Competition,Year"
11499,"Name,Distance"
11500,"Position,Year"
11501,No. of elected
11502,"Place,Athlete"
11503,"Call sign,City of License"
11504,"Name,Date of birth"
11505,"Date,Opponent"
11506,"Device,Interface"
11507,"Club,Goals for,Goals against"
11508,"Device,Type,IOPS"
11509,Elevation m
11510,Album / Name
11512,"Year,Player"
11513,"Rank,Name"
11514,"Pick #,Position"
11515,"Location,Destinations"
11516,"Division Two,Season"
11517,TD's
11518,"Year,Title"
11519,"Tournament,1st prize ($)"
11520,"Year,Assisted Tackles"
11521,Slogan
11522,Sub­divisions
11523,Result
11525,"Location,Attendance"
11526,"Composer,Date"
11527,Champion
11528,Livery
11530,Player
11531,"Name of place,Principal county"
11532,"Part,Latest amendment"
11533,"Format,Release date"
11534,Division
11535,"Team #1,Team #2,1st leg"
11536,Opponent team
11537,"Total,Silver"
11538,# Beds
11539,"City,Arena"
11540,"Venue,Position,Event,Notes"
11541,"Winner,Loser"
11542,Party
11543,"Year,Title"
11544,Venue
11545,Venue
11546,"Date,Race name"
11547,"Rank,Name"
11548,"Election Year,Name of M.L.A."
11549,Place
11550,COMMENCED OPERATIONS
11551,Original air date
11552,Season
11553,"Date,Attendance"
11554,"Role,English Title"
11555,Ideology
11556,County.1
11557,Publisher
11558,5 Hoops
11559,Title (Latin)
11560,"Date,Film"
11561,"Album,Label"
11562,Silver
11563,"Year,Position"
11564,"Model,Origin"
11565,"Opponent,Venue"
11566,"Publication,Score"
11567,"Prion State,Year Identified"
11568,Time/Retired
11569,"Total,Athlete"
11570,"Obama#,McCain#,Total"
11572,"Obama#,McCain#"
11573,Temple name
11574,Gold
11575,Devanagari
11576,First issued
11577,Date
11578,Competition
11579,"Driver,Co-driver"
11580,"Season,Network"
11581,"Season,Position"
11582,Date
11583,"Date,Competition"
11584,"Artist,Release"
11585,"District,Land area (km²),Population (2010 census)"
11587,"Opponent,Date"
11588,Years participated
11589,Result
11591,"Founded,Club"
11592,"Took office,Left office"
11593,"Date,Score,Score.1"
11594,"Name,Weight"
11596,"Result,Position"
11597,Circuit
11599,Swimsuit
11600,"Country,Total GDP (nominal) (billion US$)"
11601,Result
11602,Ratings
11603,"Bridge name,Total length"
11604,"Name,County"
11605,"Poll source,Andrew Cuomo (D)"
11606,"Country,Name"
11607,Time
11608,"Year,Title"
11609,Record
11610,Date
11612,2011
11613,Year
11614,"Video title,Company"
11615,Pinyin
11616,"Stamp issue date,Stamp set"
11617,"Network,Notes"
11618,Maximum baseline (m)
11619,"Team #1,Team #2,1st match"
11620,"Name,President served under"
11621,"Name,Lifetime"
11622,"Works Number,Gauge"
11623,"Title,Release"
11624,"Name,Years in NBA"
11625,Result
11626,"Pos,Rider"
11627,"Award Ceremony,Result"
11628,"Player,Win %"
11629,"Date,Attendance"
11630,"Opening date.1,Closing date.1"
11631,Took Office
11632,Sub­divisions
11633,"Number,Year built"
11634,"Year,Notes"
11635,Men's winner
11636,"Pos,Team"
11638,Date
11639,"Rider,Manufacturer"
11640,Competition
11641,Pennant
11642,"Pick #,Player"
11643,Year of listing & ref(s)
11644,"Gold,Location,Date"
11645,"Title,Year"
11646,"Mineral,Opened"
11647,"Score,Date"
11648,"Population,Population density /km² (/sq mi)"
11649,Losses
11650,"Performer,Appearance"
11651,"Rank,Athlete"
11652,feet
11653,"Visitor,Home"
11654,"Name,Goals"
11655,Headquarters
11656,"No.,Outcome"
11657,"Rank,Name"
11658,"Year,Result"
11659,Opponent
11660,Site
11661,Date
11662,"Women's winner,Women's runner-up,Score.1"
11663,Population
11664,Date Joined
11665,Episodes
11666,"Film,Role"
11667,Year
11669,"Winner,Team"
11670,"Team,Seasons"
11671,Location
11672,"Name,Profession,Hometown"
11673,"Opponents,Score"
11674,"Season,Overall Record"
11675,Gold
11676,Quantity
11677,Date built
11678,Number
11679,"Won,Matches"
11680,Height
11682,"Position,Length [km]"
11685,Percentage
11686,Part
11687,Tournament
11688,"Winner Candidate,Margin"
11689,"Home team,Away team,Score"
11690,"Landmark name,Summary"
11691,"Award,Category,Result"
11692,"McCain%,McCain#"
11693,Head Coach
11694,"Party,Seats"
11695,"Year,Winner"
11697,"Opponent,Score"
11698,"Site,Attendance"
11699,Jamo
11700,Details
11701,Persian unit
11702,"Title,Release"
11703,"Team 1,Team 2"
11704,Model
11705,"Year,Player"
11706,Driver
11707,Time
11708,Chart Position
11709,"Date,Result"
11710,County
11711,#
11712,"Driver,Points"
11713,Position
11714,Gold
11715,"Year,Album"
11716,Theme
11718,"Reason for Award,Awarding Body"
11720,"Channel,Role"
11721,"Spirits,Rank.2"
11722,"Name,Left Office"
11723,"Driver,Team"
11724,"City,Incorporation date"
11725,"Code,District"
11726,"County,Votes.1"
11727,"Artist,Title"
11728,Gold
11729,"Train,Top speed (km/h)"
11730,"Rank,Athlete"
11731,"Nationality,Fate"
11732,"80 yd (73 m),60 yd (55 m),50 yd (46 m),40 yd (37 m)"
11734,"Player,Date signed"
11735,Cup
11737,"Athlete,Time"
11738,"Municipality,Interescting highway"
11739,Original air date
11740,"Year,Position,Venue"
11741,"Parish,Closed"
11742,"Year,English title"
11743,"Date Start,Date Finish"
11744,"Secretary of State,Prime Minister"
11745,"AIRLINE,ICAO"
11746,"Outgoing manager,Replaced by"
11747,"Rank,Nation"
11748,Language
11749,"Rank,Athlete,Nationality"
11750,"Ethnicity,None / Atheism"
11751,"Date,Opponents"
11752,"#,Date,Visitor,Score,Home,Record"
11753,#GM
11754,Profession
11755,"Pos,Team"
11756,"Place,Population"
11757,"Player,Points"
11758,"Year,International passengers"
11759,Gold
11760,Established
11761,Number of stars
11762,"Driver,Points"
11763,Locomotive
11764,Year
11765,Partner
11766,Result
11767,#
11768,Notes
11770,Charter
11771,"Election year,# of party list votes"
11772,"No.,Outcome"
11773,Year
11774,Result
11775,Venue (Location)
11776,Time
11777,"Company,Name"
11778,Subject
11779,"Venue,Crowd,Date"
11780,"Player,Height"
11781,Area Acres
11782,Opponent
11783,"Year,Film"
11784,"Best,Location"
11785,"Player,Total"
11786,Judge
11787,"Rank,Name"
11788,"Model,Origin"
11790,Isolation
11791,Total Rank
11792,"Worst dancer(s),Worst score"
11793,Winner
11794,"Nation,Gold"
11795,"Region,Date"
11796,Date
11797,"Visitation (2009),National park"
11798,Tally
11799,km
11800,"Award,Category,Title"
11801,"Year,Actor,Role"
11802,Victor
11803,Outcome
11805,Sales
11806,"Rank,Time"
11807,"Rank,Name,Nationality"
11808,Hometown
11809,"Opponent,Week,Date"
11810,"Category,Speed (km/h)"
11811,"Parishes,Jurisdiction"
11812,"Opponent,Result"
11813,"Year,Player"
11814,Model
11815,"No.,Player"
11816,"Winner,Track"
11817,"Opponent,Date"
11818,Took office
11819,Poetry Prize
11820,"Tonnage,Ship"
11821,"Date Start,Date Finish"
11822,"Position,Club"
11823,"Nation,Bronze"
11824,"Athlete,Shooting Score (pts)"
11825,"Ranking,Company"
11826,Year
11827,Result
11828,Municipality/Communes
11829,Result
11830,"Act,Year signed"
11831,Regular Season
11832,"Year,Competition,Position"
11833,Month
11834,Place
11835,"Name,Years connected"
11836,"Horse,Trainer"
11837,STS Number
11838,Place of Conference
11839,"Year Built,Works Number"
11841,"Format,Artist,Release title"
11842,Nation
11843,Player
11844,Strike Rate
11845,"Height ft (m),Years as tallest"
11846,Election
11847,"Div Sec Division,Admin District"
11848,Comment
11849,"Version,Comment"
11850,H / A
11851,Score
11852,"Opponent,Result"
11853,Site
11854,"Men,Women,Sport,Sport.1,Sport.2,Sport.3,Sport.4,Sport.5"
11855,Length
11856,"Date,Visitor,Home,Score"
11857,"Rank,Census subdivision"
11859,"Wrestler,Eliminated by"
11860,"Nationality,From"
11861,"Driver,Entrant"
11862,"Community,Airport name"
11863,Gold
11864,Platform
11865,"Event,Date"
11866,"Visitor,Home"
11867,Player
11868,"Contestant,Height"
11869,"Team,Time"
11870,"Event,Winner"
11871,TV
11873,"Year 1958,Role"
11875,"Position,Team"
11876,Wins
11877,Result
11878,"Service,Analogue availability"
11880,"Year,Role"
11881,"Title,Year"
11882,UK Singles Chart position
11884,"Act,# Albums released under Bad Boy"
11885,"Date,Attendance"
11886,"City,Round 5"
11887,Competition
11888,Displacement
11889,"Points defending,New points"
11890,"Rank,Athlete"
11891,Round
11893,"Year,Title"
11894,"Name,Club,Date of departure,Replacement"
11895,"District,Abbreviation"
11896,"Courthouse,Jurisdiction"
11897,Team
11898,"Round,Country,Circuit"
11899,Capacity
11900,Winning Captain
11901,"Outgoing manager,Date of vacancy"
11902,"Stadium,Capacity"
11903,"Driver,Year"
11904,"Rider,Manufacturer,Time/Retired"
11905,Game site
11906,"Community,Target date"
11907,"Rank,Nation,Total"
11908,Time
11909,"Pump type and source,85 °C (e.g. radiator and DHW)"
11910,"Winner,County.1"
11911,"Date,Opponent,Score"
11912,"Name,Nationality"
11913,"Area served,City of license"
11914,Opponent
11915,Title
11916,"Ethnicity,Islam"
11918,"Tier,Division"
11919,"Winner,Season"
11921,Year of Election
11922,"Name,Rank"
11923,"Athlete,#"
11924,Laps
11925,Time / behind
11927,"Township,Land area (mi²)"
11928,Birth date
11929,Points
11930,Attendance
11931,Year
11932,"Name,Full name,Goals"
11934,"Nation,Bronze"
11935,"Rank,Presenter"
11936,"Winner,Result"
11937,Wins
11938,Fastest lap
11939,"Year,National Champion"
11940,"Opponent,Score"
11941,"Result,Home/Away"
11942,"Device,Interface"
11943,"Show,Role,Notes"
11945,Total GDP (nominal) (billion US$)
11946,"Original air date,Title"
11947,Player
11948,"Gold,Silver,Bronze"
11950,Name
11951,"Poland,Sudetendeutsch"
11952,"State,Last execution date"
11953,"Year,City"
11954,"Year,Platform"
11955,"Outcome,No."
11956,"Employer,# of Employees"
11957,Score
11958,"Bronze,Nation"
11959,Runner-Up
11960,Year
11961,Land area (km²)
11962,"From,To"
11964,"Home/Away,Result"
11965,Peak chart positions US
11966,Rank
11967,"Rank,Athlete"
11969,"Title,Platforms"
11970,"Rank,Name"
11971,"Year,Rank"
11972,"Peak Name,Notes"
11973,"Name,Party,Took Office,Left Office"
11974,"Team,Number"
11975,Goals Scored
11976,"Year,Opponent's Conference"
11979,"Gold,Silver,Bronze"
11981,"Rank,Name"
11982,"Gold,Silver,Bronze,Total"
11983,"Round,Pick,Player"
11984,"Name,Replacement,Date of appointment"
11985,"Name,Location"
11986,"Genre,Date"
11987,# of prisoners designed for
11988,2015
11989,"Rank,Name"
11990,Year appointed
11991,"Place,Player"
11992,"Pct.,Coach"
11993,Time (hand)
11994,Year
11995,"Service,Bit rate"
11996,DVD Title
11998,"Publisher,Developer"
11999,Place
12000,"Venue,Event,Notes"
12001,"Date,Venue"
12002,Intersecting road
12003,"Gold,Silver,Bronze,Total"
12004,"Race 1 Time,Race 2 Time"
12005,"Win,Save"
12006,Model
12007,Points
12009,"Home,Score.1"
12010,Score
12011,"Year,Award,Result"
12012,Attendance
12013,Stadium
12014,Competition
12015,Air Date
12016,Public Access
12017,Birth Date
12018,Result
12019,"Name,First elected"
12020,Runner-ups
12021,"Year,Album"
12022,Scorers
12023,"Week,Winning Couple"
12024,"Name,Nationality"
12025,"Name,Games"
12026,Population (As of 2011)
12027,"Season,Head Coach,Conf.,Overall"
12028,"Dress colour,Finalist"
12029,Asian
12031,"No. of Barangays,City/Municipality"
12032,Date/time
12033,Status
12034,Date
12035,"Name,Party"
12036,Year
12037,"Date,Attendance"
12038,"Year,Competition,Venue"
12039,"Artist(s),Album"
12040,Date
12041,Result
12042,Perfect Fifth
12043,"Separation (arcsec),Separation (au),Most Recent Position Angle,Period (years),Semi-major axis (arcseconds),Notes"
12044,Racing series
12045,"Nation,Total"
12046,Car
12047,Result(s)
12048,Chart positions
12049,"Opponent,Method,Event,Date,Location,Notes"
12050,Directed by
12051,"# of seats available,Year of election"
12052,max. depth in meter
12053,Driver
12054,Points
12055,Institution
12056,"City/Municipality,City/Municipality.1"
12057,Result
12058,PBA team
12059,Lost
12060,Date
12061,Division
12062,Total Seats
12063,"Stage,Winner"
12064,"Outcome,No."
12065,A Technical
12066,"Title,Year"
12067,"Mission result,Name"
12068,Date signed
12069,Team
12070,Place
12071,Pole Position
12072,Spectators
12073,"Age,Name"
12074,"Year,Total,Hungarians"
12075,"Year,Matches"
12076,"Home Team,Away Team"
12077,Name
12078,Shipyard
12079,"Award,Result"
12080,Cylinders
12081,"Name,Nationality"
12082,"Mountain Peak,Mountain Range"
12083,"Main author,No. of patients"
12084,"Year,Venue"
12085,Propulsion
12086,Scorers
12087,"kW,BBCA,Transmitter"
12088,"Region,Date"
12089,Laps
12090,"Rank,Mountain,Parent mountain"
12091,"Year,Pos."
12093,Year
12094,"Year,Film,Publisher,Director,Distributor,Worldwide Gross,Notes"
12095,Year
12096,"Score,Result"
12097,"Driver,Co-driver"
12098,Network
12099,"Award,Recipients and nominees"
12100,Districts
12101,Date
12102,Status
12103,"Winner,Album"
12105,"Date,Race Name"
12106,"Tournament,Score"
12107,Venue
12108,Venue
12109,Name
12111,"Date,Score"
12112,"Title,Release date"
12113,"Date,Home,Pts"
12114,"Temperature range,USDA recommended"
12116,Tournament
12117,"Position,Player"
12118,"Year,Role"
12119,"Title,Year"
12120,Winning team
12122,Ship
12123,"Home team,Away team"
12124,Playoffs
12125,Gold
12126,Date
12127,"Date of vacancy,Date of appointment"
12128,Points
12129,Released
12130,Name
12131,"Team,Drivers"
12132,Album#
12133,Points
12134,Score
12135,"Pitcher,Opponent,Location"
12136,"Winner,Score"
12138,"Ch.Wins,Promotions,Relegations"
12139,Points
12140,Treaty
12141,"Location,City"
12142,Enrollment
12143,Losses
12144,"Date,Attendance"
12145,"Model name,Height"
12146,"Cyclist,Team"
12149,Distance at maximum (LY)
12150,"Year,Event"
12151,"Week,Opponent"
12153,Date of Award
12155,"Competition,Notes"
12156,Name
12157,Driver
12158,Matches
12159,"Directed by,Title"
12160,"Airport,Begin,End"
12161,"Political party,Ministry"
12163,"Date,Comments"
12164,"Song,Singers"
12165,Served
12167,Winner
12168,Festival
12169,Team
12170,"Name,Nationality"
12171,"City,Population (2010 Census)"
12172,Laps
12173,"Year,Title"
12174,Computing mechanism
12175,"Represent,Age"
12176,Goal Difference
12179,President's Party
12181,Song
12182,Area (km²)
12183,"Present location,Comments"
12185,"Nationality,Notable as"
12186,Time
12187,"Nation,Gold"
12190,"Height m (ft),Completed"
12191,"Player,Nationality"
12192,"Year,Show"
12194,"Term (French),Description"
12195,Competition
12196,"Date,Attendance"
12197,"Totora Municipality,Pocona Municipality"
12198,Time
12199,"Registration of a minor child,Year"
12202,"Opponent,Venue"
12203,Engine
12204,"County,Percentage"
12205,"Season,Tier"
12206,"Incumbent,Appointed Successor"
12207,"Player,High Checkout"
12208,Qualifying Rank
12209,Height (ft)
12210,Population density (/mi²)
12211,Record
12212,"Year,Original title,English title"
12213,Established
12214,Titles
12215,"Year,Team"
12216,"Financial year,Net profit"
12217,"Formula,symmetry"
12218,Area (km²)
12219,"Venue,Notes"
12220,"Country,Rank"
12221,"Driver,Pos"
12222,"Nation,Silver"
12223,"From,Name"
12224,"Player,Height"
12225,"Race Name,Location,UCI Rating"
12226,"Name,Location,County,Order,Year dissolved"
12227,"Season,Gold"
12228,Rank
12229,Wins
12230,Launch year
12231,"Township,Population"
12232,"Title,Developer"
12233,"Opponent,Date"
12234,"Dates,Location"
12235,Postal Code
12236,Captain
12237,Rank
12238,"Title,Genre"
12239,"Rank,Athlete"
12241,"Name,Nationality"
12242,"Name,Nation"
12243,"Position,Swara"
12244,"Name,Party,First elected"
12245,"Date(s),Designated"
12246,Date
12247,"Year,Position"
12248,"Est. building cost,Name"
12249,"Player,Total"
12250,"Home team,Away team"
12251,Kickoff
12252,Player
12253,"Year,Event,Notes"
12254,"Length,Stations"
12255,Date
12256,"Language,percentage (%)"
12257,Years reigned
12258,"Pennant,Name"
12259,Species
12260,"Area,Seven wonders covered"
12261,Weight (kg)
12262,"Date,Subject"
12263,"Score,Brazil scorers"
12264,Team
12265,"Nation,Bronze"
12266,"Pick #,Player,Position,Nationality"
12267,"Original work,Liszt work"
12268,Network name
12269,Attendance
12270,"Temple name,Personal name"
12271,"Player,Total"
12272,"Year,Starters"
12273,"Took office,Left office"
12274,"Winners,Year"
12275,Opponent
12276,"Event,Notes"
12277,"Height,Player"
12278,Fate
12279,"Year,Japanese title"
12280,"Team #1,Team #2"
12281,Name(s)
12283,Design
12284,Aggregate
12285,"Name,Time"
12286,"Sheriff,Sheriff.1,Start of term,Start of term.1"
12287,Developer
12288,"Winners,Years Won"
12289,Number of copies
12290,Week (Stage)
12291,Result
12292,"Year,Outcome,Opponent,Score"
12293,"Year appointed,Name"
12294,Nationality
12295,"Election,Seats in the parliament"
12296,"Temple name,Relationship"
12297,"Name,College,Years"
12298,"Version,Comment"
12299,"Carries,Location"
12300,Pos.
12301,"Whitworth size (in),Core diameter (in)"
12302,"Flower colour,Name"
12303,"Gold,Nation"
12305,Opponent
12306,no
12307,"Gold,Silver,Bronze,Total"
12308,Total
12309,"Nations,Games"
12310,Men's winner
12311,Area (km²)
12312,Score
12313,Laps
12314,"Year,Player"
12315,"Winner,Score,Runners–up"
12316,Release
12317,Date
12318,Opponents
12319,Opponent
12320,Competition
12321,"Wrestler,No. of reigns"
12322,"Ohio/Miss. River Confluence Phases,Ohio/Miss. Dates"
12323,"Place,Player"
12324,"Season,Place"
12325,Date and Time
12326,Points
12329,"Year,Species,Location grown,State"
12330,"Name,Signed from"
12331,"Season,Color commentator(s)"
12333,Name
12334,"Seats,%"
12335,"Year,Independent / Other"
12336,Population
12337,Music
12338,"Altitude (m),Name"
12339,Time
12340,"Year,Sacks"
12342,Floors
12343,Result
12344,"Title,Actor/Actress,Gross"
12345,Studio
12346,"Winning team,Year"
12347,Pennant
12348,"Title,Network"
12349,Total
12350,Points
12352,"Award,Category"
12353,"Year,Regular Season"
12354,"P.S. #,Year Closed"
12355,Status
12356,Car
12357,"Speed (km/h),Category"
12358,"Township,Water area (mi²)"
12359,"Gold,NPC"
12360,Greek League
12361,"Year,Placement in Miss Pokhara"
12362,"Defendant,Arrested"
12363,"Gold,Silver,Bronze"
12364,Margin of victory
12365,"Developer(s),Title"
12366,"Date,English title"
12367,"Wins,Club"
12368,"Title,Year"
12369,"Name,Number"
12370,"Position,League.1"
12371,"Sport,Silver"
12372,"Status,Title"
12373,Result
12374,"Location,Destinations"
12375,Opponent
12376,"Vacator,Reason for change,Successor"
12377,Individual stations
12378,"Name(s),Owner"
12379,"Date,Result"
12380,Stage
12382,Score
12383,"Opponent,Result"
12384,"Plant name,Location"
12385,Innings
12386,"County,Seymour"
12387,Floors
12388,Time
12389,"Defendant,Charge,Result,Sentence"
12390,Gold
12391,"Player,Legs Won"
12392,Deficit
12393,Date
12394,"Nation,Gold"
12395,attendance
12396,"Year,Top 10s"
12397,"City,Incorporation date"
12398,Opponent
12399,"Pos,Driver"
12400,"Position,Event"
12401,"Year,Position"
12402,"Year,Winner"
12403,"Medal,Sport,Event"
12404,"Rank,Name"
12405,Country
12406,Owner
12407,"Year,Yards"
12409,Live births
12410,"Race Title,Date"
12411,Liveshow Audience Millions
12412,Team
12413,"Player,Pos"
12414,"Gold,Silver,Bronze"
12415,Ski time
12416,Plant name
12417,Duration of follow-up years
12418,Result
12419,"Channel,Serial Name"
12420,Network
12421,"Wrestler,No. of reigns"
12422,"Year,Position"
12423,"Title,Year"
12424,"Belt Alternate 1,Belt Alternate 2,Belt Alternate 3,Belt Alternate 4"
12425,"Rider,Points"
12426,Population estimate (2011)
12427,"Name,Last elected"
12428,"Release date,Album"
12429,Club
12430,"Rider,Laps"
12431,Position
12432,"Title,Role"
12434,"Year,Number of contestants"
12435,"Role,Notes"
12436,"Winner,Album"
12437,Release
12438,"Rank,Name,Nationality"
12439,Area (km2)
12440,"Nation,Total"
12441,"Name,Time"
12442,Location
12443,"Population (2005),Population (2008),Population (2009)"
12444,Reason for change
12445,"Outcome,Date,Opponent in the final,Score"
12446,"Country,2000"
12447,Venue
12448,Operator
12449,Name
12450,"Silver,Nation"
12451,"Pos.,Athlete"
12452,"Driver,Grid"
12453,"Model,Type"
12454,"City,Passengers"
12455,"Season,North"
12456,"Date,Opposition"
12457,Graduate enrollment
12458,"Competition,Venue"
12459,Signing price
12460,Purse ($)
12461,Core diameter (in)
12462,Office
12464,Location
12465,"South or west terminus,North or east terminus"
12466,"Date,Opponent,Result"
12467,"Beer,Spirits"
12468,"Yacht,Launch year"
12469,"City/county,Population served,Web site"
12470,"Rank,Nation,Gold"
12471,Flag bearer
12472,"Tournament,Location"
12473,"Source,Publication date"
12474,Winner
12475,"Year,City,Country"
12476,"Year,Playoffs"
12477,Event
12478,Time
12479,Division
12480,"Name,Year Built"
12481,"Year,Title"
12482,Second
12483,Winners
12484,"Year,Film"
12485,"Date,Opponent,Score"
12486,"Date,Attendance"
12488,Result
12489,"Year,Film"
12490,"Symbol,Description"
12491,Team
12492,"Year,Kickoff Attempts"
12493,Location
12494,"Home team,Score,Away team"
12495,Number
12496,"Census subdivision,Type"
12497,Tournament
12498,Laps
12499,"Rank,Athlete"
12500,"Date,Opponent"
12501,"Year,Team,Games"
12502,"Date,Attendance"
12503,"Circuit,Winning Rider"
12504,"Date,Venue"
12505,"Year,Location,Gold"
12506,"Name,Lifetime"
12507,"Home team,Away team"
12508,Position
12509,"Gold,Silver,Bronze"
12510,"Nation,Silver"
12511,Province
12512,"Nation,Gold"
12513,Area
12514,"Driver,Engine"
12515,"Formed,Eliminated"
12516,"Feb,Mar"
12517,"Team #2,1st leg,2nd leg"
12519,"interval name,size (cents)"
12520,Release date
12521,"Year,Total"
12522,"Location,Surface"
12523,"Silver,Bronze"
12524,"National Team,Number of stars"
12525,"Nation,2009"
12526,"Season,Place"
12527,"City,Passengers"
12528,"Location,Ship"
12529,"Name of President,Year of Presidency"
12531,"Peak chart positions US,Peak chart positions US Rap"
12532,"Element,Observed or predicted"
12533,Attendance
12534,"Nation,Gold"
12535,Flash size
12536,Venue
12537,Time
12538,Save
12539,"Tournament,Year"
12540,Week
12541,"Date,Runner(s)-up"
12542,"City,Home team"
12543,"Episode title,Ratings"
12544,Player
12545,"Home stadium,Average attendance"
12546,"Area km2,Population"
12547,"Department,Total Deputies"
12548,1956
12549,Opening date
12550,"Stadium,Capacity"
12551,"Employer,# of Employees"
12552,Vacator
12554,"Rank,Nation"
12555,"Rank,Name,Year"
12556,"Employer,# of Employees"
12557,"Tournament,Venue"
12558,"Year,Driver"
12559,Date
12560,"Competition,Position"
12561,"Tribunal,Number of autos da fe"
12562,Time
12563,Drivers
12564,"Playoffs,Open Cup"
12565,Status
12566,"Municipality/Communes,Voter Turnout"
12567,Employees
12568,Info
12569,"Nationality,Rank,Heat"
12570,"Name,Appearances"
12571,"Year,Numer of Jamaicans granted British citizenship"
12573,Driver
12574,Winner
12575,"Year,Competition,Venue,Position,Event,Notes"
12576,"Year,Player"
12577,"Number,Name,Team"
12578,"Location,City"
12579,"Won,Draw,Lost"
12580,"Displacement,Name"
12581,Games
12582,"Year,Category,Series"
12583,"City,Opponent"
12584,"Outgoing manager,Date of vacancy"
12585,Country
12586,"Nationality,Name"
12587,Rank#
12588,Bronze
12589,College
12590,Total
12591,"Year,Competition,Venue,Event"
12592,"Winners,Runners-up"
12593,"Driver,Chassis"
12594,"Result,Home/Away"
12595,"Award,Film,Result"
12596,Present location
12597,Nationality
12598,Xbox 360 release date
12599,Time
12600,"Country,Ship,Class / type"
12601,Number of episodes
12602,Population
12603,Gold
12604,Label
12605,"Opponent,Date"
12606,"TV,Race Title"
12607,"Season,Head Coach,Conf.,Overall"
12608,Named for
12609,Σ Points
12610,"Year,Regular Season,Playoffs"
12611,Land area km² (sq mi)
12612,"Depth (m),Terminal"
12613,Total
12614,"Model,Origin"
12615,"Location,Call sign"
12616,"Athlete,Nationality"
12617,Goals
12618,"Date,English title"
12619,"Location,Name"
12620,"Pollutant,Petroleum Coke-fired"
12621,"Crop factor,Type"
12622,"Date,Attendance"
12623,"Date,Opponent,Score"
12624,"East Superleague,East Premier League,East Region South Division,East Region Central Division,East Region North Division"
12625,Score
12626,Bronze
12627,"Obama#,McCain#,County"
12628,"Album,Year"
12629,"Title,Year,Platform"
12630,"Season,Place"
12631,"Wins,Matches"
12632,Date
12633,"35 °C (e.g. heated screed floor),Pump type and source"
12634,"Year,Driver"
12635,Forces
12636,"Code,Year"
12637,"Name,Previous Team(s)"
12638,Date
12639,Date
12640,Release
12641,Gold
12642,"Network,Viewers (millions)"
12644,"State,Title,Entered office"
12645,"Position,Name"
12646,Name
12647,No. in season
12648,"Selection,Player"
12649,Completed
12650,"Title,Budget"
12651,"Community,Currency"
12652,Division
12653,"Host,Silver"
12654,"Code,Year"
12655,"Title,Representative"
12657,"Year,Author,Illustrator,Title,Publisher"
12658,"Team,No"
12659,Moved To
12660,Population
12661,"Material,Thermal Cond."
12662,"National Team,Number of stars"
12663,"Women's winner,Edition,Year"
12664,"Name,Years until mandatory retirement"
12666,Chassis
12667,Date
12668,Year
12669,"Name,Last elected"
12670,"Event,Date"
12671,"Birthdate,Name"
12672,Attendance
12673,Competition
12674,"Version,Length"
12675,Reason for termination
12676,Name
12677,"Rider,Manufacturer"
12678,Dead
12679,"Denomination,1870,1880,1890,1900,1910,1920,1930,1941,1949,2001,2011"
12681,"Cyclist,UCI World Tour Points"
12682,"Name,Moving from,Transfer window"
12683,"Year,Winner"
12684,Ecclesiastical Jurisdictions
12685,Average
12686,Name
12687,Bronze
12688,"Wrestler,Eliminated by"
12689,Status
12690,"Role,Director"
12691,Women
12692,Votes
12693,"Stage,Reason"
12694,"Date,#"
12695,"Opening date,Closing date"
12696,"Competition,Position"
12697,Duration of follow-up years
12698,Player
12699,Championship
12700,"Color,Painter"
12701,"Title,Date of creation"
12702,"Event,Athlete"
12703,Flower type
12704,"Religious group,Population %"
12705,"Team,Name"
12706,"Nation,Silver"
12707,Release Date
12708,"Outcome,Date"
12709,Player
12710,Gold
12711,"Pos,No,Rider"
12712,"Area Acres,Public Access"
12713,"Team,Laps"
12716,Date
12717,"Name,Date,Location"
12718,"Ship Name,Type"
12719,Opponent
12720,Winner
12721,"Opponent,Result"
12722,Election Year
12723,Venue
12724,"Gold,Silver,Bronze"
12725,"Home team,Away team"
12726,"Year,Film"
12728,"Against,Win %"
12729,"Place,Team"
12730,Site
12731,"City,Population"
12732,"Opponent,Competition"
12733,"Stadium,Capacity"
12734,"Year,Film"
12735,Score
12736,Result
12737,"1993,1996,1999,2007,2011,2015"
12739,"Championship,Outcome"
12740,Number of counties
12741,"Persian unit,Relation to previous unit"
12742,Director
12745,"Polling Firm,Favor"
12746,Attendance
12747,"Place,Player"
12748,Stage
12749,"Year,Notes"
12750,"Gold,Nation"
12751,"Current Use,Info"
12752,"1995,2004,2005,2006,2007"
12753,Finalists
12754,"Year,Title"
12755,"Ring name (Birth name),Notes"
12756,"Partner,Outcome"
12757,Date
12758,"Year,Runner-up"
12759,"Name,Service period,# used"
12760,"Song,UFO Radio Top 15"
12761,"Municipality,Established"
12762,"Release,Title"
12763,"Position,Driver,Car"
12764,Result
12765,"Squad #,Position"
12767,"Date,Opponent#,Rank#,Site,Result"
12768,"State,Last execution date,Method"
12769,attendance
12770,Name
12771,"Screens,Circuit"
12772,"Mine,Town"
12773,"Home team,Away team"
12774,"Contestant,Age"
12775,Athlete(s)
12776,"Laps,Team"
12778,Driver
12779,"Song,Artist(s)"
12780,"Year,Winner"
12781,Tournament
12782,Years
12783,"km,Municipality"
12784,"North,South,East,West"
12785,Winning Years
12786,"Nation,Bronze"
12787,"Season,Division"
12788,No. of villages
12789,Date
12790,"Rd.,Winning Driver"
12791,"DVD Title,No. of Ep."
12792,Name
12793,"Driver,Points"
12794,Gross
12795,"Score,Score"
12796,Vacator
12797,"Goal,Opponent"
12799,Score
12801,"Title,Role,Notes"
12803,Fee
12805,"Goals against,Goals for"
12806,Result
12807,"Canton,Population (As of 2005)"
12808,"Name,Location"
12809,"Bronze,Athlete"
12810,Population
12811,Dwellings (2012)
12812,Name
12813,"Pos,Points"
12814,"Formed,Eliminated"
12815,Released
12816,Location
12817,"District,Population (As of 2011)"
12818,Name
12819,Gold
12820,Year
12821,"Species,Country of origin"
12822,"Conservative councillors,Labour councillors,Independent councillors,Liberal councillors"
12823,"Rank,Cyclist,Laps down"
12824,Score
12825,Final Points
12827,"Scored,Date"
12829,"Season,Club,Goals"
12830,"Athlete,Riding Penalties (pts)"
12831,Building Status
12832,"Rank,Country"
12833,"Name,Birth Date"
12834,Type
12835,Result
12836,EGOT completed
12837,Attendance
12838,"Player,Nationality"
12839,"Class / type,Country"
12840,Year
12841,Men's runner-up
12842,"Miss Northern Ireland,Hometown"
12843,"#,Date"
12844,"Player,High School"
12845,"Reason for Vacancy,Incumbent"
12846,"Title,Year"
12847,Forces
12848,Surface
12849,"Year,Role"
12850,"Place,Matches,Won,Lost,Difference"
12851,Result
12852,"Season,Round"
12853,Points
12855,Album / Name
12856,"Player,Transferred to,Date"
12857,Scorers
12858,"Team #1,Team #2,1st match,2nd match"
12859,"School Year,Class A,Class AA,Class AAA,Class AAAA,Class AAAAA"
12860,Height
12861,Race Title
12862,First public release date (First edition)
12863,Engine
12864,Artist
12865,"Opponent,Score"
12866,"Year,Player"
12867,"Institution,Location"
12868,"Version,Development cycle"
12869,"District,Representative,Residence"
12870,"Visitor,Score"
12871,"Season,Tier,Place"
12872,Venue
12873,"Engine,Team"
12874,Title
12875,"Site,Result"
12876,"President,Tenure"
12877,Date
12878,"Date/time,Foe"
12879,"Season,Position"
12880,Country
12881,Speed (km/h)
12883,2nd Leg
12885,"Years,Pct"
12886,Title Reign
12887,Date
12888,"Old municipalities,New municipality"
12889,"Competition,Goals"
12890,Category / Type
12891,"Sent Home,Name"
12892,Year
12893,"Competition,Year"
12894,"Record,Result"
12895,Result
12896,"Team,Domestic tournament"
12897,Network
12898,"Head Coach,Season"
12899,Years reigned
12900,"Date,Result"
12901,Country
12902,"City,State,Percentage"
12903,Attendance
12904,Notes
12905,Matches
12906,Result
12907,"City,County(ies)"
12908,"Date,Outcome"
12909,"Driver,Team"
12910,"Division,Level"
12911,Withdrew due to
12912,EGOT completed
12913,Enrollment
12914,"Player,Win %"
12915,"Ritu,Gregorian month"
12916,Location
12917,Result
12918,"Year,Long"
12919,Time
12920,Date
12921,"Rider,Manufacturer"
12922,"Version,Comment"
12923,"Nation,Bronze"
12924,Name
12925,Birth Date
12926,Location
12927,"Party,Representative"
12928,"Tribunal,Number of autos da fe"
12929,"Name,Profession,Hometown"
12930,Winning Driver
12931,Sentence
12933,Name
12934,"Date,Score"
12935,"Player,Games started"
12936,"Year,Laetare Medalist.1,Position.1"
12937,Date
12938,"No.,President served under"
12939,"Year,Album"
12940,"Player,Pick"
12941,"Province,Density"
12942,Join Year
12943,"Riding Penalties (pts),Total"
12944,"Brand,Therapeutic area"
12945,"Date,Attendance"
12946,"State,Name"
12947,"Winner,Name"
12948,Date signed
12949,"Athlete,Time"
12950,ZIP code Lower
12951,"Multiplayer Map(s),Spec Ops Mission(s),Face Off Map(s)"
12953,"Season,Place"
12954,Opponent
12955,Date
12956,"Event,Casualties"
12958,Township
12959,Player
12960,"Goal,Opponent"
12961,"Competition,Opponent"
12962,"Title,Year"
12963,Victor
12964,Result
12965,"Venue,Date"
12966,"Title,Year"
12967,Engine
12969,Nationality
12970,Round
12971,"City,Passengers"
12972,Opponent
12973,"Time,Name"
12975,Population (2010 census)
12976,"Year,Regular Season"
12977,EGOT completed
12978,Order
12979,"Employer,# of Employees"
12980,"Canton,District"
12981,"Result,Work"
12982,"EEPROM,SRAM"
12983,Builder
12984,"Tournament,Assists per game"
12985,Country
12986,"Opponent,Record"
12987,"Team,Qualification"
12988,Medal
12989,"Type,Established"
12990,"Position,Notes"
12991,"Year,Award,Category,Nominated work,Result"
12992,"Party,Seats"
12993,Pos.
12994,Date of birth
12995,"Date,Opponent,Result"
12996,"Date,Attendance"
12997,Pos.
12998,"Team,Appearances Start"
12999,"District,Area (km²)"
13000,Year
13001,Season
13002,Engine
13003,"YEAR,FILM"
13004,"Number,Date"
13005,No
13006,"Date Start,Date Finish"
13007,2009–10 team
13008,"Year,Name"
13009,"Notability,Advocate"
13010,"Year,No. of Ep."
13011,Completed
13012,"Rank,Name"
13013,"Class,Type"
13014,Venue
13015,Event
13016,"Season,Movements"
13018,"Name,Role and unit"
13019,Lost
13020,"Team name,Year ended"
13021,Attendance
13022,Result
13023,Sent Home
13024,World Car of the Year
13025,"Year,Serbs"
13026,Result
13027,"Combined Tackles,Year"
13028,"Rank,Combined days"
13029,"Rank,Name"
13030,Composition
13031,"Name,Weight (kg)"
13032,Date
13033,Goals
13034,Appointed by
13035,Season
13036,"Candidate,Votes"
13037,"Gold,Nation"
13038,Event
13039,"Athlete,Nationality"
13040,"Nation,League Goals"
13041,"Competition,Score"
13042,Nationality
13043,"Area served,City of license"
13044,Surface
13045,"Place,Player,Country"
13046,"Athlete,Country"
13047,"Winner,Opponent"
13048,Nickname
13049,"Date,Opponent,Venue,Attendance"
13050,Second
13051,First year in this position
13052,Gold
13053,Opponents in the final
13054,Destination(s)
13055,Team 2
13056,"Year,Name of show,Episodes"
13057,"Party,Winner Candidate"
13058,"Date,Site"
13059,"Stadium,Capacity"
13060,Winner
13061,"Year,Result"
13062,"Airport,Passengers handled"
13063,Year completed
13064,Position
13065,Name of place
13066,"Active Voters,Inactive Voters"
13067,"Gold,Silver,Bronze"
13068,"Album,Notes"
13069,"Gold,Nation"
13070,"Venue,Notes"
13071,Country
13072,Surface
13073,Result
13074,"Country,Time,Athlete"
13075,Competition
13076,"Canton,Population (As of 2005),Date of law"
13077,Year
13078,"Number,Entered Service"
13079,"Position,Event"
13080,"Took office,Left office"
13081,"Name,Term as a Deputy Judge"
13082,Team
13083,"Prize Money,Date"
13084,Founded
13085,"BBCA,Transmitter"
13086,"Number,Builder,Type"
13087,"Gold,Silver"
13088,"Publication,Score"
13089,"Chinese,Pinyin,Cantonese Yale,Hakka pinjim"
13090,Athlete
13091,"Vacator,Reason for change"
13092,"Transfer fee,Name"
13093,Title
13094,"Year,Men's winner,Women's winner"
13095,Date
13096,Availability
13097,"Name,Last Team"
13098,"Township,Population"
13099,"State,Last execution date"
13100,Total
13101,"Director,Title,Date"
13102,Opponent
13103,Current status
13104,Sequence Identity
13105,"Seats up for election,Election result"
13106,Record
13107,"Year,Engine,Start"
13108,"Model,Length"
13110,"Best score,Worst score"
13111,"Year.1,Year.2"
13112,"Rank,Total"
13113,Country
13114,Result
13115,"Date,Result"
13116,"Year,Title"
13117,"Nation,Bronze,Silver,Gold"
13118,"Team,Qualified"
13119,Launch Date
13120,"Pos.,Notes"
13121,"Winner,Number of Votes"
13122,"Opponent,Attendance"
13123,Winner/Number of Stars
13124,"Year,Film"
13125,"Result,Opponent"
13126,"Year,Majority"
13127,"Name,Minutes"
13128,"Representative,District"
13129,"Role,Title"
13130,"Home Team,Attendance"
13131,"Mineral,Opened,Closed,Years connected"
13132,"2000,2002"
13133,Points
13136,"Candidates elected,Year of election"
13137,Time/Retired
13138,"Date,Result"
13139,Weight
13140,Venue
13141,Event
13142,"Player,Result"
13143,"President,President's Party"
13144,Days
13145,"Matches played,Name"
13146,"Year,Position"
13147,"Year,Numer of Jamaicans granted British citizenship"
13148,Area (km2)
13149,"Off,Player"
13150,"Staying councillors,Party"
13151,Name
13152,"Driver,Laps"
13154,"Year,Film"
13155,Distance (km)
13156,Floors
13157,Men's Team
13158,Silver
13159,Site
13160,"Year,Title,Developer"
13161,Name
13163,"Release date,Title"
13164,"Year,Winner,Album"
13165,"Name of place,Number of counties"
13167,"Location,City or Town"
13168,Year
13169,"Season,Bronze"
13172,"Year,Film"
13173,"2010,2011,2012,2013,2014,2015,2016,2017,2018"
13174,Constituency
13175,"Year,Film,Role"
13176,"State,#"
13177,"Institution,Enrollment"
13178,"Poetry Prize,Prose Prize"
13180,"AIAN*,NHPI*"
13181,"Name,# of prisoners designed for"
13182,"Artist,Release title"
13183,Draw
13184,"Episode,Airdate"
13185,"Seat,State"
13186,Men's winner
13187,"Capacity,Team"
13188,"Name,Time"
13189,"Gold,Silver"
13190,"Nationality,Time"
13191,"Competition,Position"
13192,"Gold,Silver,Bronze"
13193,"Team #1,Team #2,Res."
13194,Frequency
13195,Venue
13197,"Class / type,Ship"
13198,"Name,Notes"
13200,Result
13201,Varsity Sports
13202,"Club,No. of Premierships"
13203,"Score,Opponent"
13204,Attendance
13205,"Nation,Total"
13206,"Name,Notes/Events"
13208,Rank
13209,Year
13210,Publication
13211,"Event,Position,Notes"
13212,"Title,Notes"
13213,Nations
13214,"Score,Score.1"
13215,"Home team,Date"
13216,"Name,Party,Took Office"
13217,"Name,Notability"
13218,"Nation,Gold"
13219,Wins
13220,"Winner,Opponent"
13221,Opening act
13222,"Route Number,Terminals,Terminals.1"
13223,Administrative centre
13224,"Air Date,Viewers (m)"
13225,Number
13226,"Name,State"
13228,"Song,UFO Radio Top 15"
13230,"City,State"
13231,Chumps
13232,City
13233,"Album,Sales"
13234,"Personnel,Album"
13235,Genre
13236,"Winners,Year"
13237,"1st Venue,3rd Venue"
13238,Method
13239,Winner
13240,"Country,Series premiere"
13241,"Year,Winner"
13243,"President,Tenure"
13244,Successful Defenses
13245,"Nation,Silver"
13246,"Score,Score.1"
13247,"Film,Notes"
13248,"Cyclist,Team,Time"
13249,"Date of birth,Date of death"
13250,"Rank,Athlete"
13251,John
13252,"Designation,Apparent Magnitude"
13253,"Denomination,1949,2011"
13254,"Year,Open Cup"
13255,School
13256,Page
13257,"Event,Time"
13258,Established
13259,"Flight,Date"
13260,Open Cup
13261,Notes
13262,"Slogan,Serials issued"
13263,"Name,Time"
13264,Driver
13265,"Album,Label"
13266,Year built
13267,Month
13268,Platforms
13269,Artist(s)
13270,Type
13271,goals
13272,"Pos,Driver"
13273,Population
13274,"Area,State/ Province"
13275,"Time,Grid,Points"
13276,Date
13277,Playoffs
13278,"Season,Series"
13279,"Party,First elected"
13280,Team
13281,Caps
13282,"Menteri Besar,Left office"
13284,Unicode
13285,#
13286,Year
13287,"Location,Notes"
13289,"Rank,Transfer fee (€ million)"
13290,"Country/Territory,Rank"
13291,Lead
13292,2013 team
13293,Location
13294,"Result,Party"
13296,Time
13297,Attendance
13299,Pos.
13300,Losses
13301,"Unicode,Description"
13302,"Year,Role"
13303,"Event,Winner"
13304,"Number,Entered Service"
13305,Title
13306,"Temple name,Period of reign"
13307,Max speed
13308,"Gold,Silver,Bronze,Total"
13310,Pole Position
13311,"Name,Year built,Country"
13312,Last mention or demise
13313,Points
13314,"Party,Candidate,Votes"
13315,"Pos,Class,Drivers,Engine"
13317,Behind
13318,Tournament
13319,Ratings
13320,"Run 1,Run 2"
13321,"Club,Goals"
13322,First held
13323,Period (years)
13324,"Opening date,Closing date"
13325,"Venue,Score"
13326,9 Feb
13327,"No.,Date,Tournament,Margin of victory"
13328,"Model,Starting Price"
13329,Goals For
13330,"Language,Totora Municipality,Pojo Municipality,Pocona Municipality,Chimoré Municipality,Puerto Villarroel Municipality,Entre Ríos Municipality"
13331,Population
13332,Status
13333,"Year,Event,Notes"
13334,"Year,Coach"
13335,"From,Until"
13336,"Album,Record label"
13337,Result
13338,"Film,Gross"
13339,"Time,Name"
13340,Time created
13341,"High School,Join Year"
13342,"Released,Video title"
13343,Inducted for
13344,"Selection,Player"
13345,"Ship Name,In Service"
13346,Name
13347,"Year,Title"
13348,"Name,Term as a Deputy Judge"
13349,"9 Feb,Camp"
13350,"Rank,Name"
13351,"High,Team"
13352,Name
13353,Height (m)
13354,Name of ship
13355,"Party,Candidate,Votes"
13356,"Bridge name,Total length"
13357,"Operation,Date"
13358,"Year,Gross Domestic Product"
13359,"Year,National Champion"
13360,Employees
13361,"Team,Position"
13362,Sales
13363,"From,To,Name"
13364,Date
13365,"Name,From"
13366,"Year,Album,Label"
13367,"Club,Winning Years,Runner-up Years"
13368,"Released,Title"
13369,"21st,25th"
13370,"Name,Date from,Date to"
13371,"Year,Avg. Attendance"
13372,"Year,Games"
13373,Conf (Overall)
13375,"Composition,Première date"
13377,"Ethnicity,1992"
13378,Car
13379,"Name,Left office"
13380,Area (km2)
13381,"Goal,Date,Opponent"
13382,Lifetime
13383,Time
13384,"Year,Title"
13385,"Rank,Name"
13386,Season
13387,"Nation,Gold"
13388,Call sign
13389,"Mountain Peak,Mountain Range"
13390,"Name,Height"
13391,"First TOPS.2,Second TOPS.2,First TOPS.3,Second TOPS.3,First TOPS.1,Second TOPS.1,First TOPS,Second TOPS"
13392,"Date,Winner"
13393,"Year,Team"
13394,Attendance
13395,Result
13396,"#GM,#FIDE"
13397,"Took office,Left office"
13398,"Pos,Team,Chassis"
13399,"Opponent,Method,Round"
13400,Projected increase 2009–2025
13401,"Competition,Year"
13402,Score
13403,"Species,Height"
13404,Status
13405,"Winning Rider,Round"
13406,"Coach,Tenure"
13407,"Winning team,Losing team"
13408,Name
13409,"Season,Place"
13410,"Competition,Venue,Position"
13411,"Date,Result,Attendance"
13412,Country
13413,"Nation,Gold,Silver"
13414,"Tournament,Winning score"
13415,"Medal,Name,Sport,Event"
13416,"Name,Years in NBA"
13418,"Nationality,Name"
13420,Winner
13421,"Title,Album,B-sides"
13422,Face Value
13423,"Location,Number of arrays"
13424,Time
13425,Released
13426,Attendance
13427,"Name,Date"
13428,"Rank,Name,Nation"
13429,"Winning Team,Losing Team,Date"
13430,Sailor
13431,"Nation,Gold"
13432,"State,Enrollment"
13433,"Round,Player,College"
13435,Points
13436,"Country,Run 1,Run 2,Run 3,Run 4"
13437,Name
13438,Drafted by
13439,Date
13440,Victor
13441,"Nation,Bronze"
13443,size (steps)
13444,"Prev. points,New points"
13445,"Year,PPG"
13446,"Event,Notes"
13447,Name of place
13448,Diver
13450,"Nation,Silver"
13451,Year in which notified
13452,Total
13453,"Pos,Rider,Points"
13454,"Game,Year,Platform"
13455,"Rider,Pos"
13456,Outcome
13457,1948
13458,"Make,Origin"
13459,"Team,Domestic tournament,Position"
13460,Comment
13461,Date
13462,"Type,Circle"
13464,Total
13465,Total
13466,Driver
13467,"Winners,Year"
13468,Team
13469,"Award,Result"
13470,"Name,Company"
13471,Timeslot (EST)
13472,Player
13473,"International caps,Years"
13474,Points
13475,"Regular Season,Playoffs"
13476,Result
13477,Won
13478,"State,Method"
13479,Opponent#
13481,"Season,Goals"
13482,Attendance
13483,Team
13484,Playoffs
13485,"Founded,Club,Entered Competition"
13486,"Type,Last mention or demise"
13487,"City,Name"
13488,"Player,Total"
13489,"Winners,Runners-up"
13490,"Site,Result"
13491,"Attendance,Opponent,Venue"
13492,"Placement in Miss Nepal,Placement in Miss Pokhara"
13493,Sport
13494,Title
13495,"Creature (Other Planes),Page"
13496,"Rank,Nation"
13497,"Competition,Notes"
13498,Win
13499,"Film,Year"
13500,"Rank,Name"
13502,"Result,Date/time"
13503,No. of patients
13504,Fate
13505,"Venue,Capacity"
13506,Episodes
13507,Winners
13508,"Year,Place,Gold"
13509,"Opponents,Competition"
13510,"Away team,Score"
13511,Number
13512,"Year,Start"
13515,"Date,Attendance"
13516,Name
13517,"Official population,Year"
13518,"Difference,Team"
13519,"Division,Tier"
13520,Laps
13521,Interview
13522,"Primary,Other,Primary.1,Other.1"
13523,Train Name
13524,"Party,Counties Represented"
13525,Best
13526,"Name,Size"
13527,School
13528,Driver
13529,"Laetare Medalist,Laetare Medalist.1"
13530,"Away team,Date"
13531,"Rank,Time"
13532,Notes
13533,Aircraft Scheduled
13534,"Country,Rank"
13536,Location
13537,"Position,Laetare Medalist"
13538,Startup Date
13539,Time
13540,"Reign,Date"
13541,"Year,Notes"
13542,"Result,Charleston Southern's Head Coach"
13545,Opposition strength
13546,Points
13547,"Year,Game of the Year"
13549,"Title,Console"
13550,"Nation,Total"
13551,Remixed by
13552,"Year,Film"
13554,"Year,Playoffs"
13555,Points
13556,"Map or catalog,Time created"
13557,"NCAA Tournament,Years"
13558,#
13559,Airport
13560,Swimsuit
13561,Flower type
13562,Winning driver
13563,Release
13564,"Street address,Dates of use"
13565,Order
13566,Co-Drivers
13567,Crop factor
13568,"Airport,Begin"
13569,Riding
13570,B Scientific
13571,"Name,Took Office"
13572,Location
13573,West
13574,Winner(s)
13575,"symbol,name"
13576,"Title,Catalog"
13577,2014
13578,"City,Population"
13579,"Points,Team"
13580,Points
13582,Employees
13583,"Score,Record"
13584,"Rank,Nation"
13585,Date
13586,Under 18's (Bruce Wilkinson Medal)
13587,"State,Name,To"
13588,Height
13589,"Stadium,Capacity"
13590,Opponent
13591,Position
13592,Car
13593,"Name,Office"
13595,Result
13596,"Occupation,Office"
13597,"Score,Score.1"
13598,"Title,Time"
13599,Ship
13600,"Date,Casualties"
13601,"Pos.,Notes"
13602,Qual. Pos.
13603,"Rank,Nationality"
13604,"Opponent,Result"
13605,"Description,Host(s)"
13606,"City,Passengers"
13607,"Name of M.L.A.,Party Affiliation"
13608,"Song choice,Result"
13609,"Player,Transferred to,Date"
13610,Competition
13611,"Athlete,Nationality"
13612,notes
13613,Time
13614,"Winner,Location"
13615,"Constituency Number,Member of Legislative Assembly"
13616,"Date,Attendance"
13617,Released
13618,Pick #
13619,Boat Builder
13620,"Date,Opponent"
13621,"Year,Title"
13622,National Champion
13623,"Building,City"
13624,"Rank,Name"
13625,"Nation,Gold"
13626,"Year,Engine,Start,Finish"
13627,"Player,College"
13628,"Dates,Location"
13629,FILM
13630,"Total,Team"
13631,"Player,Position"
13632,"Stadium,Capacity"
13633,Term Expires
13634,Province
13635,"Party,Votes"
13636,"X Horiz Disp (mm),Location"
13637,Average
13638,Time/Retired
13639,"Wine,Total"
13640,"Pos,No"
13641,"Region,Team"
13642,Player
13643,"Province,Municipalities"
13644,"Episode title,Ratings"
13645,Origin
13646,"Player,Country"
13647,"Miss Northern Ireland,Notes"
13648,"Year,Title"
13649,"Year,Champion"
13650,"Score,Date"
13652,Town
13654,"Represented,Contestant"
13655,"City,Courthouse"
13656,"Route,Length"
13657,Date
13658,"Runners-up,Team"
13659,"Date,Name"
13660,Total
13661,Coalition for the Future
13662,"Moving from,Moving to"
13663,Opponent
13664,"Winning Years,Team"
13665,Rider
13666,Nationality
13667,Sales
13668,Year
13669,Founding Date
13670,Points
13671,Laps
13672,"Rank,Nation"
13673,Round
13674,"Deductions,Result"
13675,Driver
13676,"Nationality,Fate"
13677,Date
13679,Position
13680,"Name,Political party"
13681,Population (2005)
13683,"Nickname,Institution"
13685,"Tournament,Winner,Purse ($)"
13686,Opponent
13687,Quay cranes
13688,Drivers
13689,#GM
13690,Attendance
13691,"Year,Game"
13693,"Opponent,Score"
13694,"Title,Notes"
13695,"Ecclesiastical Jurisdictions,Established"
13696,Season
13698,"Club,Position"
13699,Première date
13700,Gold
13701,Competition
13702,"Name,Birthplace"
13703,Wins
13704,"Community,Currency"
13705,Position
13706,School
13707,"Location,Population"
13708,"Date,Result"
13709,"Driver,Team"
13710,Team
13711,TV
13712,"Club,Date of departure,Replacement,Date of appointment"
13714,Favor
13715,Tournament
13716,"Year,Position"
13717,"Employer,# of Employees"
13718,"Date,Attendance"
13720,Weight
13721,"Album/Single,Performer"
13722,Race
13723,Height
13724,Nation
13725,Brand
13726,2011
13728,"Rank,Swimmer,Country"
13729,"Opponent,Result"
13730,"Title,Year"
13731,"Year,Award"
13732,"Employer,# of Employees"
13733,"Year,Competition"
13734,Time
13735,Round
13736,"No.,Date"
13737,"Season,Pos."
13738,"Opponent,Result"
13740,"Name,Political party"
13741,Season
13742,"Stadium,Seated"
13744,"Symbol,Meaning"
13745,Year begun
13746,Height
13747,Total time in office
13748,Courthouse
13749,"Date,Opponent#,Result"
13750,"Score,Opponent,Record"
13751,"Player,Team,Date,Opponent"
13752,"Year,Show"
13753,"Winnings,Year"
13754,TV
13755,Winner
13756,"Won,Drawn"
13757,Outcome
13758,"Date,Home/Away"
13759,"Date,Competition"
13760,Title
13761,Final
13762,Event
13763,Top scorer (League)
13764,"Player,Cup"
13765,Original Artist
13766,Team
13767,"Skip,Third"
13768,Rider
13769,Time
13770,Car
13771,"Date,Result"
13772,Points
13773,"City,State"
13774,Attendance
13775,"Nation,Gold"
13776,"Name of President,Year of Presidency"
13777,Composer
13778,"Rank,Nation"
13779,Drawn
13781,Year
13782,"Event,Winner"
13783,"Pos,Driver"
13784,Sub­divisions
13785,Date
13786,"Year,Midfielders"
13787,Year
13788,Viewers (m)
13789,Input range [V]
13790,Race
13791,"Date,Opponent,Result"
13792,"Opponent,Result"
13793,"Name,Nation,Points"
13794,"Author,Illustrator"
13795,Tms.
13796,Host or site
13797,"Name,Distance"
13798,"Year,Maps"
13799,"Leading Scorer,Score"
13801,"Title,Year"
13802,"Date,Competition"
13803,"Nationality,Rank"
13804,"Team #1,Team #2,Spectators"
13806,Gold
13807,"Champion,Runner-up"
13808,"Place,Silver"
13809,"Team,Laps"
13810,"Swimmer,Note"
13811,"Driver,Constructor"
13812,"Event,Gold,Gold.1,Silver,Silver.1,Bronze,Bronze.1"
13813,"Title,Episode"
13814,Rider
13815,Year
13816,Total
13817,Population
13818,Fee
13819,"Country,Weapon designation,Quantity delivered"
13820,"Model,Starting Price"
13821,"Radio Interface,Generation"
13822,"Nation,Silver"
13823,"Year,Competition"
13824,"Nation,Silver"
13825,Time
13826,"Appointed by,Year appointed"
13827,"Nation,Bronze"
13828,Position
13829,Position(s)
13830,Images
13831,Notes
13833,Result
13834,"Date,Opponents"
13835,"Name,Date"
13836,"Pos,Team"
13837,"Date,Gain,Loss"
13838,"Act,Year signed,# Albums released under Bad Boy"
13839,Bronze
13840,"Date,Name"
13841,"Rank,Nation,Gold"
13843,"Name,slope length"
13844,Team 2
13846,"Interferometer and observing mode,Comments"
13847,"Athlete,Event"
13848,Height ft (m)
13849,"Year,Title"
13850,Sample(s)
13852,Fate
13853,"NPC,Total"
13854,Time/Retired
13855,"Player,Pos."
13856,symbol
13857,Player
13858,"Year,Winning Party"
13859,"Title,Year"
13860,Service period
13861,"Works number,Notes"
13862,Enrollment
13863,Total
13865,Played
13867,"Year,Time"
13868,Mission result
13869,"School,Enrollment (2010-11 & 2011–12)"
13870,"Code,Year"
13872,"Xbox 360 release date,PlayStation 3 release date"
13874,Goalscorers
13875,Athlete
13876,Years served
13877,"Title,Character,Episodes"
13878,Year
13879,Team
13880,Year
13881,"Coach,Tenure"
13882,"Party,Candidates"
13883,Fourth place
13885,Duration
13886,"Township,Population"
13888,Year
13889,"Rank,Diver"
13890,Ship
13891,"Rd.,Grand Prix"
13892,Opponent
13893,"Name,Nationality"
13894,Date
13895,"Service period,# used"
13896,"Year,Change"
13897,Description
13898,Year
13899,"Role,Note(s)"
13900,Award
13901,"Player,Σ Points"
13902,Competition
13903,Prion State
13904,"Year,Film"
13905,Role
13906,"2000,2001"
13907,"Season,Competition,Opponent"
13908,"Opponent,Result"
13909,"Award Ceremony,Film/Show"
13911,"Release Date,Title"
13912,Bonus
13913,"Drivers,Laps"
13914,Date
13915,"Location,Type"
13916,"Player,Score"
13918,"Nation,Total"
13919,"Name on the Register,Location,City or town"
13920,Date
13921,"Year,Game of the Year"
13922,"Rank,Nation,Gold"
13923,"Rank,Player"
13924,"Losing team,Year"
13925,Role
13926,"Location,Building"
13927,Design
13929,"Athlete,Time"
13931,Second Duma
13932,"Nation,Gold"
13933,"Name,Description"
13934,"Nation,Silver"
13935,"Engagement remarks,Battle"
13936,Result
13937,"Year,Order,Quantity"
13938,"Year,Regular Season,Playoffs,Open Cup"
13939,Date listed
13940,Skip
13941,"Title,Album"
13942,"Location,City or town"
13943,"Entered,Wrestler"
13944,Competition
13945,"Year,Liberal councillors"
13946,"Nation,Total"
13947,Men's winner
13948,"Pacific (critchfieldiana),Rocky Mountains (scopulorum)"
13949,Height ft / m
13950,"Nation,Gold"
13953,Builder
13954,"Winner,Team"
13955,"Team,TDs"
13956,Maximum magnitude
13957,"Labour councillors,Year"
13958,"Name of M.L.A.,Election Year"
13959,"Goals for,Goals against"
13961,2003
13962,Artist
13963,Result
13964,Date listed
13965,"Parish,Founded"
13966,High School
13967,"Author,Title"
13968,Marriage date
13969,"Name,Population (2005)"
13970,Height
13971,"Result,Opponent"
13972,Military service
13973,"Date,Player"
13974,"Date,Result"
13975,"Year,Notes"
13976,"Title,Performer (s)"
13977,Dates
13978,"Opponent,Competition"
13979,"Date,Result"
13980,"Completed,Name"
13981,Model
13982,"Name on the Register,Summary"
13983,Hometown
13985,"Conference,Date"
13986,Winners
13987,"Winner,Attendance"
13988,Area in km²
13989,"Introduced,Reintroduced,Retired"
13990,"Nation,Total"
13991,"Artist,Album"
13992,"Player,Pick"
13993,"Community,Population"
13994,"Name,# of prisoners designed for"
13995,"Title,Release,Note"
13996,"Year,Title"
13997,"#,Title"
13998,"Points,Driver"
13999,"Height,Birthdate,Name"
14000,Game
14001,"Year,Competition"
14002,"Team,Location"
14003,Team 2
14004,Notes
14005,Race Name
14006,"Driver,Constructor,Time/Retired"
14007,"Party,Seats"
14008,"Date,Game site"
14009,High rebounds
14010,"Driver(s),Team"
14011,Medal
14012,"Opponent#,Rank#"
14013,"Attendance,Date"
14014,"Opponent,Date"
14016,"Gold,Silver,Bronze"
14017,Away Team
14019,Halfwidth
14020,"Name of place,Counties"
14021,Average population (x 1000)
14022,"Rank,Nation"
14023,"Nation,Total"
14024,"Year,Men's winner,Women's winner"
14025,Silver
14026,Committee
14027,"Rank#,Result"
14028,Score
14029,"Composer,Title,Date,Notes"
14030,"City,Population (2001)"
14032,City
14033,"Amanda,Javine H"
14034,Total released
14035,No
14036,Population
14037,Medal
14038,Julia
14039,"Player,Position"
14040,"Home/Away,Result"
14041,"Name,Club,Date of departure"
14042,"Year,Independent / Other,Majority"
14043,Total
14044,"Place,Player"
14045,"Year,Player"
14046,Result
14047,TV Network(s)
14048,Fee
14050,"Role,Title"
14051,"Nation,Model"
14052,Club
14053,Captain
14054,Avg Attendance
14055,"Away team,Date"
14056,"Position,Pick #"
14058,"Name,Nationality,Time (hand)"
14059,"Name,Distance (km)"
14060,EEPROM
14061,"#,Player"
14062,"Rider,Total Points"
14063,Site
14064,School
14066,"Player,Pick #"
14067,"Game site,Attendance"
14068,"Date(s) administered,Rob Astorino (R)"
14069,"Rider,Time"
14070,Winners
14071,Opponents
14072,"Player,Margin of victory"
14073,"Title,Year"
14074,"Year,Course,Location"
14075,"Name,From,To,Notes"
14076,"Cyclist,Team"
14077,Nationality
14078,Exited administration
14079,"Song choice,Original artist"
14080,Mag.
14081,Opponent
14082,"Opponent#,Result"
14083,Won
14084,"Nation,Gold"
14085,"Year,Title"
14086,Description
14087,Cast
14089,"Name,Academy Award"
14090,Result
14091,Date
14093,Land area (km²)
14094,Water %
14097,"Album#,English Title,Label"
14098,"Year,Title,Role"
14099,Page
14100,"Director,Rank"
14101,"Name,Floors"
14102,"name,goals"
14103,"Constructor,Driver"
14104,Bronze
14105,Handicap (st-lb)
14106,"Round,Player"
14107,"Rank,Athlete,Nationality"
14108,"Nationality,Rank"
14109,"Date from,Date to,Name"
14110,Time
14111,"Year,Notes"
14112,"Population,Location"
14113,Winner
14114,"East Premier League,Season"
14115,Date
14116,"Nationality,Athlete"
14118,"Number,League One"
14119,Result
14120,Time
14121,Driver
14122,"Team,Stadium,Capacity"
14123,"Role,Credit"
14124,"Rider,Points"
14125,Poll company
14126,Location
14127,2011
14128,Attendance
14129,Train
14130,"National Team,First worn,Notes"
14131,"Season,Position"
14133,"Nation,Bronze"
14135,"Title,Year"
14136,"Rank,Player,Withdrew due to"
14137,Titles
14138,Completed
14139,"From,Prize Money (USD)"
14140,Finish
14141,Points
14142,Tosses
14143,Reason for change
14144,"Time/Retired,Driver"
14145,Competition
14146,"No.,Race Title"
14147,"Rank,Name"
14148,"Album,Artist(s),Sales"
14149,Rank
14151,"Driver,Entrant"
